json_file,audio_file,transcript_length,sentiment_label,sentiment_score,num_windows,embedding_dim,language
58a1fe40ea3d11000170d9b9_audio_missing_utopia_1780400221117_transcript,58a1fe40ea3d11000170d9b9_audio_missing_utopia_1780400221117.webm,456,neutral,0.5996125340461731,8,4096,unknown
58a1fe40ea3d11000170d9b9_audio_ranking_explanation_1780400149878_transcript,58a1fe40ea3d11000170d9b9_audio_ranking_explanation_1780400149878.webm,1221,positive,0.9296441674232483,22,4096,unknown
59a07638bfd73c00010ea394_audio_missing_utopia_1780152365703_transcript,59a07638bfd73c00010ea394_audio_missing_utopia_1780152365703.webm,377,neutral,0.6121746897697449,7,4096,unknown
59a07638bfd73c00010ea394_audio_ranking_explanation_1780152318767_transcript,59a07638bfd73c00010ea394_audio_ranking_explanation_1780152318767.webm,881,positive,0.7338831424713135,16,4096,unknown
5a2f1f0f2937000001eae2b1_audio_ranking_explanation_1780412917698_transcript,5a2f1f0f2937000001eae2b1_audio_ranking_explanation_1780412917698.webm,11,positive,0.8799126744270325,0,4096,unknown
5a80f74aaa46dd00016b7df9_audio_missing_utopia_1780194586719_transcript,5a80f74aaa46dd00016b7df9_audio_missing_utopia_1780194586719.webm,502,neutral,0.644285261631012,9,4096,unknown
5a80f74aaa46dd00016b7df9_audio_ranking_explanation_1780194493910_transcript,5a80f74aaa46dd00016b7df9_audio_ranking_explanation_1780194493910.webm,1563,neutral,0.5488770604133606,27,4096,unknown
5a947fb0f05361000171b5a3_audio_missing_utopia_1780410641934_transcript,5a947fb0f05361000171b5a3_audio_missing_utopia_1780410641934.webm,670,neutral,0.608494222164154,12,4096,unknown
5a947fb0f05361000171b5a3_audio_ranking_explanation_1780410564345_transcript,5a947fb0f05361000171b5a3_audio_ranking_explanation_1780410564345.webm,3083,neutral,0.5495097041130066,54,4096,unknown
5b20c0474c72120001f25d90_audio_missing_utopia_1780192544079_transcript,5b20c0474c72120001f25d90_audio_missing_utopia_1780192544079.webm,445,neutral,0.6145040988922119,8,4096,unknown
5b20c0474c72120001f25d90_audio_ranking_explanation_1780192104024_transcript,5b20c0474c72120001f25d90_audio_ranking_explanation_1780192104024.webm,793,neutral,0.6331690549850464,14,4096,unknown
5b72d3f8afce7600019fe275_audio_missing_utopia_1780413297027_transcript,5b72d3f8afce7600019fe275_audio_missing_utopia_1780413297027.webm,422,positive,0.6987399458885193,8,4096,unknown
5b72d3f8afce7600019fe275_audio_ranking_explanation_1780413249127_transcript,5b72d3f8afce7600019fe275_audio_ranking_explanation_1780413249127.webm,918,neutral,0.5760841369628906,16,4096,unknown
5bdfb648484288000130dad0_audio_missing_utopia_1780407816205_transcript,5bdfb648484288000130dad0_audio_missing_utopia_1780407816205.webm,613,neutral,0.7570604085922241,10,4096,unknown
5bdfb648484288000130dad0_audio_ranking_explanation_1780407712893_transcript,5bdfb648484288000130dad0_audio_ranking_explanation_1780407712893.webm,818,neutral,0.6249434351921082,15,4096,unknown
5c04872c55614800012b7cf0_audio_missing_utopia_1780402801135_transcript,5c04872c55614800012b7cf0_audio_missing_utopia_1780402801135.webm,594,positive,0.7972296476364136,10,4096,unknown
5c04872c55614800012b7cf0_audio_ranking_explanation_1780402729049_transcript,5c04872c55614800012b7cf0_audio_ranking_explanation_1780402729049.webm,1436,positive,0.8763476014137268,25,4096,unknown
5c40e28ffe87360001a5677e_audio_missing_utopia_1780408626900_transcript,5c40e28ffe87360001a5677e_audio_missing_utopia_1780408626900.webm,390,neutral,0.4459998607635498,7,4096,unknown
5c40e28ffe87360001a5677e_audio_ranking_explanation_1780408580755_transcript,5c40e28ffe87360001a5677e_audio_ranking_explanation_1780408580755.webm,373,neutral,0.4966890513896942,7,4096,unknown
5c84ed7d4b0de20019350e1e_audio_missing_utopia_1780454884055_transcript,5c84ed7d4b0de20019350e1e_audio_missing_utopia_1780454884055.webm,452,neutral,0.4976842403411865,7,4096,unknown
5c84ed7d4b0de20019350e1e_audio_ranking_explanation_1780454834907_transcript,5c84ed7d4b0de20019350e1e_audio_ranking_explanation_1780454834907.webm,532,negative,0.5022561550140381,9,4096,unknown
5d453e8723a5bb0001492546_audio_missing_utopia_1780342176357_transcript,5d453e8723a5bb0001492546_audio_missing_utopia_1780342176357.webm,1710,negative,0.5108774900436401,33,4096,unknown
5d453e8723a5bb0001492546_audio_ranking_explanation_1780341976945_transcript,5d453e8723a5bb0001492546_audio_ranking_explanation_1780341976945.webm,4665,negative,0.6464845538139343,84,4096,unknown
5dad4c34b3446a0015e3de93_audio_missing_utopia_1780231356650_transcript,5dad4c34b3446a0015e3de93_audio_missing_utopia_1780231356650.webm,237,neutral,0.4304516315460205,4,4096,unknown
5dad4c34b3446a0015e3de93_audio_ranking_explanation_1780231322251_transcript,5dad4c34b3446a0015e3de93_audio_ranking_explanation_1780231322251.webm,1112,positive,0.8398762941360474,18,4096,unknown
5e0e1b8800a6bf000a694f79_audio_missing_utopia_1780166362837_transcript,5e0e1b8800a6bf000a694f79_audio_missing_utopia_1780166362837.webm,114,neutral,0.8290199041366577,2,4096,unknown
5e0e1b8800a6bf000a694f79_audio_ranking_explanation_1780166335425_transcript,5e0e1b8800a6bf000a694f79_audio_ranking_explanation_1780166335425.webm,668,positive,0.6313340663909912,12,4096,unknown
5e3a8aeedc1d57292aea3f22_audio_missing_utopia_1780162994597_transcript,5e3a8aeedc1d57292aea3f22_audio_missing_utopia_1780162994597.webm,683,negative,0.6407906413078308,12,4096,unknown
5e3a8aeedc1d57292aea3f22_audio_ranking_explanation_1780162912062_transcript,5e3a8aeedc1d57292aea3f22_audio_ranking_explanation_1780162912062.webm,748,neutral,0.5199726223945618,14,4096,unknown
5e6439d24659d01c218bcbc9_audio_missing_utopia_1780404719918_transcript,5e6439d24659d01c218bcbc9_audio_missing_utopia_1780404719918.webm,504,negative,0.5536280870437622,9,4096,unknown
5e6439d24659d01c218bcbc9_audio_ranking_explanation_1780404675067_transcript,5e6439d24659d01c218bcbc9_audio_ranking_explanation_1780404675067.webm,942,neutral,0.5443332195281982,16,4096,unknown
5e7acbd0373d5e0c087a112c_audio_missing_utopia_1780178507534_transcript,5e7acbd0373d5e0c087a112c_audio_missing_utopia_1780178507534.webm,451,neutral,0.6306721568107605,8,4096,unknown
5e7acbd0373d5e0c087a112c_audio_ranking_explanation_1780178450105_transcript,5e7acbd0373d5e0c087a112c_audio_ranking_explanation_1780178450105.webm,519,neutral,0.5232706665992737,8,4096,unknown
5e84f59e965b290c42fad433_audio_missing_utopia_1780167398103_transcript,5e84f59e965b290c42fad433_audio_missing_utopia_1780167398103.webm,415,positive,0.6765143275260925,7,4096,unknown
5e84f59e965b290c42fad433_audio_ranking_explanation_1780167360237_transcript,5e84f59e965b290c42fad433_audio_ranking_explanation_1780167360237.webm,1626,neutral,0.5166742205619812,28,4096,unknown
5eeebe538b23c013d8843b85_audio_missing_utopia_1780523652246_transcript,5eeebe538b23c013d8843b85_audio_missing_utopia_1780523652246.webm,1047,neutral,0.703687310218811,18,4096,unknown
5eeebe538b23c013d8843b85_audio_ranking_explanation_1780523315956_transcript,5eeebe538b23c013d8843b85_audio_ranking_explanation_1780523315956.webm,1971,neutral,0.5852909088134766,34,4096,unknown
5f494c1ba043204912fb6be1_audio_missing_utopia_1780411709506_transcript,5f494c1ba043204912fb6be1_audio_missing_utopia_1780411709506.webm,287,neutral,0.5944830179214478,5,4096,unknown
5f494c1ba043204912fb6be1_audio_ranking_explanation_1780411648798_transcript,5f494c1ba043204912fb6be1_audio_ranking_explanation_1780411648798.webm,420,positive,0.8012601733207703,8,4096,unknown
5f4a835e9e84256238129995_audio_missing_utopia_1780335774445_transcript,5f4a835e9e84256238129995_audio_missing_utopia_1780335774445.webm,151,neutral,0.7344858646392822,2,4096,unknown
5f4a835e9e84256238129995_audio_ranking_explanation_1780335719107_transcript,5f4a835e9e84256238129995_audio_ranking_explanation_1780335719107.webm,385,neutral,0.6564902067184448,7,4096,unknown
5f50b1bbe29c992335098fb1_audio_missing_utopia_1780403581586_transcript,5f50b1bbe29c992335098fb1_audio_missing_utopia_1780403581586.webm,385,neutral,0.680706799030304,7,4096,unknown
5f50b1bbe29c992335098fb1_audio_ranking_explanation_1780403514848_transcript,5f50b1bbe29c992335098fb1_audio_ranking_explanation_1780403514848.webm,1086,positive,0.6495135426521301,19,4096,unknown
5f68fdce1c675a0baf13e0ff_audio_missing_utopia_1780156361306_transcript,5f68fdce1c675a0baf13e0ff_audio_missing_utopia_1780156361306.webm,521,negative,0.5037693381309509,9,4096,unknown
5f68fdce1c675a0baf13e0ff_audio_ranking_explanation_1780156269889_transcript,5f68fdce1c675a0baf13e0ff_audio_ranking_explanation_1780156269889.webm,721,negative,0.7332678437232971,14,4096,unknown
5f6cd1061eba7b0de28b704d_audio_missing_utopia_1780244660184_transcript,5f6cd1061eba7b0de28b704d_audio_missing_utopia_1780244660184.webm,429,neutral,0.6581268310546875,7,4096,unknown
5f6cd1061eba7b0de28b704d_audio_ranking_explanation_1780244599518_transcript,5f6cd1061eba7b0de28b704d_audio_ranking_explanation_1780244599518.webm,794,neutral,0.45513319969177246,14,4096,unknown
605b8cf6c07b6842b5cab429_audio_missing_utopia_1780252187197_transcript,605b8cf6c07b6842b5cab429_audio_missing_utopia_1780252187197.webm,736,neutral,0.6425183415412903,14,4096,unknown
605b8cf6c07b6842b5cab429_audio_ranking_explanation_1780252109972_transcript,605b8cf6c07b6842b5cab429_audio_ranking_explanation_1780252109972.webm,2046,neutral,0.6381212472915649,38,4096,unknown
606f9bca353fc36aba9ccb8b_audio_missing_utopia_1780237561802_transcript,606f9bca353fc36aba9ccb8b_audio_missing_utopia_1780237561802.webm,165,negative,0.6234619617462158,2,4096,unknown
606f9bca353fc36aba9ccb8b_audio_ranking_explanation_1780237517736_transcript,606f9bca353fc36aba9ccb8b_audio_ranking_explanation_1780237517736.webm,96,neutral,0.5693782567977905,1,4096,unknown
60a69e84d2f871b61d608e89_audio_missing_utopia_1780182048203_transcript,60a69e84d2f871b61d608e89_audio_missing_utopia_1780182048203.webm,929,neutral,0.6287349462509155,16,4096,unknown
60a69e84d2f871b61d608e89_audio_ranking_explanation_1780181740748_transcript,60a69e84d2f871b61d608e89_audio_ranking_explanation_1780181740748.webm,1945,neutral,0.7783633470535278,35,4096,unknown
60ad344265fa9865ff45c0bf_audio_missing_utopia_1780410238271_transcript,60ad344265fa9865ff45c0bf_audio_missing_utopia_1780410238271.webm,1922,neutral,0.7841173410415649,35,4096,unknown
60ad344265fa9865ff45c0bf_audio_ranking_explanation_1780410076025_transcript,60ad344265fa9865ff45c0bf_audio_ranking_explanation_1780410076025.webm,2911,neutral,0.7215752005577087,55,4096,unknown
60ce89c7357eeffe77fca946_audio_missing_utopia_1780395716370_transcript,60ce89c7357eeffe77fca946_audio_missing_utopia_1780395716370.webm,435,neutral,0.5476150512695312,8,4096,unknown
60ce89c7357eeffe77fca946_audio_ranking_explanation_1780395655822_transcript,60ce89c7357eeffe77fca946_audio_ranking_explanation_1780395655822.webm,402,positive,0.4908461570739746,7,4096,unknown
60fec0bdae6ef40674a8a77a_audio_missing_utopia_1780408885981_transcript,60fec0bdae6ef40674a8a77a_audio_missing_utopia_1780408885981.webm,789,positive,0.7269550561904907,13,4096,unknown
60fec0bdae6ef40674a8a77a_audio_ranking_explanation_1780408808940_transcript,60fec0bdae6ef40674a8a77a_audio_ranking_explanation_1780408808940.webm,2150,positive,0.9228624105453491,40,4096,unknown
60ffc4070d4285f4d85199b7_audio_missing_utopia_1780411916833_transcript,60ffc4070d4285f4d85199b7_audio_missing_utopia_1780411916833.webm,1051,neutral,0.6528075933456421,19,4096,unknown
60ffc4070d4285f4d85199b7_audio_ranking_explanation_1780411810495_transcript,60ffc4070d4285f4d85199b7_audio_ranking_explanation_1780411810495.webm,1388,neutral,0.6095201373100281,27,4096,unknown
6100949844ff99c54b0e755e_audio_missing_utopia_1780195308057_transcript,6100949844ff99c54b0e755e_audio_missing_utopia_1780195308057.webm,857,neutral,0.6531806588172913,15,4096,unknown
6100949844ff99c54b0e755e_audio_ranking_explanation_1780195122358_transcript,6100949844ff99c54b0e755e_audio_ranking_explanation_1780195122358.webm,3248,positive,0.5926817655563354,61,4096,unknown
610845efa0dd9c9da496039e_audio_ranking_explanation_1780329938809_transcript,610845efa0dd9c9da496039e_audio_ranking_explanation_1780329938809.webm,44,positive,0.9553771615028381,0,4096,unknown
61097e0464a4a922602d495b_audio_missing_utopia_1780406939510_transcript,61097e0464a4a922602d495b_audio_missing_utopia_1780406939510.webm,665,neutral,0.6851351261138916,12,4096,unknown
61097e0464a4a922602d495b_audio_ranking_explanation_1780406851105_transcript,61097e0464a4a922602d495b_audio_ranking_explanation_1780406851105.webm,758,positive,0.6909192800521851,13,4096,unknown
61338374ecef87bfdfd1c7bb_audio_missing_utopia_1780398149125_transcript,61338374ecef87bfdfd1c7bb_audio_missing_utopia_1780398149125.webm,852,neutral,0.6084591746330261,15,4096,unknown
61338374ecef87bfdfd1c7bb_audio_ranking_explanation_1780398047278_transcript,61338374ecef87bfdfd1c7bb_audio_ranking_explanation_1780398047278.webm,1430,positive,0.5717403292655945,24,4096,unknown
615509a589a34f7cb9fb075f_audio_missing_utopia_1780406694980_transcript,615509a589a34f7cb9fb075f_audio_missing_utopia_1780406694980.webm,251,neutral,0.6301314830780029,4,4096,unknown
615509a589a34f7cb9fb075f_audio_ranking_explanation_1780406666022_transcript,615509a589a34f7cb9fb075f_audio_ranking_explanation_1780406666022.webm,345,positive,0.6391376256942749,6,4096,unknown
61647de75314468d5cb57f93_audio_missing_utopia_1780380868523_transcript,61647de75314468d5cb57f93_audio_missing_utopia_1780380868523.webm,275,neutral,0.5070821046829224,4,4096,unknown
61647de75314468d5cb57f93_audio_ranking_explanation_1780380793527_transcript,61647de75314468d5cb57f93_audio_ranking_explanation_1780380793527.webm,290,positive,0.5844108462333679,5,4096,unknown
627a65a2439f59544115d476_audio_missing_utopia_1780406248409_transcript,627a65a2439f59544115d476_audio_missing_utopia_1780406248409.webm,175,neutral,0.8588858246803284,3,4096,unknown
627a65a2439f59544115d476_audio_ranking_explanation_1780406199344_transcript,627a65a2439f59544115d476_audio_ranking_explanation_1780406199344.webm,394,neutral,0.7523097395896912,7,4096,unknown
6296bef3248bf76cc113926b_audio_missing_utopia_1780385579567_transcript,6296bef3248bf76cc113926b_audio_missing_utopia_1780385579567.webm,580,neutral,0.596235454082489,10,4096,unknown
6296bef3248bf76cc113926b_audio_ranking_explanation_1780385490951_transcript,6296bef3248bf76cc113926b_audio_ranking_explanation_1780385490951.webm,665,positive,0.49917975068092346,12,4096,unknown
62effa539a08b7896593d694_audio_missing_utopia_1780409743841_transcript,62effa539a08b7896593d694_audio_missing_utopia_1780409743841.webm,761,negative,0.6951743364334106,14,4096,unknown
62effa539a08b7896593d694_audio_ranking_explanation_1780409598788_transcript,62effa539a08b7896593d694_audio_ranking_explanation_1780409598788.webm,2543,positive,0.6899384260177612,49,4096,unknown
634865f77fe29563ec6f621c_audio_missing_utopia_1780409418411_transcript,634865f77fe29563ec6f621c_audio_missing_utopia_1780409418411.webm,510,neutral,0.687025785446167,9,4096,unknown
634865f77fe29563ec6f621c_audio_ranking_explanation_1780409360672_transcript,634865f77fe29563ec6f621c_audio_ranking_explanation_1780409360672.webm,1024,positive,0.6886060237884521,19,4096,unknown
63b6be1516a2c70bb43fbccd_audio_missing_utopia_1780398924597_transcript,63b6be1516a2c70bb43fbccd_audio_missing_utopia_1780398924597.webm,1464,positive,0.5036176443099976,28,4096,unknown
63b6be1516a2c70bb43fbccd_audio_ranking_explanation_1780398780725_transcript,63b6be1516a2c70bb43fbccd_audio_ranking_explanation_1780398780725.webm,1659,positive,0.8882164359092712,31,4096,unknown
63bc87f783afb5aed2c937d2_audio_missing_utopia_1780314625145_transcript,63bc87f783afb5aed2c937d2_audio_missing_utopia_1780314625145.webm,502,negative,0.4942658543586731,9,4096,unknown
63bc87f783afb5aed2c937d2_audio_ranking_explanation_1780314510356_transcript,63bc87f783afb5aed2c937d2_audio_ranking_explanation_1780314510356.webm,802,positive,0.5989742875099182,15,4096,unknown
63d7b1a77e23b5460ab88069_audio_missing_utopia_1780152859465_transcript,63d7b1a77e23b5460ab88069_audio_missing_utopia_1780152859465.webm,458,neutral,0.5725895762443542,8,4096,unknown
63d7b1a77e23b5460ab88069_audio_ranking_explanation_1780152809144_transcript,63d7b1a77e23b5460ab88069_audio_ranking_explanation_1780152809144.webm,1769,neutral,0.8126097917556763,32,4096,unknown
63d7fb6ee49281f6c41d6630_audio_missing_utopia_1780382087730_transcript,63d7fb6ee49281f6c41d6630_audio_missing_utopia_1780382087730.webm,591,neutral,0.6481305956840515,11,4096,unknown
63d7fb6ee49281f6c41d6630_audio_ranking_explanation_1780382023312_transcript,63d7fb6ee49281f6c41d6630_audio_ranking_explanation_1780382023312.webm,1178,negative,0.49623051285743713,23,4096,unknown
63e51bdade16b861346088b4_audio_missing_utopia_1780408946268_transcript,63e51bdade16b861346088b4_audio_missing_utopia_1780408946268.webm,667,neutral,0.703635573387146,12,4096,unknown
63e51bdade16b861346088b4_audio_ranking_explanation_1780408878048_transcript,63e51bdade16b861346088b4_audio_ranking_explanation_1780408878048.webm,3299,positive,0.545128345489502,64,4096,unknown
6400db77211380d3116572fc_audio_missing_utopia_1780441662829_transcript,6400db77211380d3116572fc_audio_missing_utopia_1780441662829.webm,1653,negative,0.6325241327285767,29,4096,unknown
6400db77211380d3116572fc_audio_ranking_explanation_1780441496310_transcript,6400db77211380d3116572fc_audio_ranking_explanation_1780441496310.webm,4413,neutral,0.6024608612060547,83,4096,unknown
6413ba814d48703a89b5ee31_audio_missing_utopia_1780408752925_transcript,6413ba814d48703a89b5ee31_audio_missing_utopia_1780408752925.webm,392,neutral,0.5990257263183594,6,4096,unknown
6413ba814d48703a89b5ee31_audio_ranking_explanation_1780408625136_transcript,6413ba814d48703a89b5ee31_audio_ranking_explanation_1780408625136.webm,657,neutral,0.7772478461265564,11,4096,unknown
6547a05ca3b182bd3f2d9af8_audio_missing_utopia_1780406898006_transcript,6547a05ca3b182bd3f2d9af8_audio_missing_utopia_1780406898006.webm,395,neutral,0.4899078607559204,7,4096,unknown
6547a05ca3b182bd3f2d9af8_audio_ranking_explanation_1780406823871_transcript,6547a05ca3b182bd3f2d9af8_audio_ranking_explanation_1780406823871.webm,2217,positive,0.5192133188247681,42,4096,unknown
655f9bb3070d42d4bc67e866_audio_missing_utopia_1780389656481_transcript,655f9bb3070d42d4bc67e866_audio_missing_utopia_1780389656481.webm,207,positive,0.54770827293396,3,4096,unknown
655f9bb3070d42d4bc67e866_audio_ranking_explanation_1780389614496_transcript,655f9bb3070d42d4bc67e866_audio_ranking_explanation_1780389614496.webm,142,neutral,0.5687018036842346,2,4096,unknown
65e6edd1a876f1d8487f379b_audio_missing_utopia_1780378764659_transcript,65e6edd1a876f1d8487f379b_audio_missing_utopia_1780378764659.webm,420,neutral,0.5113654136657715,8,4096,unknown
65e6edd1a876f1d8487f379b_audio_ranking_explanation_1780378701073_transcript,65e6edd1a876f1d8487f379b_audio_ranking_explanation_1780378701073.webm,410,neutral,0.4508397877216339,7,4096,unknown
65f1d783d4cbe20c636b813c_audio_missing_utopia_1780420673697_transcript,65f1d783d4cbe20c636b813c_audio_missing_utopia_1780420673697.webm,58,negative,0.819187581539154,1,4096,unknown
65f1d783d4cbe20c636b813c_audio_ranking_explanation_1780420663989_transcript,65f1d783d4cbe20c636b813c_audio_ranking_explanation_1780420663989.webm,78,negative,0.440297931432724,1,4096,unknown
65f4ab7884f8411c9e11a34e_audio_missing_utopia_1780427931890_transcript,65f4ab7884f8411c9e11a34e_audio_missing_utopia_1780427931890.webm,1134,neutral,0.5129556059837341,19,4096,unknown
65f4ab7884f8411c9e11a34e_audio_ranking_explanation_1780427716973_transcript,65f4ab7884f8411c9e11a34e_audio_ranking_explanation_1780427716973.webm,2581,positive,0.5500074625015259,44,4096,unknown
661c92bc6f7ab864a9a96633_audio_missing_utopia_1780182623546_transcript,661c92bc6f7ab864a9a96633_audio_missing_utopia_1780182623546.webm,628,negative,0.45920684933662415,12,4096,unknown
661c92bc6f7ab864a9a96633_audio_ranking_explanation_1780182552867_transcript,661c92bc6f7ab864a9a96633_audio_ranking_explanation_1780182552867.webm,479,positive,0.5509834885597229,9,4096,unknown
6623d91f14f7871134e8ad01_audio_missing_utopia_1780271611323_transcript,6623d91f14f7871134e8ad01_audio_missing_utopia_1780271611323.webm,135,positive,0.6414487361907959,2,4096,unknown
6623d91f14f7871134e8ad01_audio_ranking_explanation_1780271581671_transcript,6623d91f14f7871134e8ad01_audio_ranking_explanation_1780271581671.webm,447,positive,0.4941181242465973,7,4096,unknown
663cceb7909a43d4d01e0c24_audio_missing_utopia_1780422956642_transcript,663cceb7909a43d4d01e0c24_audio_missing_utopia_1780422956642.webm,222,negative,0.47133684158325195,4,4096,unknown
663cceb7909a43d4d01e0c24_audio_ranking_explanation_1780422702177_transcript,663cceb7909a43d4d01e0c24_audio_ranking_explanation_1780422702177.webm,271,positive,0.8998250961303711,5,4096,unknown
663ff8ce62a847c71db3e8e6_audio_missing_utopia_1780405161414_transcript,663ff8ce62a847c71db3e8e6_audio_missing_utopia_1780405161414.webm,2585,negative,0.6772512197494507,47,4096,unknown
663ff8ce62a847c71db3e8e6_audio_ranking_explanation_1780405042895_transcript,663ff8ce62a847c71db3e8e6_audio_ranking_explanation_1780405042895.webm,2275,positive,0.7095052599906921,42,4096,unknown
6641076785a23b3f7db3c5c1_audio_missing_utopia_1780186299882_transcript,6641076785a23b3f7db3c5c1_audio_missing_utopia_1780186299882.webm,656,positive,0.6591188311576843,10,4096,unknown
6641076785a23b3f7db3c5c1_audio_ranking_explanation_1780186224420_transcript,6641076785a23b3f7db3c5c1_audio_ranking_explanation_1780186224420.webm,2647,positive,0.692019522190094,48,4096,unknown
6644a91c5e71bd18d4ae8c26_audio_missing_utopia_1780235909617_transcript,6644a91c5e71bd18d4ae8c26_audio_missing_utopia_1780235909617.webm,309,positive,0.6642152667045593,4,4096,unknown
6644a91c5e71bd18d4ae8c26_audio_ranking_explanation_1780235862083_transcript,6644a91c5e71bd18d4ae8c26_audio_ranking_explanation_1780235862083.webm,475,positive,0.5451409220695496,8,4096,unknown
664bc61062c2afbacbb5f2f8_audio_missing_utopia_1780402345846_transcript,664bc61062c2afbacbb5f2f8_audio_missing_utopia_1780402345846.webm,359,neutral,0.7076925039291382,6,4096,unknown
664bc61062c2afbacbb5f2f8_audio_ranking_explanation_1780402298820_transcript,664bc61062c2afbacbb5f2f8_audio_ranking_explanation_1780402298820.webm,1583,neutral,0.6777759790420532,29,4096,unknown
665cc37706c5e959d6f680a3_audio_missing_utopia_1780424098086_transcript,665cc37706c5e959d6f680a3_audio_missing_utopia_1780424098086.webm,448,positive,0.48619160056114197,7,4096,unknown
665cc37706c5e959d6f680a3_audio_ranking_explanation_1780424004847_transcript,665cc37706c5e959d6f680a3_audio_ranking_explanation_1780424004847.webm,359,positive,0.7690419554710388,5,4096,unknown
66646ef0caf9de9a699b6993_audio_missing_utopia_1780240237344_transcript,66646ef0caf9de9a699b6993_audio_missing_utopia_1780240237344.webm,113,negative,0.6861284971237183,2,4096,unknown
66646ef0caf9de9a699b6993_audio_ranking_explanation_1780240218359_transcript,66646ef0caf9de9a699b6993_audio_ranking_explanation_1780240218359.webm,512,neutral,0.6438930034637451,9,4096,unknown
6666556a57f997a0004f5e5a_audio_missing_utopia_1780387747647_transcript,6666556a57f997a0004f5e5a_audio_missing_utopia_1780387747647.webm,1084,neutral,0.3900965750217438,21,4096,unknown
6666556a57f997a0004f5e5a_audio_ranking_explanation_1780387615072_transcript,6666556a57f997a0004f5e5a_audio_ranking_explanation_1780387615072.webm,2152,neutral,0.4934074878692627,41,4096,unknown
66908eecc135ec77905c2810_audio_missing_utopia_1780436448979_transcript,66908eecc135ec77905c2810_audio_missing_utopia_1780436448979.webm,385,neutral,0.5769808292388916,7,4096,unknown
66908eecc135ec77905c2810_audio_ranking_explanation_1780436384593_transcript,66908eecc135ec77905c2810_audio_ranking_explanation_1780436384593.webm,745,positive,0.6328352093696594,13,4096,unknown
66b38d503ed52b99179c870e_audio_missing_utopia_1780402921854_transcript,66b38d503ed52b99179c870e_audio_missing_utopia_1780402921854.webm,936,neutral,0.5154286026954651,17,4096,unknown
66b38d503ed52b99179c870e_audio_ranking_explanation_1780402814027_transcript,66b38d503ed52b99179c870e_audio_ranking_explanation_1780402814027.webm,1106,neutral,0.5492178797721863,21,4096,unknown
66b3dc1490445aa410abd41e_audio_missing_utopia_1780243084797_transcript,66b3dc1490445aa410abd41e_audio_missing_utopia_1780243084797.webm,304,neutral,0.5508456230163574,4,4096,unknown
66b3dc1490445aa410abd41e_audio_ranking_explanation_1780243025188_transcript,66b3dc1490445aa410abd41e_audio_ranking_explanation_1780243025188.webm,666,positive,0.6855387091636658,11,4096,unknown
66e9b926c782e4f47a05ec7c_audio_missing_utopia_1780188646013_transcript,66e9b926c782e4f47a05ec7c_audio_missing_utopia_1780188646013.webm,136,neutral,0.63445645570755,2,4096,unknown
66e9b926c782e4f47a05ec7c_audio_ranking_explanation_1780188601687_transcript,66e9b926c782e4f47a05ec7c_audio_ranking_explanation_1780188601687.webm,324,positive,0.7871323227882385,5,4096,unknown
66f0bcad545ecf68df970a46_audio_missing_utopia_1780417489181_transcript,66f0bcad545ecf68df970a46_audio_missing_utopia_1780417489181.webm,477,neutral,0.4836580753326416,8,4096,unknown
66f0bcad545ecf68df970a46_audio_ranking_explanation_1780417366576_transcript,66f0bcad545ecf68df970a46_audio_ranking_explanation_1780417366576.webm,467,negative,0.446638822555542,8,4096,unknown
67004445b289e820d5e8fb69_audio_missing_utopia_1780265693369_transcript,67004445b289e820d5e8fb69_audio_missing_utopia_1780265693369.webm,115,neutral,0.5524863600730896,1,4096,unknown
67004445b289e820d5e8fb69_audio_ranking_explanation_1780265649673_transcript,67004445b289e820d5e8fb69_audio_ranking_explanation_1780265649673.webm,388,neutral,0.5774621963500977,6,4096,unknown
67006a23de43db9f90b363d2_audio_missing_utopia_1780434892674_transcript,67006a23de43db9f90b363d2_audio_missing_utopia_1780434892674.webm,907,neutral,0.5533715486526489,17,4096,unknown
67006a23de43db9f90b363d2_audio_ranking_explanation_1780434807772_transcript,67006a23de43db9f90b363d2_audio_ranking_explanation_1780434807772.webm,1773,neutral,0.6622762084007263,32,4096,unknown
670420d4f05d7af4f85651e4_audio_missing_utopia_1780493238459_transcript,670420d4f05d7af4f85651e4_audio_missing_utopia_1780493238459.webm,769,neutral,0.5214634537696838,13,4096,unknown
670420d4f05d7af4f85651e4_audio_ranking_explanation_1780493162725_transcript,670420d4f05d7af4f85651e4_audio_ranking_explanation_1780493162725.webm,512,positive,0.6280446648597717,8,4096,unknown
6705bf2688ed88bcafd57446_audio_missing_utopia_1780383912236_transcript,6705bf2688ed88bcafd57446_audio_missing_utopia_1780383912236.webm,858,positive,0.7681843042373657,15,4096,unknown
6705bf2688ed88bcafd57446_audio_ranking_explanation_1780383751841_transcript,6705bf2688ed88bcafd57446_audio_ranking_explanation_1780383751841.webm,1860,positive,0.8368210196495056,32,4096,unknown
67062295123561f8241f65fc_audio_missing_utopia_1780339467413_transcript,67062295123561f8241f65fc_audio_missing_utopia_1780339467413.webm,2548,neutral,0.7077848315238953,48,4096,unknown
67062295123561f8241f65fc_audio_ranking_explanation_1780339141441_transcript,67062295123561f8241f65fc_audio_ranking_explanation_1780339141441.webm,2017,neutral,0.6865797638893127,36,4096,unknown
67103e4ed56cde03a0f2476b_audio_missing_utopia_1780152799804_transcript,67103e4ed56cde03a0f2476b_audio_missing_utopia_1780152799804.webm,356,neutral,0.4628855288028717,5,4096,unknown
67103e4ed56cde03a0f2476b_audio_ranking_explanation_1780152764284_transcript,67103e4ed56cde03a0f2476b_audio_ranking_explanation_1780152764284.webm,457,negative,0.7611798048019409,8,4096,unknown
6714d7f42c208253099ac9d9_audio_missing_utopia_1780384871519_transcript,6714d7f42c208253099ac9d9_audio_missing_utopia_1780384871519.webm,204,neutral,0.7866383790969849,3,4096,unknown
6714d7f42c208253099ac9d9_audio_ranking_explanation_1780384811654_transcript,6714d7f42c208253099ac9d9_audio_ranking_explanation_1780384811654.webm,877,positive,0.7707288861274719,16,4096,unknown
6715b46f9f59f9e05837029a_audio_missing_utopia_1780191431770_transcript,6715b46f9f59f9e05837029a_audio_missing_utopia_1780191431770.webm,232,positive,0.5018568634986877,4,4096,unknown
6715b46f9f59f9e05837029a_audio_ranking_explanation_1780191386549_transcript,6715b46f9f59f9e05837029a_audio_ranking_explanation_1780191386549.webm,325,neutral,0.5342947244644165,5,4096,unknown
671ce7ade7a5cd2edc847b94_audio_missing_utopia_1780191577026_transcript,671ce7ade7a5cd2edc847b94_audio_missing_utopia_1780191577026.webm,168,neutral,0.5863502025604248,3,4096,unknown
671ce7ade7a5cd2edc847b94_audio_ranking_explanation_1780191523519_transcript,671ce7ade7a5cd2edc847b94_audio_ranking_explanation_1780191523519.webm,82,neutral,0.8221861124038696,1,4096,unknown
671d3d7670c13868fc01e5f6_audio_missing_utopia_1780488866924_transcript,671d3d7670c13868fc01e5f6_audio_missing_utopia_1780488866924.webm,720,neutral,0.6527663469314575,14,4096,unknown
671d3d7670c13868fc01e5f6_audio_ranking_explanation_1780488776917_transcript,671d3d7670c13868fc01e5f6_audio_ranking_explanation_1780488776917.webm,943,negative,0.8820071816444397,17,4096,unknown
671d553e0d035028da7d29a1_audio_missing_utopia_1780438749293_transcript,671d553e0d035028da7d29a1_audio_missing_utopia_1780438749293.webm,476,neutral,0.6335227489471436,9,4096,unknown
671d553e0d035028da7d29a1_audio_ranking_explanation_1780438638779_transcript,671d553e0d035028da7d29a1_audio_ranking_explanation_1780438638779.webm,1330,positive,0.6043573021888733,24,4096,unknown
672012673e8f6646800bf45c_audio_missing_utopia_1780172365370_transcript,672012673e8f6646800bf45c_audio_missing_utopia_1780172365370.webm,478,neutral,0.6380277872085571,9,4096,unknown
672012673e8f6646800bf45c_audio_ranking_explanation_1780172300521_transcript,672012673e8f6646800bf45c_audio_ranking_explanation_1780172300521.webm,1478,neutral,0.7078165411949158,26,4096,unknown
6727af89081bd9f0e0d0973d_audio_missing_utopia_1780200765862_transcript,6727af89081bd9f0e0d0973d_audio_missing_utopia_1780200765862.webm,177,positive,0.8234732747077942,3,4096,unknown
6727af89081bd9f0e0d0973d_audio_ranking_explanation_1780200707791_transcript,6727af89081bd9f0e0d0973d_audio_ranking_explanation_1780200707791.webm,1033,neutral,0.5120625495910645,19,4096,unknown
6727e176e5f011b020a6a2db_audio_missing_utopia_1780453156025_transcript,6727e176e5f011b020a6a2db_audio_missing_utopia_1780453156025.webm,189,positive,0.8383850455284119,3,4096,unknown
6727e176e5f011b020a6a2db_audio_ranking_explanation_1780453134310_transcript,6727e176e5f011b020a6a2db_audio_ranking_explanation_1780453134310.webm,326,neutral,0.4887095093727112,5,4096,unknown
673e5fc42cbf961c153d09d3_audio_missing_utopia_1780154055552_transcript,673e5fc42cbf961c153d09d3_audio_missing_utopia_1780154055552.webm,664,neutral,0.6361533403396606,11,4096,unknown
673e5fc42cbf961c153d09d3_audio_ranking_explanation_1780153918926_transcript,673e5fc42cbf961c153d09d3_audio_ranking_explanation_1780153918926.webm,2091,negative,0.7760074734687805,38,4096,unknown
675b6faf10ae4b79d1d6455e_audio_missing_utopia_1780505030492_transcript,675b6faf10ae4b79d1d6455e_audio_missing_utopia_1780505030492.webm,301,positive,0.6808480024337769,5,4096,unknown
675b6faf10ae4b79d1d6455e_audio_ranking_explanation_1780504984223_transcript,675b6faf10ae4b79d1d6455e_audio_ranking_explanation_1780504984223.webm,1949,neutral,0.6239219307899475,34,4096,unknown
675ebd1fb3aef884a42df656_audio_missing_utopia_1780411810880_transcript,675ebd1fb3aef884a42df656_audio_missing_utopia_1780411810880.webm,1576,positive,0.5837412476539612,28,4096,unknown
675ebd1fb3aef884a42df656_audio_ranking_explanation_1780411472016_transcript,675ebd1fb3aef884a42df656_audio_ranking_explanation_1780411472016.webm,649,positive,0.6183241009712219,11,4096,unknown
676334ae578dda6ef33f5886_audio_missing_utopia_1780381155497_transcript,676334ae578dda6ef33f5886_audio_missing_utopia_1780381155497.webm,142,neutral,0.7771695256233215,2,4096,unknown
676334ae578dda6ef33f5886_audio_ranking_explanation_1780381111874_transcript,676334ae578dda6ef33f5886_audio_ranking_explanation_1780381111874.webm,244,neutral,0.5026215314865112,3,4096,unknown
67758b914f06b14a31669644_audio_missing_utopia_1780378147825_transcript,67758b914f06b14a31669644_audio_missing_utopia_1780378147825.webm,169,positive,0.7575722336769104,2,4096,unknown
67758b914f06b14a31669644_audio_ranking_explanation_1780378104442_transcript,67758b914f06b14a31669644_audio_ranking_explanation_1780378104442.webm,211,neutral,0.7372816801071167,3,4096,unknown
677b591c703b1749329c9b7c_audio_missing_utopia_1780271578979_transcript,677b591c703b1749329c9b7c_audio_missing_utopia_1780271578979.webm,42,positive,0.6468403339385986,0,4096,unknown
677b591c703b1749329c9b7c_audio_ranking_explanation_1780271551844_transcript,677b591c703b1749329c9b7c_audio_ranking_explanation_1780271551844.webm,196,neutral,0.5451613664627075,3,4096,unknown
6784504cf334fb89fcf7f49e_audio_missing_utopia_1780404548617_transcript,6784504cf334fb89fcf7f49e_audio_missing_utopia_1780404548617.webm,350,neutral,0.5047854781150818,5,4096,unknown
6784504cf334fb89fcf7f49e_audio_ranking_explanation_1780404475810_transcript,6784504cf334fb89fcf7f49e_audio_ranking_explanation_1780404475810.webm,773,positive,0.680942714214325,13,4096,unknown
67ad361485e9e78975aa08bb_audio_missing_utopia_1780443161421_transcript,67ad361485e9e78975aa08bb_audio_missing_utopia_1780443161421.webm,301,positive,0.4944056272506714,5,4096,unknown
67ad361485e9e78975aa08bb_audio_ranking_explanation_1780443120166_transcript,67ad361485e9e78975aa08bb_audio_ranking_explanation_1780443120166.webm,415,negative,0.7141212224960327,7,4096,unknown
691ca2d38b8a43121da1e781_audio_missing_utopia_1780399412242_transcript,691ca2d38b8a43121da1e781_audio_missing_utopia_1780399412242.webm,402,neutral,0.5370538234710693,7,4096,unknown
691ca2d38b8a43121da1e781_audio_ranking_explanation_1780399339029_transcript,691ca2d38b8a43121da1e781_audio_ranking_explanation_1780399339029.webm,1209,neutral,0.6481095552444458,23,4096,unknown
691dd723559ca7c89564ea8b_audio_missing_utopia_1780415665799_transcript,691dd723559ca7c89564ea8b_audio_missing_utopia_1780415665799.webm,316,negative,0.8484262824058533,6,4096,unknown
691dd723559ca7c89564ea8b_audio_ranking_explanation_1780415620288_transcript,691dd723559ca7c89564ea8b_audio_ranking_explanation_1780415620288.webm,929,neutral,0.6448448300361633,18,4096,unknown
69416fb4dbb55f6ae968fb6c_audio_missing_utopia_1780336172261_transcript,69416fb4dbb55f6ae968fb6c_audio_missing_utopia_1780336172261.webm,208,neutral,0.6373276114463806,3,4096,unknown
69416fb4dbb55f6ae968fb6c_audio_ranking_explanation_1780336124952_transcript,69416fb4dbb55f6ae968fb6c_audio_ranking_explanation_1780336124952.webm,1430,neutral,0.6337905526161194,26,4096,unknown
6942b9546065aeb7e30fd87a_audio_missing_utopia_1780405509342_transcript,6942b9546065aeb7e30fd87a_audio_missing_utopia_1780405509342.webm,160,positive,0.7838498950004578,2,4096,unknown
6942b9546065aeb7e30fd87a_audio_ranking_explanation_1780405435015_transcript,6942b9546065aeb7e30fd87a_audio_ranking_explanation_1780405435015.webm,699,positive,0.6778161525726318,13,4096,unknown
6942bb71de4537642d064f8b_audio_missing_utopia_1780241356420_transcript,6942bb71de4537642d064f8b_audio_missing_utopia_1780241356420.webm,274,neutral,0.6579850912094116,5,4096,unknown
6942bb71de4537642d064f8b_audio_ranking_explanation_1780241305255_transcript,6942bb71de4537642d064f8b_audio_ranking_explanation_1780241305255.webm,629,positive,0.797328770160675,12,4096,unknown
69432f5eec27bf29567095f7_audio_missing_utopia_1780406869729_transcript,69432f5eec27bf29567095f7_audio_missing_utopia_1780406869729.webm,1925,neutral,0.7094674706459045,36,4096,unknown
69432f5eec27bf29567095f7_audio_ranking_explanation_1780406701861_transcript,69432f5eec27bf29567095f7_audio_ranking_explanation_1780406701861.webm,4176,neutral,0.5360381007194519,76,4096,unknown
6946df52c8f481594f455bdf_audio_missing_utopia_1780410677823_transcript,6946df52c8f481594f455bdf_audio_missing_utopia_1780410677823.webm,587,neutral,0.5177396535873413,10,4096,unknown
6946df52c8f481594f455bdf_audio_ranking_explanation_1780410630724_transcript,6946df52c8f481594f455bdf_audio_ranking_explanation_1780410630724.webm,1201,positive,0.7340688705444336,22,4096,unknown
6948e6378d2aed5bf5841c0a_audio_missing_utopia_1780412473235_transcript,6948e6378d2aed5bf5841c0a_audio_missing_utopia_1780412473235.webm,264,neutral,0.4791765809059143,4,4096,unknown
6948e6378d2aed5bf5841c0a_audio_ranking_explanation_1780412404009_transcript,6948e6378d2aed5bf5841c0a_audio_ranking_explanation_1780412404009.webm,783,positive,0.7804902791976929,14,4096,unknown
694c445f53e37c412593c79a_audio_missing_utopia_1780173049029_transcript,694c445f53e37c412593c79a_audio_missing_utopia_1780173049029.webm,337,neutral,0.4838727116584778,5,4096,unknown
694c445f53e37c412593c79a_audio_ranking_explanation_1780172794196_transcript,694c445f53e37c412593c79a_audio_ranking_explanation_1780172794196.webm,782,neutral,0.4934031665325165,14,4096,unknown
694eedb7740d679db46ab074_audio_missing_utopia_1780432650032_transcript,694eedb7740d679db46ab074_audio_missing_utopia_1780432650032.webm,98,neutral,0.5889484882354736,1,4096,unknown
694eedb7740d679db46ab074_audio_ranking_explanation_1780432607312_transcript,694eedb7740d679db46ab074_audio_ranking_explanation_1780432607312.webm,874,positive,0.8644527792930603,15,4096,unknown
695fbbddeef702fe7cea44bd_audio_missing_utopia_1780421637745_transcript,695fbbddeef702fe7cea44bd_audio_missing_utopia_1780421637745.webm,1354,neutral,0.5382764339447021,26,4096,unknown
695fbbddeef702fe7cea44bd_audio_ranking_explanation_1780421505939_transcript,695fbbddeef702fe7cea44bd_audio_ranking_explanation_1780421505939.webm,855,positive,0.5515110492706299,16,4096,unknown
69601b75e222e16eba858689_audio_missing_utopia_1780422256319_transcript,69601b75e222e16eba858689_audio_missing_utopia_1780422256319.webm,833,neutral,0.6605661511421204,14,4096,unknown
69601b75e222e16eba858689_audio_ranking_explanation_1780422174912_transcript,69601b75e222e16eba858689_audio_ranking_explanation_1780422174912.webm,1987,neutral,0.5269119739532471,37,4096,unknown
69614f58c570d5c7dddaee3c_audio_missing_utopia_1780204525837_transcript,69614f58c570d5c7dddaee3c_audio_missing_utopia_1780204525837.webm,253,neutral,0.5798937678337097,4,4096,unknown
69614f58c570d5c7dddaee3c_audio_ranking_explanation_1780204489463_transcript,69614f58c570d5c7dddaee3c_audio_ranking_explanation_1780204489463.webm,1155,positive,0.6336212754249573,21,4096,unknown
696560f45f4ef7a14a6e58d3_audio_missing_utopia_1780311252322_transcript,696560f45f4ef7a14a6e58d3_audio_missing_utopia_1780311252322.webm,245,positive,0.5184659957885742,4,4096,unknown
696560f45f4ef7a14a6e58d3_audio_ranking_explanation_1780311155169_transcript,696560f45f4ef7a14a6e58d3_audio_ranking_explanation_1780311155169.webm,546,positive,0.5971353650093079,8,4096,unknown
696948d74e6e23586daf57f6_audio_missing_utopia_1780395007051_transcript,696948d74e6e23586daf57f6_audio_missing_utopia_1780395007051.webm,1390,neutral,0.5539062023162842,25,4096,unknown
696948d74e6e23586daf57f6_audio_ranking_explanation_1780394900330_transcript,696948d74e6e23586daf57f6_audio_ranking_explanation_1780394900330.webm,1780,positive,0.8240540027618408,33,4096,unknown
69699d1a4c8aab1ce7a5f231_audio_missing_utopia_1780414864077_transcript,69699d1a4c8aab1ce7a5f231_audio_missing_utopia_1780414864077.webm,237,neutral,0.7513230443000793,4,4096,unknown
69699d1a4c8aab1ce7a5f231_audio_ranking_explanation_1780414839015_transcript,69699d1a4c8aab1ce7a5f231_audio_ranking_explanation_1780414839015.webm,529,neutral,0.49844399094581604,10,4096,unknown
696a8631d83007aa07ed3744_audio_missing_utopia_1780447003525_transcript,696a8631d83007aa07ed3744_audio_missing_utopia_1780447003525.webm,320,negative,0.7934408187866211,6,4096,unknown
696a8631d83007aa07ed3744_audio_ranking_explanation_1780446943005_transcript,696a8631d83007aa07ed3744_audio_ranking_explanation_1780446943005.webm,951,positive,0.8815685510635376,18,4096,unknown
6978c19595331238482129c4_audio_missing_utopia_1780507182945_transcript,6978c19595331238482129c4_audio_missing_utopia_1780507182945.webm,204,neutral,0.5420663356781006,3,4096,unknown
6978c19595331238482129c4_audio_ranking_explanation_1780507147291_transcript,6978c19595331238482129c4_audio_ranking_explanation_1780507147291.webm,549,negative,0.5174890756607056,10,4096,unknown
6978efc5f431052d33e72398_audio_missing_utopia_1780409794193_transcript,6978efc5f431052d33e72398_audio_missing_utopia_1780409794193.webm,301,neutral,0.6906188726425171,5,4096,unknown
6978efc5f431052d33e72398_audio_ranking_explanation_1780409728717_transcript,6978efc5f431052d33e72398_audio_ranking_explanation_1780409728717.webm,926,positive,0.5970543622970581,18,4096,unknown
697cb3a2bae053be15cdd35e_audio_missing_utopia_1780274597549_transcript,697cb3a2bae053be15cdd35e_audio_missing_utopia_1780274597549.webm,181,neutral,0.5069079399108887,3,4096,unknown
697cb3a2bae053be15cdd35e_audio_ranking_explanation_1780274491612_transcript,697cb3a2bae053be15cdd35e_audio_ranking_explanation_1780274491612.webm,913,positive,0.8620722889900208,13,4096,unknown
697cd0433f63f30292b20c1b_audio_missing_utopia_1780404869979_transcript,697cd0433f63f30292b20c1b_audio_missing_utopia_1780404869979.webm,1604,neutral,0.6444680094718933,31,4096,unknown
697cd0433f63f30292b20c1b_audio_ranking_explanation_1780404642286_transcript,697cd0433f63f30292b20c1b_audio_ranking_explanation_1780404642286.webm,1748,neutral,0.7299619317054749,31,4096,unknown
697d5c69036bee0ad31df6a9_audio_missing_utopia_1780386835007_transcript,697d5c69036bee0ad31df6a9_audio_missing_utopia_1780386835007.webm,185,positive,0.6800334453582764,3,4096,unknown
697d5c69036bee0ad31df6a9_audio_ranking_explanation_1780386790592_transcript,697d5c69036bee0ad31df6a9_audio_ranking_explanation_1780386790592.webm,977,positive,0.8457254767417908,17,4096,unknown
698383f571211f272ff1c000_audio_missing_utopia_1780411239475_transcript,698383f571211f272ff1c000_audio_missing_utopia_1780411239475.webm,276,neutral,0.8202329874038696,5,4096,unknown
698383f571211f272ff1c000_audio_ranking_explanation_1780411197846_transcript,698383f571211f272ff1c000_audio_ranking_explanation_1780411197846.webm,765,neutral,0.5331615209579468,14,4096,unknown
69841529a788bdf0a448ba8b_audio_missing_utopia_1780254456481_transcript,69841529a788bdf0a448ba8b_audio_missing_utopia_1780254456481.webm,530,positive,0.52140873670578,9,4096,unknown
69841529a788bdf0a448ba8b_audio_ranking_explanation_1780254406825_transcript,69841529a788bdf0a448ba8b_audio_ranking_explanation_1780254406825.webm,1047,positive,0.6374909281730652,19,4096,unknown
6985c00a3c127e5cbb246f78_audio_missing_utopia_1780424332889_transcript,6985c00a3c127e5cbb246f78_audio_missing_utopia_1780424332889.webm,112,neutral,0.7721923589706421,2,4096,unknown
6985c00a3c127e5cbb246f78_audio_ranking_explanation_1780424314951_transcript,6985c00a3c127e5cbb246f78_audio_ranking_explanation_1780424314951.webm,1244,neutral,0.607149600982666,24,4096,unknown
69860bbcee09b238984c4158_audio_missing_utopia_1780410555132_transcript,69860bbcee09b238984c4158_audio_missing_utopia_1780410555132.webm,157,neutral,0.6763761043548584,3,4096,unknown
69860bbcee09b238984c4158_audio_ranking_explanation_1780410532419_transcript,69860bbcee09b238984c4158_audio_ranking_explanation_1780410532419.webm,240,neutral,0.546859085559845,4,4096,unknown
69861287eabfebf2ba128f74_audio_missing_utopia_1780426144508_transcript,69861287eabfebf2ba128f74_audio_missing_utopia_1780426144508.webm,297,neutral,0.664732038974762,6,4096,unknown
69861287eabfebf2ba128f74_audio_ranking_explanation_1780426101518_transcript,69861287eabfebf2ba128f74_audio_ranking_explanation_1780426101518.webm,444,neutral,0.5296601057052612,8,4096,unknown
69866c151e89ae8ed8ebc85b_audio_missing_utopia_1780384377896_transcript,69866c151e89ae8ed8ebc85b_audio_missing_utopia_1780384377896.webm,1052,neutral,0.6868042349815369,20,4096,unknown
69866c151e89ae8ed8ebc85b_audio_ranking_explanation_1780384239451_transcript,69866c151e89ae8ed8ebc85b_audio_ranking_explanation_1780384239451.webm,1758,neutral,0.7036066651344299,34,4096,unknown
698a276f955516bd3c07b19d_audio_missing_utopia_1780380421647_transcript,698a276f955516bd3c07b19d_audio_missing_utopia_1780380421647.webm,426,neutral,0.6580708622932434,8,4096,unknown
698a276f955516bd3c07b19d_audio_ranking_explanation_1780380361343_transcript,698a276f955516bd3c07b19d_audio_ranking_explanation_1780380361343.webm,2339,positive,0.7762545347213745,41,4096,unknown
698a3b03581c58e0e5b68abf_audio_missing_utopia_1780406933054_transcript,698a3b03581c58e0e5b68abf_audio_missing_utopia_1780406933054.webm,248,neutral,0.593543529510498,4,4096,unknown
698a3b03581c58e0e5b68abf_audio_missing_utopia_1780408097699_transcript,698a3b03581c58e0e5b68abf_audio_missing_utopia_1780408097699.webm,287,neutral,0.503750741481781,5,4096,unknown
698a3b03581c58e0e5b68abf_audio_ranking_explanation_1780406896768_transcript,698a3b03581c58e0e5b68abf_audio_ranking_explanation_1780406896768.webm,564,positive,0.5240222811698914,10,4096,unknown
698a3b03581c58e0e5b68abf_audio_ranking_explanation_1780408065710_transcript,698a3b03581c58e0e5b68abf_audio_ranking_explanation_1780408065710.webm,364,neutral,0.6519865393638611,7,4096,unknown
698a4bcb96c388d31b40916a_audio_missing_utopia_1780401263781_transcript,698a4bcb96c388d31b40916a_audio_missing_utopia_1780401263781.webm,77,neutral,0.7099270224571228,1,4096,unknown
698a4bcb96c388d31b40916a_audio_ranking_explanation_1780401249168_transcript,698a4bcb96c388d31b40916a_audio_ranking_explanation_1780401249168.webm,348,negative,0.663805365562439,6,4096,unknown
698a6f9a70f427ea2c5019e6_audio_missing_utopia_1780378913745_transcript,698a6f9a70f427ea2c5019e6_audio_missing_utopia_1780378913745.webm,528,neutral,0.6545222997665405,10,4096,unknown
698a6f9a70f427ea2c5019e6_audio_ranking_explanation_1780378820673_transcript,698a6f9a70f427ea2c5019e6_audio_ranking_explanation_1780378820673.webm,1326,neutral,0.4900691509246826,24,4096,unknown
698a70a7fbff18d798825bbc_audio_missing_utopia_1780385040379_transcript,698a70a7fbff18d798825bbc_audio_missing_utopia_1780385040379.webm,344,neutral,0.7874140739440918,5,4096,unknown
698a70a7fbff18d798825bbc_audio_ranking_explanation_1780384985720_transcript,698a70a7fbff18d798825bbc_audio_ranking_explanation_1780384985720.webm,822,positive,0.8676979541778564,15,4096,unknown
698ace13573202db139fc761_audio_missing_utopia_1780306213689_transcript,698ace13573202db139fc761_audio_missing_utopia_1780306213689.webm,514,neutral,0.5969347953796387,8,4096,unknown
698ace13573202db139fc761_audio_ranking_explanation_1780306026533_transcript,698ace13573202db139fc761_audio_ranking_explanation_1780306026533.webm,792,neutral,0.581234872341156,12,4096,unknown
698ce4ba931f89581ecc6d7d_audio_missing_utopia_1780390829551_transcript,698ce4ba931f89581ecc6d7d_audio_missing_utopia_1780390829551.webm,10,neutral,0.7726930975914001,0,4096,unknown
698ce4ba931f89581ecc6d7d_audio_ranking_explanation_1780390811202_transcript,698ce4ba931f89581ecc6d7d_audio_ranking_explanation_1780390811202.webm,11,positive,0.8799126744270325,0,4096,unknown
698eb6b5e44d9777c0534149_audio_missing_utopia_1780454074741_transcript,698eb6b5e44d9777c0534149_audio_missing_utopia_1780454074741.webm,301,positive,0.7800828814506531,6,4096,unknown
698eb6b5e44d9777c0534149_audio_ranking_explanation_1780454036987_transcript,698eb6b5e44d9777c0534149_audio_ranking_explanation_1780454036987.webm,600,positive,0.6902457475662231,11,4096,unknown
698ef6b9ab29d51d9ec4928a_audio_missing_utopia_1780274092954_transcript,698ef6b9ab29d51d9ec4928a_audio_missing_utopia_1780274092954.webm,59,neutral,0.5530439019203186,0,4096,unknown
698ef6b9ab29d51d9ec4928a_audio_ranking_explanation_1780274073088_transcript,698ef6b9ab29d51d9ec4928a_audio_ranking_explanation_1780274073088.webm,359,negative,0.6450766921043396,7,4096,unknown
698fc4a662ab7f88d0993602_audio_missing_utopia_1780189174607_transcript,698fc4a662ab7f88d0993602_audio_missing_utopia_1780189174607.webm,122,neutral,0.7744039297103882,2,4096,unknown
698fc4a662ab7f88d0993602_audio_ranking_explanation_1780189153979_transcript,698fc4a662ab7f88d0993602_audio_ranking_explanation_1780189153979.webm,933,neutral,0.4920947849750519,15,4096,unknown
699313b98002a6139c85af1a_audio_missing_utopia_1780407691599_transcript,699313b98002a6139c85af1a_audio_missing_utopia_1780407691599.webm,443,neutral,0.49065861105918884,8,4096,unknown
699313b98002a6139c85af1a_audio_ranking_explanation_1780407625227_transcript,699313b98002a6139c85af1a_audio_ranking_explanation_1780407625227.webm,485,negative,0.7565911412239075,9,4096,unknown
69937bbdf2301ad69c9d4312_audio_missing_utopia_1780408921178_transcript,69937bbdf2301ad69c9d4312_audio_missing_utopia_1780408921178.webm,406,neutral,0.686599850654602,6,4096,unknown
69937bbdf2301ad69c9d4312_audio_ranking_explanation_1780408823643_transcript,69937bbdf2301ad69c9d4312_audio_ranking_explanation_1780408823643.webm,1459,neutral,0.5838274955749512,28,4096,unknown
6994b577aff7c16f28cb7589_audio_missing_utopia_1780407980271_transcript,6994b577aff7c16f28cb7589_audio_missing_utopia_1780407980271.webm,98,positive,0.7179293036460876,2,4096,unknown
6994b577aff7c16f28cb7589_audio_ranking_explanation_1780407963661_transcript,6994b577aff7c16f28cb7589_audio_ranking_explanation_1780407963661.webm,676,neutral,0.5523105263710022,13,4096,unknown
6994c4a0a6dfd8f22f07a03e_audio_missing_utopia_1780437546750_transcript,6994c4a0a6dfd8f22f07a03e_audio_missing_utopia_1780437546750.webm,199,positive,0.7981157302856445,3,4096,unknown
6994c4a0a6dfd8f22f07a03e_audio_ranking_explanation_1780437507306_transcript,6994c4a0a6dfd8f22f07a03e_audio_ranking_explanation_1780437507306.webm,344,positive,0.5085119605064392,6,4096,unknown
6997be27e376b1f7355cb8bb_audio_missing_utopia_1780498737977_transcript,6997be27e376b1f7355cb8bb_audio_missing_utopia_1780498737977.webm,256,negative,0.5967757701873779,5,4096,unknown
6997be27e376b1f7355cb8bb_audio_ranking_explanation_1780498555841_transcript,6997be27e376b1f7355cb8bb_audio_ranking_explanation_1780498555841.webm,1369,neutral,0.5285449028015137,25,4096,unknown
6998bda4ed63e85917285fd8_audio_missing_utopia_1780381296191_transcript,6998bda4ed63e85917285fd8_audio_missing_utopia_1780381296191.webm,416,positive,0.5937454700469971,7,4096,unknown
6998bda4ed63e85917285fd8_audio_ranking_explanation_1780381237263_transcript,6998bda4ed63e85917285fd8_audio_ranking_explanation_1780381237263.webm,389,neutral,0.5458779335021973,7,4096,unknown
699a00f4a3f5b24104f03fca_audio_missing_utopia_1780396572954_transcript,699a00f4a3f5b24104f03fca_audio_missing_utopia_1780396572954.webm,331,neutral,0.706429660320282,5,4096,unknown
699ba39cfb07c3c928d4146d_audio_missing_utopia_1780396853542_transcript,699ba39cfb07c3c928d4146d_audio_missing_utopia_1780396853542.webm,1943,neutral,0.6064565777778625,36,4096,unknown
699ba39cfb07c3c928d4146d_audio_ranking_explanation_1780396653391_transcript,699ba39cfb07c3c928d4146d_audio_ranking_explanation_1780396653391.webm,1208,positive,0.6305553317070007,22,4096,unknown
699cb899a44da9a053ba9235_audio_missing_utopia_1780238367706_transcript,699cb899a44da9a053ba9235_audio_missing_utopia_1780238367706.webm,697,neutral,0.5641587972640991,12,4096,unknown
699cb899a44da9a053ba9235_audio_ranking_explanation_1780238294262_transcript,699cb899a44da9a053ba9235_audio_ranking_explanation_1780238294262.webm,2137,positive,0.5859003067016602,40,4096,unknown
699ea1c2d6cea42a4be1baad_audio_missing_utopia_1780184299958_transcript,699ea1c2d6cea42a4be1baad_audio_missing_utopia_1780184299958.webm,192,positive,0.7243422269821167,3,4096,unknown
699ea1c2d6cea42a4be1baad_audio_ranking_explanation_1780184247777_transcript,699ea1c2d6cea42a4be1baad_audio_ranking_explanation_1780184247777.webm,527,positive,0.5547947883605957,9,4096,unknown
69a07eca2f369e740df3a36e_audio_missing_utopia_1780405769689_transcript,69a07eca2f369e740df3a36e_audio_missing_utopia_1780405769689.webm,328,positive,0.8635792136192322,6,4096,unknown
69a07eca2f369e740df3a36e_audio_ranking_explanation_1780405654315_transcript,69a07eca2f369e740df3a36e_audio_ranking_explanation_1780405654315.webm,1449,negative,0.5960517525672913,26,4096,unknown
69a37fa6ece253752a94a18b_audio_missing_utopia_1780411633636_transcript,69a37fa6ece253752a94a18b_audio_missing_utopia_1780411633636.webm,478,neutral,0.6266226768493652,10,4096,unknown
69a37fa6ece253752a94a18b_audio_ranking_explanation_1780411432307_transcript,69a37fa6ece253752a94a18b_audio_ranking_explanation_1780411432307.webm,2041,positive,0.8133633136749268,39,4096,unknown
69a3995c9cb670e922c6646c_audio_missing_utopia_1780456076373_transcript,69a3995c9cb670e922c6646c_audio_missing_utopia_1780456076373.webm,491,positive,0.8813720941543579,9,4096,unknown
69a3995c9cb670e922c6646c_audio_ranking_explanation_1780456038937_transcript,69a3995c9cb670e922c6646c_audio_ranking_explanation_1780456038937.webm,503,neutral,0.5683429837226868,9,4096,unknown
69a45369fbd4a6aa79ac6def_audio_missing_utopia_1780247275845_transcript,69a45369fbd4a6aa79ac6def_audio_missing_utopia_1780247275845.webm,175,positive,0.9102483987808228,3,4096,unknown
69a45369fbd4a6aa79ac6def_audio_ranking_explanation_1780247236984_transcript,69a45369fbd4a6aa79ac6def_audio_ranking_explanation_1780247236984.webm,256,neutral,0.5722770094871521,4,4096,unknown
69a46403d8ee3370aefc523f_audio_missing_utopia_1780201432923_transcript,69a46403d8ee3370aefc523f_audio_missing_utopia_1780201432923.webm,168,neutral,0.4830481708049774,2,4096,unknown
69a46403d8ee3370aefc523f_audio_ranking_explanation_1780201405785_transcript,69a46403d8ee3370aefc523f_audio_ranking_explanation_1780201405785.webm,415,positive,0.7108880877494812,7,4096,unknown
69a4b67351c86f1665010c28_audio_missing_utopia_1780198955309_transcript,69a4b67351c86f1665010c28_audio_missing_utopia_1780198955309.webm,123,positive,0.5172392725944519,2,4096,unknown
69a4b67351c86f1665010c28_audio_ranking_explanation_1780198827616_transcript,69a4b67351c86f1665010c28_audio_ranking_explanation_1780198827616.webm,228,positive,0.6553670167922974,3,4096,unknown
69a5173e79a786eadc643c31_audio_missing_utopia_1780384006718_transcript,69a5173e79a786eadc643c31_audio_missing_utopia_1780384006718.webm,929,positive,0.7684482932090759,16,4096,unknown
69a5173e79a786eadc643c31_audio_ranking_explanation_1780383923329_transcript,69a5173e79a786eadc643c31_audio_ranking_explanation_1780383923329.webm,1743,positive,0.7266473770141602,31,4096,unknown
69a51d629d67227b3f4e89cb_audio_missing_utopia_1780398717418_transcript,69a51d629d67227b3f4e89cb_audio_missing_utopia_1780398717418.webm,606,positive,0.6317945718765259,11,4096,unknown
69a51d629d67227b3f4e89cb_audio_ranking_explanation_1780398660885_transcript,69a51d629d67227b3f4e89cb_audio_ranking_explanation_1780398660885.webm,1394,neutral,0.5820829272270203,25,4096,unknown
69a5d894d35286e2b0ff3f6c_audio_missing_utopia_1780336645606_transcript,69a5d894d35286e2b0ff3f6c_audio_missing_utopia_1780336645606.webm,144,neutral,0.5592013001441956,2,4096,unknown
69a5d894d35286e2b0ff3f6c_audio_ranking_explanation_1780336569952_transcript,69a5d894d35286e2b0ff3f6c_audio_ranking_explanation_1780336569952.webm,1147,positive,0.7794774174690247,22,4096,unknown
69a775b189904fa2c43c4cf7_audio_missing_utopia_1780487505955_transcript,69a775b189904fa2c43c4cf7_audio_missing_utopia_1780487505955.webm,663,neutral,0.7251198291778564,12,4096,unknown
69a775b189904fa2c43c4cf7_audio_ranking_explanation_1780487412697_transcript,69a775b189904fa2c43c4cf7_audio_ranking_explanation_1780487412697.webm,1465,positive,0.5931963324546814,27,4096,unknown
69a82e484e9029ef1a4a99d4_audio_missing_utopia_1780383565170_transcript,69a82e484e9029ef1a4a99d4_audio_missing_utopia_1780383565170.webm,159,positive,0.5589427351951599,2,4096,unknown
69a82e484e9029ef1a4a99d4_audio_ranking_explanation_1780383512648_transcript,69a82e484e9029ef1a4a99d4_audio_ranking_explanation_1780383512648.webm,477,neutral,0.5316794514656067,7,4096,unknown
69a89c0955605fb10a4fff5e_audio_ranking_explanation_1780168460912_transcript,69a89c0955605fb10a4fff5e_audio_ranking_explanation_1780168460912.webm,66,negative,0.8730286955833435,1,4096,unknown
69adf185dcc8cda73749368d_audio_missing_utopia_1780408680098_transcript,69adf185dcc8cda73749368d_audio_missing_utopia_1780408680098.webm,249,neutral,0.5333054661750793,3,4096,unknown
69adf185dcc8cda73749368d_audio_ranking_explanation_1780408598757_transcript,69adf185dcc8cda73749368d_audio_ranking_explanation_1780408598757.webm,251,neutral,0.4627268612384796,4,4096,unknown
69adf2cdaf8da92b2d67c99a_audio_missing_utopia_1780520158036_transcript,69adf2cdaf8da92b2d67c99a_audio_missing_utopia_1780520158036.webm,518,neutral,0.712914228439331,9,4096,unknown
69adf2cdaf8da92b2d67c99a_audio_ranking_explanation_1780520090293_transcript,69adf2cdaf8da92b2d67c99a_audio_ranking_explanation_1780520090293.webm,906,neutral,0.5712459087371826,17,4096,unknown
69b085994bfdf00ac5908a2a_audio_missing_utopia_1780382249781_transcript,69b085994bfdf00ac5908a2a_audio_missing_utopia_1780382249781.webm,405,neutral,0.5473739504814148,7,4096,unknown
69b085994bfdf00ac5908a2a_audio_ranking_explanation_1780382201025_transcript,69b085994bfdf00ac5908a2a_audio_ranking_explanation_1780382201025.webm,2315,positive,0.8477242588996887,42,4096,unknown
69b1b9c93046383751d6fe0c_audio_missing_utopia_1780255884212_transcript,69b1b9c93046383751d6fe0c_audio_missing_utopia_1780255884212.webm,244,negative,0.5506165623664856,4,4096,unknown
69b1b9c93046383751d6fe0c_audio_ranking_explanation_1780255841675_transcript,69b1b9c93046383751d6fe0c_audio_ranking_explanation_1780255841675.webm,489,neutral,0.7135096788406372,8,4096,unknown
69b2fc05f91b3889d80e9d4f_audio_missing_utopia_1780209750130_transcript,69b2fc05f91b3889d80e9d4f_audio_missing_utopia_1780209750130.webm,603,neutral,0.6781951189041138,9,4096,unknown
69b2fc05f91b3889d80e9d4f_audio_ranking_explanation_1780209516878_transcript,69b2fc05f91b3889d80e9d4f_audio_ranking_explanation_1780209516878.webm,1336,positive,0.8432844877243042,22,4096,unknown
69b34be60a7d5e72daf5d5c0_audio_missing_utopia_1780187565731_transcript,69b34be60a7d5e72daf5d5c0_audio_missing_utopia_1780187565731.webm,1026,neutral,0.5847973227500916,19,4096,unknown
69b34be60a7d5e72daf5d5c0_audio_ranking_explanation_1780187492769_transcript,69b34be60a7d5e72daf5d5c0_audio_ranking_explanation_1780187492769.webm,2584,positive,0.8133049011230469,47,4096,unknown
69b4cd1edb91fb79284441cd_audio_missing_utopia_1780379925647_transcript,69b4cd1edb91fb79284441cd_audio_missing_utopia_1780379925647.webm,11,positive,0.8799126744270325,0,4096,unknown
69b4cd1edb91fb79284441cd_audio_ranking_explanation_1780379883267_transcript,69b4cd1edb91fb79284441cd_audio_ranking_explanation_1780379883267.webm,28,neutral,0.8201486468315125,0,4096,unknown
69b72d785c20e3f3bfcae82f_audio_missing_utopia_1780383976619_transcript,69b72d785c20e3f3bfcae82f_audio_missing_utopia_1780383976619.webm,615,neutral,0.6881272196769714,11,4096,unknown
69b72d785c20e3f3bfcae82f_audio_ranking_explanation_1780383790019_transcript,69b72d785c20e3f3bfcae82f_audio_ranking_explanation_1780383790019.webm,4968,positive,0.9341646432876587,93,4096,unknown
69b7603c614bdbf78dd9517d_audio_missing_utopia_1780450084981_transcript,69b7603c614bdbf78dd9517d_audio_missing_utopia_1780450084981.webm,341,neutral,0.6437042355537415,6,4096,unknown
69b7603c614bdbf78dd9517d_audio_ranking_explanation_1780450036510_transcript,69b7603c614bdbf78dd9517d_audio_ranking_explanation_1780450036510.webm,1385,positive,0.7387072443962097,25,4096,unknown
69b87d2899ff8b885daeea48_audio_missing_utopia_1780408027744_transcript,69b87d2899ff8b885daeea48_audio_missing_utopia_1780408027744.webm,87,neutral,0.584577202796936,1,4096,unknown
69b87d2899ff8b885daeea48_audio_ranking_explanation_1780407892660_transcript,69b87d2899ff8b885daeea48_audio_ranking_explanation_1780407892660.webm,381,positive,0.6286905407905579,6,4096,unknown
69b8ef7b87c2e000e46e09e6_audio_missing_utopia_1780378508669_transcript,69b8ef7b87c2e000e46e09e6_audio_missing_utopia_1780378508669.webm,281,neutral,0.6097097992897034,5,4096,unknown
69b8ef7b87c2e000e46e09e6_audio_ranking_explanation_1780378435777_transcript,69b8ef7b87c2e000e46e09e6_audio_ranking_explanation_1780378435777.webm,540,neutral,0.5999340415000916,8,4096,unknown
69bb8162456b2987e106973e_audio_missing_utopia_1780424930543_transcript,69bb8162456b2987e106973e_audio_missing_utopia_1780424930543.webm,72,negative,0.49494668841362,1,4096,unknown
69bb8162456b2987e106973e_audio_ranking_explanation_1780424898446_transcript,69bb8162456b2987e106973e_audio_ranking_explanation_1780424898446.webm,77,neutral,0.48545926809310913,1,4096,unknown
69bc0ba177847fde0a18ec3d_audio_missing_utopia_1780389477241_transcript,69bc0ba177847fde0a18ec3d_audio_missing_utopia_1780389477241.webm,106,neutral,0.681026816368103,1,4096,unknown
69bc0ba177847fde0a18ec3d_audio_ranking_explanation_1780389437292_transcript,69bc0ba177847fde0a18ec3d_audio_ranking_explanation_1780389437292.webm,488,positive,0.5590754151344299,7,4096,unknown
69bcd49ce95af67521ac752f_audio_missing_utopia_1780410715810_transcript,69bcd49ce95af67521ac752f_audio_missing_utopia_1780410715810.webm,289,neutral,0.6598888039588928,5,4096,unknown
69bcd49ce95af67521ac752f_audio_ranking_explanation_1780410661060_transcript,69bcd49ce95af67521ac752f_audio_ranking_explanation_1780410661060.webm,1250,positive,0.8266315460205078,23,4096,unknown
69beddef130e4b750f5a4823_audio_missing_utopia_1780411355836_transcript,69beddef130e4b750f5a4823_audio_missing_utopia_1780411355836.webm,232,neutral,0.49763739109039307,4,4096,unknown
69beddef130e4b750f5a4823_audio_ranking_explanation_1780411316395_transcript,69beddef130e4b750f5a4823_audio_ranking_explanation_1780411316395.webm,1692,positive,0.8053699731826782,30,4096,unknown
69befa2e133968bfac9921bb_audio_missing_utopia_1780398381921_transcript,69befa2e133968bfac9921bb_audio_missing_utopia_1780398381921.webm,413,positive,0.5050036907196045,7,4096,unknown
69befa2e133968bfac9921bb_audio_ranking_explanation_1780398344003_transcript,69befa2e133968bfac9921bb_audio_ranking_explanation_1780398344003.webm,370,neutral,0.7068524360656738,6,4096,unknown
69befc993638fae95321d387_audio_missing_utopia_1780174909931_transcript,69befc993638fae95321d387_audio_missing_utopia_1780174909931.webm,351,neutral,0.6647946238517761,6,4096,unknown
69befc993638fae95321d387_audio_ranking_explanation_1780174847991_transcript,69befc993638fae95321d387_audio_ranking_explanation_1780174847991.webm,460,neutral,0.5344916582107544,8,4096,unknown
69bf5ff40b94d1ab39ec795e_audio_missing_utopia_1780404481308_transcript,69bf5ff40b94d1ab39ec795e_audio_missing_utopia_1780404481308.webm,849,neutral,0.6728934049606323,16,4096,unknown
69bf5ff40b94d1ab39ec795e_audio_ranking_explanation_1780404149218_transcript,69bf5ff40b94d1ab39ec795e_audio_ranking_explanation_1780404149218.webm,2085,neutral,0.7655243277549744,41,4096,unknown
69c01ad32e8258f62bd58aeb_audio_missing_utopia_1780380118114_transcript,69c01ad32e8258f62bd58aeb_audio_missing_utopia_1780380118114.webm,141,neutral,0.45320993661880493,2,4096,unknown
69c01ad32e8258f62bd58aeb_audio_ranking_explanation_1780380081377_transcript,69c01ad32e8258f62bd58aeb_audio_ranking_explanation_1780380081377.webm,139,neutral,0.562933087348938,2,4096,unknown
69c02eb0784caa385a6ea4a5_audio_missing_utopia_1780414039565_transcript,69c02eb0784caa385a6ea4a5_audio_missing_utopia_1780414039565.webm,997,neutral,0.6459316611289978,18,4096,unknown
69c02eb0784caa385a6ea4a5_audio_ranking_explanation_1780413911981_transcript,69c02eb0784caa385a6ea4a5_audio_ranking_explanation_1780413911981.webm,2215,neutral,0.6471342444419861,41,4096,unknown
69c04ef1c9c3020ebf70e0fe_audio_missing_utopia_1780257570256_transcript,69c04ef1c9c3020ebf70e0fe_audio_missing_utopia_1780257570256.webm,1419,neutral,0.7040068507194519,25,4096,unknown
69c04ef1c9c3020ebf70e0fe_audio_ranking_explanation_1780257459062_transcript,69c04ef1c9c3020ebf70e0fe_audio_ranking_explanation_1780257459062.webm,3064,positive,0.561978280544281,54,4096,unknown
69c1697f0df8e94cfb806f7a_audio_missing_utopia_1780166191739_transcript,69c1697f0df8e94cfb806f7a_audio_missing_utopia_1780166191739.webm,239,neutral,0.5533486008644104,4,4096,unknown
69c1697f0df8e94cfb806f7a_audio_ranking_explanation_1780166155474_transcript,69c1697f0df8e94cfb806f7a_audio_ranking_explanation_1780166155474.webm,336,neutral,0.619164764881134,6,4096,unknown
69c22b2562a236eed8f9c1e1_audio_missing_utopia_1780181389351_transcript,69c22b2562a236eed8f9c1e1_audio_missing_utopia_1780181389351.webm,468,neutral,0.5917848944664001,9,4096,unknown
69c22b2562a236eed8f9c1e1_audio_ranking_explanation_1780181331295_transcript,69c22b2562a236eed8f9c1e1_audio_ranking_explanation_1780181331295.webm,241,positive,0.6715706586837769,4,4096,unknown
69c4160ec318cfcd7d4f37a4_audio_missing_utopia_1780153517199_transcript,69c4160ec318cfcd7d4f37a4_audio_missing_utopia_1780153517199.webm,883,neutral,0.7832552194595337,17,4096,unknown
69c4160ec318cfcd7d4f37a4_audio_ranking_explanation_1780153331642_transcript,69c4160ec318cfcd7d4f37a4_audio_ranking_explanation_1780153331642.webm,1804,positive,0.8955498337745667,35,4096,unknown
69c55b66d8ade7f9bd6109d6_audio_missing_utopia_1780381522944_transcript,69c55b66d8ade7f9bd6109d6_audio_missing_utopia_1780381522944.webm,344,negative,0.5306580662727356,5,4096,unknown
69c55b66d8ade7f9bd6109d6_audio_ranking_explanation_1780381368022_transcript,69c55b66d8ade7f9bd6109d6_audio_ranking_explanation_1780381368022.webm,369,positive,0.7657033801078796,5,4096,unknown
69c5a87efe4b84961a9b36e2_audio_missing_utopia_1780421022829_transcript,69c5a87efe4b84961a9b36e2_audio_missing_utopia_1780421022829.webm,112,neutral,0.5508333444595337,2,4096,unknown
69c5a87efe4b84961a9b36e2_audio_ranking_explanation_1780420980535_transcript,69c5a87efe4b84961a9b36e2_audio_ranking_explanation_1780420980535.webm,567,neutral,0.6314823031425476,11,4096,unknown
69c5d1997571942e781bc34d_audio_missing_utopia_1780440462864_transcript,69c5d1997571942e781bc34d_audio_missing_utopia_1780440462864.webm,516,neutral,0.5589514970779419,9,4096,unknown
69c5d1997571942e781bc34d_audio_ranking_explanation_1780440371384_transcript,69c5d1997571942e781bc34d_audio_ranking_explanation_1780440371384.webm,1621,positive,0.5581462979316711,31,4096,unknown
69c6aaf2837e061bf8c5afaa_audio_missing_utopia_1780397037236_transcript,69c6aaf2837e061bf8c5afaa_audio_missing_utopia_1780397037236.webm,268,neutral,0.4932824969291687,4,4096,unknown
69c6aaf2837e061bf8c5afaa_audio_ranking_explanation_1780397001987_transcript,69c6aaf2837e061bf8c5afaa_audio_ranking_explanation_1780397001987.webm,1307,neutral,0.5515505075454712,24,4096,unknown
69c6b743152dbd93f339bdff_audio_missing_utopia_1780403956244_transcript,69c6b743152dbd93f339bdff_audio_missing_utopia_1780403956244.webm,423,positive,0.8082229495048523,8,4096,unknown
69c6b743152dbd93f339bdff_audio_ranking_explanation_1780403750487_transcript,69c6b743152dbd93f339bdff_audio_ranking_explanation_1780403750487.webm,1795,positive,0.6943650841712952,31,4096,unknown
69c737b258a269a8f17fea85_audio_missing_utopia_1780428430948_transcript,69c737b258a269a8f17fea85_audio_missing_utopia_1780428430948.webm,821,neutral,0.7684748768806458,16,4096,unknown
69c737b258a269a8f17fea85_audio_ranking_explanation_1780428322045_transcript,69c737b258a269a8f17fea85_audio_ranking_explanation_1780428322045.webm,1451,positive,0.8479034304618835,28,4096,unknown
69c76cae3dd59b0360b7963b_audio_missing_utopia_1780451131366_transcript,69c76cae3dd59b0360b7963b_audio_missing_utopia_1780451131366.webm,328,positive,0.662545919418335,5,4096,unknown
69c76cae3dd59b0360b7963b_audio_ranking_explanation_1780451081012_transcript,69c76cae3dd59b0360b7963b_audio_ranking_explanation_1780451081012.webm,1876,neutral,0.49160856008529663,35,4096,unknown
69c8e432059037ce2956ee67_audio_missing_utopia_1780394033107_transcript,69c8e432059037ce2956ee67_audio_missing_utopia_1780394033107.webm,251,neutral,0.4963785707950592,4,4096,unknown
69c8e432059037ce2956ee67_audio_ranking_explanation_1780393985198_transcript,69c8e432059037ce2956ee67_audio_ranking_explanation_1780393985198.webm,866,neutral,0.7109206914901733,15,4096,unknown
69caa04535e88acc639b3656_audio_missing_utopia_1780404762410_transcript,69caa04535e88acc639b3656_audio_missing_utopia_1780404762410.webm,458,neutral,0.5875589847564697,7,4096,unknown
69caa04535e88acc639b3656_audio_ranking_explanation_1780404674269_transcript,69caa04535e88acc639b3656_audio_ranking_explanation_1780404674269.webm,759,neutral,0.5485868453979492,13,4096,unknown
69caa4d91032ecb7350b7df1_audio_missing_utopia_1780473104166_transcript,69caa4d91032ecb7350b7df1_audio_missing_utopia_1780473104166.webm,562,positive,0.5819153189659119,9,4096,unknown
69caa4d91032ecb7350b7df1_audio_ranking_explanation_1780472974987_transcript,69caa4d91032ecb7350b7df1_audio_ranking_explanation_1780472974987.webm,1401,positive,0.7485565543174744,27,4096,unknown
69cb8bf56b4681853352046a_audio_missing_utopia_1780190061761_transcript,69cb8bf56b4681853352046a_audio_missing_utopia_1780190061761.webm,834,neutral,0.6058301329612732,15,4096,unknown
69cb8bf56b4681853352046a_audio_ranking_explanation_1780189962641_transcript,69cb8bf56b4681853352046a_audio_ranking_explanation_1780189962641.webm,755,neutral,0.5621466636657715,14,4096,unknown
69cc50b7d8b69400a3cc5e0f_audio_missing_utopia_1780379330135_transcript,69cc50b7d8b69400a3cc5e0f_audio_missing_utopia_1780379330135.webm,287,neutral,0.4866935908794403,5,4096,unknown
69cc50b7d8b69400a3cc5e0f_audio_ranking_explanation_1780379260387_transcript,69cc50b7d8b69400a3cc5e0f_audio_ranking_explanation_1780379260387.webm,416,neutral,0.6508774161338806,7,4096,unknown
69cdeee6463e07f2a989cfd9_audio_missing_utopia_1780378510751_transcript,69cdeee6463e07f2a989cfd9_audio_missing_utopia_1780378510751.webm,974,neutral,0.6126053333282471,18,4096,unknown
69cdeee6463e07f2a989cfd9_audio_ranking_explanation_1780378423838_transcript,69cdeee6463e07f2a989cfd9_audio_ranking_explanation_1780378423838.webm,1624,neutral,0.3972565829753876,30,4096,unknown
69cec7f5dd3995a6f516889e_audio_missing_utopia_1780449616975_transcript,69cec7f5dd3995a6f516889e_audio_missing_utopia_1780449616975.webm,469,neutral,0.6669190526008606,8,4096,unknown
69cec7f5dd3995a6f516889e_audio_ranking_explanation_1780449535951_transcript,69cec7f5dd3995a6f516889e_audio_ranking_explanation_1780449535951.webm,2024,positive,0.9037946462631226,38,4096,unknown
69cff429bb84c7afcf70990d_audio_missing_utopia_1780391503760_transcript,69cff429bb84c7afcf70990d_audio_missing_utopia_1780391503760.webm,991,neutral,0.5697812438011169,18,4096,unknown
69cff429bb84c7afcf70990d_audio_ranking_explanation_1780391369882_transcript,69cff429bb84c7afcf70990d_audio_ranking_explanation_1780391369882.webm,1627,negative,0.5459911227226257,29,4096,unknown
69d3b723c1ce9682b57d0e27_audio_missing_utopia_1780424298980_transcript,69d3b723c1ce9682b57d0e27_audio_missing_utopia_1780424298980.webm,658,neutral,0.6546602845191956,13,4096,unknown
69d3b723c1ce9682b57d0e27_audio_ranking_explanation_1780424225669_transcript,69d3b723c1ce9682b57d0e27_audio_ranking_explanation_1780424225669.webm,1719,neutral,0.6220983266830444,33,4096,unknown
69d51b7efe3296cf710e3362_audio_missing_utopia_1780419509815_transcript,69d51b7efe3296cf710e3362_audio_missing_utopia_1780419509815.webm,50,neutral,0.6438475847244263,1,4096,unknown
69d51b7efe3296cf710e3362_audio_ranking_explanation_1780419444951_transcript,69d51b7efe3296cf710e3362_audio_ranking_explanation_1780419444951.webm,421,neutral,0.5767180919647217,8,4096,unknown
69d663a1e229a12f6c8bf2a4_audio_missing_utopia_1780241739413_transcript,69d663a1e229a12f6c8bf2a4_audio_missing_utopia_1780241739413.webm,1038,neutral,0.514784038066864,18,4096,unknown
69d663a1e229a12f6c8bf2a4_audio_ranking_explanation_1780241641498_transcript,69d663a1e229a12f6c8bf2a4_audio_ranking_explanation_1780241641498.webm,661,neutral,0.7260213494300842,11,4096,unknown
69d674ffe1b69e81eb00dee2_audio_missing_utopia_1780401587402_transcript,69d674ffe1b69e81eb00dee2_audio_missing_utopia_1780401587402.webm,703,neutral,0.6575204133987427,13,4096,unknown
69d674ffe1b69e81eb00dee2_audio_ranking_explanation_1780401499607_transcript,69d674ffe1b69e81eb00dee2_audio_ranking_explanation_1780401499607.webm,2167,positive,0.8607972860336304,42,4096,unknown
69d6a13d0c2c7773c90c35ea_audio_missing_utopia_1780519444294_transcript,69d6a13d0c2c7773c90c35ea_audio_missing_utopia_1780519444294.webm,229,positive,0.6861443519592285,4,4096,unknown
69d6a13d0c2c7773c90c35ea_audio_ranking_explanation_1780519392748_transcript,69d6a13d0c2c7773c90c35ea_audio_ranking_explanation_1780519392748.webm,539,neutral,0.6339104771614075,10,4096,unknown
69d6b45ed142e5a639ebca81_audio_missing_utopia_1780410663477_transcript,69d6b45ed142e5a639ebca81_audio_missing_utopia_1780410663477.webm,1031,neutral,0.5968441963195801,19,4096,unknown
69d6b45ed142e5a639ebca81_audio_ranking_explanation_1780410478557_transcript,69d6b45ed142e5a639ebca81_audio_ranking_explanation_1780410478557.webm,3482,positive,0.92408287525177,62,4096,unknown
69d80f78366c24151c6abed6_audio_missing_utopia_1780325590251_transcript,69d80f78366c24151c6abed6_audio_missing_utopia_1780325590251.webm,554,neutral,0.6894198060035706,10,4096,unknown
69d80f78366c24151c6abed6_audio_ranking_explanation_1780325530519_transcript,69d80f78366c24151c6abed6_audio_ranking_explanation_1780325530519.webm,798,positive,0.8337458372116089,14,4096,unknown
69daf52bfa2575ae0bdf3d2c_audio_missing_utopia_1780328362018_transcript,69daf52bfa2575ae0bdf3d2c_audio_missing_utopia_1780328362018.webm,59,neutral,0.5034674406051636,0,4096,unknown
69daf52bfa2575ae0bdf3d2c_audio_ranking_explanation_1780328286521_transcript,69daf52bfa2575ae0bdf3d2c_audio_ranking_explanation_1780328286521.webm,431,negative,0.4858435094356537,7,4096,unknown
69db4351e975384150644e17_audio_missing_utopia_1780424159904_transcript,69db4351e975384150644e17_audio_missing_utopia_1780424159904.webm,357,neutral,0.49296489357948303,5,4096,unknown
69db4351e975384150644e17_audio_ranking_explanation_1780424080453_transcript,69db4351e975384150644e17_audio_ranking_explanation_1780424080453.webm,419,positive,0.6009914875030518,7,4096,unknown
69dbba2af76a02c2bbb1c3f7_audio_missing_utopia_1780402879035_transcript,69dbba2af76a02c2bbb1c3f7_audio_missing_utopia_1780402879035.webm,145,positive,0.7624364495277405,2,4096,unknown
69dbba2af76a02c2bbb1c3f7_audio_ranking_explanation_1780402851322_transcript,69dbba2af76a02c2bbb1c3f7_audio_ranking_explanation_1780402851322.webm,330,positive,0.7317899465560913,5,4096,unknown
69dfcf2e08825e91a38a5c17_audio_missing_utopia_1780399597448_transcript,69dfcf2e08825e91a38a5c17_audio_missing_utopia_1780399597448.webm,76,positive,0.6537104249000549,1,4096,unknown
69dfcf2e08825e91a38a5c17_audio_ranking_explanation_1780399569763_transcript,69dfcf2e08825e91a38a5c17_audio_ranking_explanation_1780399569763.webm,707,positive,0.9398083686828613,12,4096,unknown
69e063c7e86c982e239214ef_audio_missing_utopia_1780389382070_transcript,69e063c7e86c982e239214ef_audio_missing_utopia_1780389382070.webm,371,neutral,0.5714195370674133,6,4096,unknown
69e063c7e86c982e239214ef_audio_ranking_explanation_1780389330100_transcript,69e063c7e86c982e239214ef_audio_ranking_explanation_1780389330100.webm,635,positive,0.8175152540206909,12,4096,unknown
69e12b3d97a65aaf13fe0ea3_audio_missing_utopia_1780503333950_transcript,69e12b3d97a65aaf13fe0ea3_audio_missing_utopia_1780503333950.webm,526,positive,0.672374963760376,9,4096,unknown
69e12b3d97a65aaf13fe0ea3_audio_ranking_explanation_1780503252594_transcript,69e12b3d97a65aaf13fe0ea3_audio_ranking_explanation_1780503252594.webm,828,positive,0.7866820096969604,15,4096,unknown
69e17b4489b488c473d5c608_audio_missing_utopia_1780415183319_transcript,69e17b4489b488c473d5c608_audio_missing_utopia_1780415183319.webm,1631,negative,0.5387547016143799,31,4096,unknown
69e17b4489b488c473d5c608_audio_ranking_explanation_1780415031203_transcript,69e17b4489b488c473d5c608_audio_ranking_explanation_1780415031203.webm,2792,positive,0.7665870785713196,53,4096,unknown
69e197974406b0a6289223db_audio_missing_utopia_1780387039520_transcript,69e197974406b0a6289223db_audio_missing_utopia_1780387039520.webm,904,positive,0.5354930758476257,17,4096,unknown
69e197974406b0a6289223db_audio_ranking_explanation_1780386956783_transcript,69e197974406b0a6289223db_audio_ranking_explanation_1780386956783.webm,1947,neutral,0.6659838557243347,37,4096,unknown
69e2e8831029b11b8a50d076_audio_missing_utopia_1780268596356_transcript,69e2e8831029b11b8a50d076_audio_missing_utopia_1780268596356.webm,1029,neutral,0.6104867458343506,19,4096,unknown
69e2e8831029b11b8a50d076_audio_ranking_explanation_1780268466523_transcript,69e2e8831029b11b8a50d076_audio_ranking_explanation_1780268466523.webm,2412,neutral,0.4923553168773651,45,4096,unknown
69e39e2d7c072270cb7e0b21_audio_missing_utopia_1780184891265_transcript,69e39e2d7c072270cb7e0b21_audio_missing_utopia_1780184891265.webm,390,positive,0.6971018314361572,6,4096,unknown
69e39e2d7c072270cb7e0b21_audio_ranking_explanation_1780184833112_transcript,69e39e2d7c072270cb7e0b21_audio_ranking_explanation_1780184833112.webm,756,positive,0.4903845191001892,15,4096,unknown
69e408f53c6834fd1ceadad4_audio_missing_utopia_1780412954311_transcript,69e408f53c6834fd1ceadad4_audio_missing_utopia_1780412954311.webm,458,neutral,0.528589129447937,8,4096,unknown
69e408f53c6834fd1ceadad4_audio_ranking_explanation_1780412912378_transcript,69e408f53c6834fd1ceadad4_audio_ranking_explanation_1780412912378.webm,1218,neutral,0.5777190923690796,22,4096,unknown
69e4126124a34f38d0732741_audio_missing_utopia_1780199236475_transcript,69e4126124a34f38d0732741_audio_missing_utopia_1780199236475.webm,3329,positive,0.869507908821106,62,4096,unknown
69e4126124a34f38d0732741_audio_ranking_explanation_1780198797604_transcript,69e4126124a34f38d0732741_audio_ranking_explanation_1780198797604.webm,5000,positive,0.7459438443183899,96,4096,unknown
69e4255d8aed7c574034e515_audio_missing_utopia_1780190651402_transcript,69e4255d8aed7c574034e515_audio_missing_utopia_1780190651402.webm,157,positive,0.7665152549743652,2,4096,unknown
69e4255d8aed7c574034e515_audio_ranking_explanation_1780190611696_transcript,69e4255d8aed7c574034e515_audio_ranking_explanation_1780190611696.webm,617,positive,0.6896323561668396,10,4096,unknown
69e597ce1104d00919f3f2c3_audio_missing_utopia_1780271354976_transcript,69e597ce1104d00919f3f2c3_audio_missing_utopia_1780271354976.webm,482,neutral,0.6450216174125671,9,4096,unknown
69e597ce1104d00919f3f2c3_audio_ranking_explanation_1780271314200_transcript,69e597ce1104d00919f3f2c3_audio_ranking_explanation_1780271314200.webm,1285,positive,0.7294517755508423,23,4096,unknown
69e63e9413ec828e97526757_audio_missing_utopia_1780426559141_transcript,69e63e9413ec828e97526757_audio_missing_utopia_1780426559141.webm,55,negative,0.7573150992393494,0,4096,unknown
69e63e9413ec828e97526757_audio_ranking_explanation_1780426469346_transcript,69e63e9413ec828e97526757_audio_ranking_explanation_1780426469346.webm,128,neutral,0.7261435389518738,2,4096,unknown
69e67cd1550480b8c9967eeb_audio_missing_utopia_1780404391698_transcript,69e67cd1550480b8c9967eeb_audio_missing_utopia_1780404391698.webm,243,negative,0.6314175724983215,4,4096,unknown
69e67cd1550480b8c9967eeb_audio_ranking_explanation_1780404365384_transcript,69e67cd1550480b8c9967eeb_audio_ranking_explanation_1780404365384.webm,322,positive,0.8045744895935059,5,4096,unknown
69e7959ed48cfd369a5f0da5_audio_missing_utopia_1780154840735_transcript,69e7959ed48cfd369a5f0da5_audio_missing_utopia_1780154840735.webm,241,neutral,0.6501501202583313,4,4096,unknown
69e7959ed48cfd369a5f0da5_audio_ranking_explanation_1780154807039_transcript,69e7959ed48cfd369a5f0da5_audio_ranking_explanation_1780154807039.webm,700,neutral,0.6337863206863403,11,4096,unknown
69e7b09e471d548512e69bf9_audio_missing_utopia_1780192260023_transcript,69e7b09e471d548512e69bf9_audio_missing_utopia_1780192260023.webm,793,neutral,0.7651840448379517,15,4096,unknown
69e7b09e471d548512e69bf9_audio_ranking_explanation_1780192091725_transcript,69e7b09e471d548512e69bf9_audio_ranking_explanation_1780192091725.webm,1748,neutral,0.5309533476829529,33,4096,unknown
69e7ded4f1a24a777d92e59a_audio_missing_utopia_1780401226995_transcript,69e7ded4f1a24a777d92e59a_audio_missing_utopia_1780401226995.webm,409,neutral,0.799965500831604,7,4096,unknown
69e7ded4f1a24a777d92e59a_audio_ranking_explanation_1780401178405_transcript,69e7ded4f1a24a777d92e59a_audio_ranking_explanation_1780401178405.webm,789,negative,0.6715199947357178,14,4096,unknown
69e81749c5b5f9c50b132749_audio_missing_utopia_1780381010292_transcript,69e81749c5b5f9c50b132749_audio_missing_utopia_1780381010292.webm,1624,neutral,0.727088987827301,44,4096,unknown
69e81749c5b5f9c50b132749_audio_ranking_explanation_1780380904608_transcript,69e81749c5b5f9c50b132749_audio_ranking_explanation_1780380904608.webm,320,neutral,0.6326683163642883,6,4096,unknown
69e83c91e2420c0266697081_audio_missing_utopia_1780397703618_transcript,69e83c91e2420c0266697081_audio_missing_utopia_1780397703618.webm,429,neutral,0.6220067143440247,8,4096,unknown
69e83c91e2420c0266697081_audio_ranking_explanation_1780397644122_transcript,69e83c91e2420c0266697081_audio_ranking_explanation_1780397644122.webm,2933,negative,0.6094110012054443,56,4096,unknown
69e91af54ecc31385a08bc37_audio_missing_utopia_1780412468571_transcript,69e91af54ecc31385a08bc37_audio_missing_utopia_1780412468571.webm,159,neutral,0.6002264618873596,2,4096,unknown
69e91af54ecc31385a08bc37_audio_ranking_explanation_1780412434673_transcript,69e91af54ecc31385a08bc37_audio_ranking_explanation_1780412434673.webm,362,neutral,0.5345134139060974,6,4096,unknown
69e91f33f049227e93ed364b_audio_missing_utopia_1780435875522_transcript,69e91f33f049227e93ed364b_audio_missing_utopia_1780435875522.webm,790,neutral,0.7306869626045227,15,4096,unknown
69e91f33f049227e93ed364b_audio_ranking_explanation_1780435811591_transcript,69e91f33f049227e93ed364b_audio_ranking_explanation_1780435811591.webm,1499,neutral,0.6984686255455017,27,4096,unknown
69e91fd1a613772e648e565a_audio_missing_utopia_1780153851261_transcript,69e91fd1a613772e648e565a_audio_missing_utopia_1780153851261.webm,330,neutral,0.6976775527000427,5,4096,unknown
69e91fd1a613772e648e565a_audio_ranking_explanation_1780153689923_transcript,69e91fd1a613772e648e565a_audio_ranking_explanation_1780153689923.webm,963,positive,0.8022937178611755,17,4096,unknown
69e96d63ea37c8245128778f_audio_missing_utopia_1780228927605_transcript,69e96d63ea37c8245128778f_audio_missing_utopia_1780228927605.webm,146,neutral,0.48182034492492676,3,4096,unknown
69e96d63ea37c8245128778f_audio_ranking_explanation_1780228845784_transcript,69e96d63ea37c8245128778f_audio_ranking_explanation_1780228845784.webm,216,positive,0.7335451245307922,4,4096,unknown
69e96f9a9720314bfef36394_audio_missing_utopia_1780381109348_transcript,69e96f9a9720314bfef36394_audio_missing_utopia_1780381109348.webm,495,positive,0.5445157289505005,9,4096,unknown
69e96f9a9720314bfef36394_audio_ranking_explanation_1780381050590_transcript,69e96f9a9720314bfef36394_audio_ranking_explanation_1780381050590.webm,704,positive,0.4050072729587555,13,4096,unknown
69e9718147d1bb9c75f8e14f_audio_missing_utopia_1780393250030_transcript,69e9718147d1bb9c75f8e14f_audio_missing_utopia_1780393250030.webm,44,neutral,0.5955948829650879,0,4096,unknown
69e9718147d1bb9c75f8e14f_audio_ranking_explanation_1780393192812_transcript,69e9718147d1bb9c75f8e14f_audio_ranking_explanation_1780393192812.webm,77,neutral,0.6660313010215759,1,4096,unknown
69e980c89da1ccaa91f5672a_audio_missing_utopia_1780387991777_transcript,69e980c89da1ccaa91f5672a_audio_missing_utopia_1780387991777.webm,342,negative,0.6817757487297058,6,4096,unknown
69e980c89da1ccaa91f5672a_audio_ranking_explanation_1780387943697_transcript,69e980c89da1ccaa91f5672a_audio_ranking_explanation_1780387943697.webm,464,neutral,0.5103945732116699,8,4096,unknown
69e9e4b0403f283ee70a50ec_audio_missing_utopia_1780436323239_transcript,69e9e4b0403f283ee70a50ec_audio_missing_utopia_1780436323239.webm,270,neutral,0.6411665678024292,5,4096,unknown
69e9e4b0403f283ee70a50ec_audio_ranking_explanation_1780436282577_transcript,69e9e4b0403f283ee70a50ec_audio_ranking_explanation_1780436282577.webm,789,neutral,0.4874616265296936,14,4096,unknown
69ea7367c2fff52ec22449cd_audio_missing_utopia_1780402096476_transcript,69ea7367c2fff52ec22449cd_audio_missing_utopia_1780402096476.webm,344,positive,0.5853671431541443,6,4096,unknown
69ea7367c2fff52ec22449cd_audio_ranking_explanation_1780402045605_transcript,69ea7367c2fff52ec22449cd_audio_ranking_explanation_1780402045605.webm,508,neutral,0.5276803374290466,9,4096,unknown
69ea85a781acc0db1d9ebd8f_audio_missing_utopia_1780399463996_transcript,69ea85a781acc0db1d9ebd8f_audio_missing_utopia_1780399463996.webm,289,positive,0.891049861907959,5,4096,unknown
69ea85a781acc0db1d9ebd8f_audio_ranking_explanation_1780399396686_transcript,69ea85a781acc0db1d9ebd8f_audio_ranking_explanation_1780399396686.webm,807,positive,0.8922725915908813,14,4096,unknown
69eb9aa32511bd79b8d72580_audio_missing_utopia_1780393189005_transcript,69eb9aa32511bd79b8d72580_audio_missing_utopia_1780393189005.webm,464,neutral,0.6609394550323486,8,4096,unknown
69eb9aa32511bd79b8d72580_audio_ranking_explanation_1780393117789_transcript,69eb9aa32511bd79b8d72580_audio_ranking_explanation_1780393117789.webm,413,neutral,0.6037730574607849,7,4096,unknown
69ed0c6734ee18b16b158c67_audio_missing_utopia_1780432802361_transcript,69ed0c6734ee18b16b158c67_audio_missing_utopia_1780432802361.webm,1490,neutral,0.6810153126716614,25,4096,unknown
69ed0c6734ee18b16b158c67_audio_ranking_explanation_1780432660625_transcript,69ed0c6734ee18b16b158c67_audio_ranking_explanation_1780432660625.webm,1430,neutral,0.6420900225639343,23,4096,unknown
69ed0e642867961fbd1ac973_audio_missing_utopia_1780411091941_transcript,69ed0e642867961fbd1ac973_audio_missing_utopia_1780411091941.webm,214,negative,0.5005460381507874,4,4096,unknown
69ed0e642867961fbd1ac973_audio_ranking_explanation_1780411059394_transcript,69ed0e642867961fbd1ac973_audio_ranking_explanation_1780411059394.webm,876,negative,0.7593287825584412,15,4096,unknown
69ed51c1fdcc2febba6a8024_audio_missing_utopia_1780418495116_transcript,69ed51c1fdcc2febba6a8024_audio_missing_utopia_1780418495116.webm,180,neutral,0.43782156705856323,2,4096,unknown
69ed51c1fdcc2febba6a8024_audio_ranking_explanation_1780418454257_transcript,69ed51c1fdcc2febba6a8024_audio_ranking_explanation_1780418454257.webm,250,positive,0.8059046864509583,4,4096,unknown
69ed6b56ec2b40534d6806ad_audio_missing_utopia_1780428975866_transcript,69ed6b56ec2b40534d6806ad_audio_missing_utopia_1780428975866.webm,976,neutral,0.5026627779006958,20,4096,unknown
69ed6b56ec2b40534d6806ad_audio_ranking_explanation_1780428811408_transcript,69ed6b56ec2b40534d6806ad_audio_ranking_explanation_1780428811408.webm,2447,neutral,0.5575487613677979,49,4096,unknown
69ee4a93e4b6f636b49e6771_audio_missing_utopia_1780392086106_transcript,69ee4a93e4b6f636b49e6771_audio_missing_utopia_1780392086106.webm,1242,neutral,0.5920369029045105,19,4096,unknown
69ee4a93e4b6f636b49e6771_audio_ranking_explanation_1780391816358_transcript,69ee4a93e4b6f636b49e6771_audio_ranking_explanation_1780391816358.webm,2100,positive,0.5908695459365845,33,4096,unknown
69ee82889c93673d3fe5ff5a_audio_missing_utopia_1780407499522_transcript,69ee82889c93673d3fe5ff5a_audio_missing_utopia_1780407499522.webm,337,positive,0.7049666047096252,4,4096,unknown
69ee82889c93673d3fe5ff5a_audio_ranking_explanation_1780407392621_transcript,69ee82889c93673d3fe5ff5a_audio_ranking_explanation_1780407392621.webm,355,positive,0.6486936807632446,4,4096,unknown
69eeeb8ffdb5683bcd4c404c_audio_missing_utopia_1780406483827_transcript,69eeeb8ffdb5683bcd4c404c_audio_missing_utopia_1780406483827.webm,731,neutral,0.7543224692344666,12,4096,unknown
69eeeb8ffdb5683bcd4c404c_audio_ranking_explanation_1780406416579_transcript,69eeeb8ffdb5683bcd4c404c_audio_ranking_explanation_1780406416579.webm,705,neutral,0.5294308066368103,12,4096,unknown
69ef36098cf562a8a5b1251f_audio_missing_utopia_1780431152690_transcript,69ef36098cf562a8a5b1251f_audio_missing_utopia_1780431152690.webm,295,positive,0.5859077572822571,5,4096,unknown
69ef36098cf562a8a5b1251f_audio_ranking_explanation_1780431094952_transcript,69ef36098cf562a8a5b1251f_audio_ranking_explanation_1780431094952.webm,1543,neutral,0.5235195755958557,27,4096,unknown
69efcfba84d2e0f9dccd0692_audio_missing_utopia_1780378938971_transcript,69efcfba84d2e0f9dccd0692_audio_missing_utopia_1780378938971.webm,1273,negative,0.6227766871452332,23,4096,unknown
69efcfba84d2e0f9dccd0692_audio_ranking_explanation_1780378799147_transcript,69efcfba84d2e0f9dccd0692_audio_ranking_explanation_1780378799147.webm,2123,positive,0.7099139094352722,40,4096,unknown
69efd6b0a093516b899d9ff2_audio_missing_utopia_1780198259961_transcript,69efd6b0a093516b899d9ff2_audio_missing_utopia_1780198259961.webm,396,positive,0.4791998565196991,7,4096,unknown
69efd6b0a093516b899d9ff2_audio_ranking_explanation_1780198217925_transcript,69efd6b0a093516b899d9ff2_audio_ranking_explanation_1780198217925.webm,662,neutral,0.5750284194946289,11,4096,unknown
69f0d6ece0af9c37a6adc97c_audio_missing_utopia_1780402720042_transcript,69f0d6ece0af9c37a6adc97c_audio_missing_utopia_1780402720042.webm,1006,neutral,0.7136487364768982,15,4096,unknown
69f0d6ece0af9c37a6adc97c_audio_ranking_explanation_1780402508143_transcript,69f0d6ece0af9c37a6adc97c_audio_ranking_explanation_1780402508143.webm,727,neutral,0.666029691696167,11,4096,unknown
69f0d72473ebbbfb5bdab2fb_audio_missing_utopia_1780426481279_transcript,69f0d72473ebbbfb5bdab2fb_audio_missing_utopia_1780426481279.webm,37,neutral,0.7947620749473572,0,4096,unknown
69f0d72473ebbbfb5bdab2fb_audio_ranking_explanation_1780426467127_transcript,69f0d72473ebbbfb5bdab2fb_audio_ranking_explanation_1780426467127.webm,587,positive,0.6657330393791199,10,4096,unknown
69f0ef2a58d846e3bbe5a68f_audio_missing_utopia_1780390467442_transcript,69f0ef2a58d846e3bbe5a68f_audio_missing_utopia_1780390467442.webm,727,neutral,0.6153976321220398,10,4096,unknown
69f11abbcb74929a2bf4a175_audio_missing_utopia_1780381641126_transcript,69f11abbcb74929a2bf4a175_audio_missing_utopia_1780381641126.webm,330,positive,0.6291590929031372,4,4096,unknown
69f11abbcb74929a2bf4a175_audio_ranking_explanation_1780381485999_transcript,69f11abbcb74929a2bf4a175_audio_ranking_explanation_1780381485999.webm,163,positive,0.8077318668365479,2,4096,unknown
69f11c9f9a42a013e07426d3_audio_missing_utopia_1780384393246_transcript,69f11c9f9a42a013e07426d3_audio_missing_utopia_1780384393246.webm,83,positive,0.8517813086509705,1,4096,unknown
69f11c9f9a42a013e07426d3_audio_ranking_explanation_1780384366022_transcript,69f11c9f9a42a013e07426d3_audio_ranking_explanation_1780384366022.webm,426,negative,0.7250540256500244,7,4096,unknown
69f135284e35bc7ed69af8a8_audio_missing_utopia_1780263995124_transcript,69f135284e35bc7ed69af8a8_audio_missing_utopia_1780263995124.webm,389,neutral,0.8170797228813171,7,4096,unknown
69f135284e35bc7ed69af8a8_audio_ranking_explanation_1780263948637_transcript,69f135284e35bc7ed69af8a8_audio_ranking_explanation_1780263948637.webm,489,positive,0.8027758598327637,9,4096,unknown
69f14586ec194f18f9ace54f_audio_missing_utopia_1780395567276_transcript,69f14586ec194f18f9ace54f_audio_missing_utopia_1780395567276.webm,434,negative,0.6112927198410034,8,4096,unknown
69f14586ec194f18f9ace54f_audio_ranking_explanation_1780395378427_transcript,69f14586ec194f18f9ace54f_audio_ranking_explanation_1780395378427.webm,1576,positive,0.6522066593170166,30,4096,unknown
69f2911e70d459bc627005be_audio_missing_utopia_1780325205324_transcript,69f2911e70d459bc627005be_audio_missing_utopia_1780325205324.webm,781,neutral,0.6731371879577637,14,4096,unknown
69f2911e70d459bc627005be_audio_ranking_explanation_1780325019678_transcript,69f2911e70d459bc627005be_audio_ranking_explanation_1780325019678.webm,1840,positive,0.6603462100028992,34,4096,unknown
69f2bd53f07ed3cf6fc6fd94_audio_missing_utopia_1780410144893_transcript,69f2bd53f07ed3cf6fc6fd94_audio_missing_utopia_1780410144893.webm,1307,neutral,0.7558788061141968,25,4096,unknown
69f2bd53f07ed3cf6fc6fd94_audio_ranking_explanation_1780410027108_transcript,69f2bd53f07ed3cf6fc6fd94_audio_ranking_explanation_1780410027108.webm,3835,positive,0.8824580907821655,72,4096,unknown
69f2e41b9e247db43c69fb42_audio_missing_utopia_1780419401024_transcript,69f2e41b9e247db43c69fb42_audio_missing_utopia_1780419401024.webm,345,negative,0.47961530089378357,6,4096,unknown
69f2e41b9e247db43c69fb42_audio_ranking_explanation_1780419245988_transcript,69f2e41b9e247db43c69fb42_audio_ranking_explanation_1780419245988.webm,403,positive,0.6406235098838806,7,4096,unknown
69f36e51c308822e1b3ea121_audio_missing_utopia_1780163332002_transcript,69f36e51c308822e1b3ea121_audio_missing_utopia_1780163332002.webm,3,neutral,0.6359361410140991,0,4096,unknown
69f36e51c308822e1b3ea121_audio_ranking_explanation_1780163312203_transcript,69f36e51c308822e1b3ea121_audio_ranking_explanation_1780163312203.webm,4,neutral,0.6562744379043579,0,4096,unknown
69f3fc26bbf5ecb0a37b73af_audio_missing_utopia_1780408896073_transcript,69f3fc26bbf5ecb0a37b73af_audio_missing_utopia_1780408896073.webm,167,positive,0.945781409740448,3,4096,unknown
69f3fc26bbf5ecb0a37b73af_audio_ranking_explanation_1780408867207_transcript,69f3fc26bbf5ecb0a37b73af_audio_ranking_explanation_1780408867207.webm,1901,negative,0.8197030425071716,37,4096,unknown
69f45c14285f90281ed9122f_audio_missing_utopia_1780171289731_transcript,69f45c14285f90281ed9122f_audio_missing_utopia_1780171289731.webm,556,neutral,0.5741269588470459,10,4096,unknown
69f45c14285f90281ed9122f_audio_ranking_explanation_1780171225250_transcript,69f45c14285f90281ed9122f_audio_ranking_explanation_1780171225250.webm,1800,neutral,0.46773216128349304,36,4096,unknown
69f49562a94a4da9c8520aa1_audio_missing_utopia_1780393162696_transcript,69f49562a94a4da9c8520aa1_audio_missing_utopia_1780393162696.webm,934,neutral,0.656791090965271,17,4096,unknown
69f49562a94a4da9c8520aa1_audio_ranking_explanation_1780393051583_transcript,69f49562a94a4da9c8520aa1_audio_ranking_explanation_1780393051583.webm,1187,positive,0.8915793299674988,21,4096,unknown
69f5ffead896ece4c5fe58e2_audio_missing_utopia_1780486413460_transcript,69f5ffead896ece4c5fe58e2_audio_missing_utopia_1780486413460.webm,1689,positive,0.5104996562004089,30,4096,unknown
69f5ffead896ece4c5fe58e2_audio_ranking_explanation_1780486235289_transcript,69f5ffead896ece4c5fe58e2_audio_ranking_explanation_1780486235289.webm,2134,positive,0.8956871032714844,39,4096,unknown
69f62e8b80575ae2288b14b2_audio_missing_utopia_1780380875141_transcript,69f62e8b80575ae2288b14b2_audio_missing_utopia_1780380875141.webm,326,positive,0.6354807019233704,4,4096,unknown
69f62e8b80575ae2288b14b2_audio_ranking_explanation_1780380769314_transcript,69f62e8b80575ae2288b14b2_audio_ranking_explanation_1780380769314.webm,137,negative,0.5842137336730957,2,4096,unknown
69f636b26cb93c1c2da8b5e8_audio_missing_utopia_1780447649387_transcript,69f636b26cb93c1c2da8b5e8_audio_missing_utopia_1780447649387.webm,214,positive,0.48563912510871887,3,4096,unknown
69f636b26cb93c1c2da8b5e8_audio_ranking_explanation_1780447412047_transcript,69f636b26cb93c1c2da8b5e8_audio_ranking_explanation_1780447412047.webm,31,neutral,0.9192373752593994,0,4096,unknown
69f63c887d8133dc046897fa_audio_missing_utopia_1780407017004_transcript,69f63c887d8133dc046897fa_audio_missing_utopia_1780407017004.webm,212,positive,0.8255792856216431,4,4096,unknown
69f63c887d8133dc046897fa_audio_ranking_explanation_1780406947531_transcript,69f63c887d8133dc046897fa_audio_ranking_explanation_1780406947531.webm,208,neutral,0.5410783886909485,3,4096,unknown
69f663add8c27375de2ae11c_audio_missing_utopia_1780193742984_transcript,69f663add8c27375de2ae11c_audio_missing_utopia_1780193742984.webm,905,negative,0.554078996181488,17,4096,unknown
69f663add8c27375de2ae11c_audio_ranking_explanation_1780193399724_transcript,69f663add8c27375de2ae11c_audio_ranking_explanation_1780193399724.webm,3556,positive,0.6976528167724609,65,4096,unknown
69f67debc343491ee99f43ef_audio_missing_utopia_1780182723211_transcript,69f67debc343491ee99f43ef_audio_missing_utopia_1780182723211.webm,956,neutral,0.6456156373023987,16,4096,unknown
69f67debc343491ee99f43ef_audio_ranking_explanation_1780182525792_transcript,69f67debc343491ee99f43ef_audio_ranking_explanation_1780182525792.webm,832,neutral,0.49748483300209045,14,4096,unknown
69f7d0570e04b2ae2c3e7e26_audio_missing_utopia_1780523260426_transcript,69f7d0570e04b2ae2c3e7e26_audio_missing_utopia_1780523260426.webm,503,neutral,0.6014452576637268,9,4096,unknown
69f7d0570e04b2ae2c3e7e26_audio_ranking_explanation_1780523216591_transcript,69f7d0570e04b2ae2c3e7e26_audio_ranking_explanation_1780523216591.webm,1707,positive,0.7578577995300293,31,4096,unknown
69f8efeeb3152a5e550bf057_audio_missing_utopia_1780402315988_transcript,69f8efeeb3152a5e550bf057_audio_missing_utopia_1780402315988.webm,120,neutral,0.5483654737472534,2,4096,unknown
69f8efeeb3152a5e550bf057_audio_ranking_explanation_1780402294873_transcript,69f8efeeb3152a5e550bf057_audio_ranking_explanation_1780402294873.webm,1560,positive,0.8911025524139404,27,4096,unknown
69f8f44ee6bf15c5d2f9e595_audio_missing_utopia_1780329611749_transcript,69f8f44ee6bf15c5d2f9e595_audio_missing_utopia_1780329611749.webm,503,neutral,0.5714139938354492,7,4096,unknown
69f8f44ee6bf15c5d2f9e595_audio_ranking_explanation_1780329495281_transcript,69f8f44ee6bf15c5d2f9e595_audio_ranking_explanation_1780329495281.webm,557,neutral,0.753170371055603,7,4096,unknown
69f938d4d5bd55e66f88f331_audio_missing_utopia_1780417694993_transcript,69f938d4d5bd55e66f88f331_audio_missing_utopia_1780417694993.webm,1292,neutral,0.6166911721229553,25,4096,unknown
69f938d4d5bd55e66f88f331_audio_ranking_explanation_1780417469612_transcript,69f938d4d5bd55e66f88f331_audio_ranking_explanation_1780417469612.webm,1985,neutral,0.5086183547973633,37,4096,unknown
69f97c65d0bbaa97a2a0eee9_audio_missing_utopia_1780439676092_transcript,69f97c65d0bbaa97a2a0eee9_audio_missing_utopia_1780439676092.webm,510,neutral,0.5969564318656921,8,4096,unknown
69f97c65d0bbaa97a2a0eee9_audio_ranking_explanation_1780439625864_transcript,69f97c65d0bbaa97a2a0eee9_audio_ranking_explanation_1780439625864.webm,593,positive,0.8473286628723145,10,4096,unknown
69f982d8dd2a2a1e9f1c16fc_audio_missing_utopia_1780384016329_transcript,69f982d8dd2a2a1e9f1c16fc_audio_missing_utopia_1780384016329.webm,518,neutral,0.748706042766571,9,4096,unknown
69f982d8dd2a2a1e9f1c16fc_audio_ranking_explanation_1780383961907_transcript,69f982d8dd2a2a1e9f1c16fc_audio_ranking_explanation_1780383961907.webm,1211,positive,0.5230259895324707,22,4096,unknown
69f9d194b0eebbd9aea739b5_audio_missing_utopia_1780379643820_transcript,69f9d194b0eebbd9aea739b5_audio_missing_utopia_1780379643820.webm,153,neutral,0.5650899410247803,2,4096,unknown
69f9d194b0eebbd9aea739b5_audio_ranking_explanation_1780379568050_transcript,69f9d194b0eebbd9aea739b5_audio_ranking_explanation_1780379568050.webm,154,positive,0.6127861738204956,2,4096,unknown
69f9dfe6814b936120d97ac9_audio_missing_utopia_1780408415982_transcript,69f9dfe6814b936120d97ac9_audio_missing_utopia_1780408415982.webm,217,neutral,0.5870537161827087,3,4096,unknown
69f9dfe6814b936120d97ac9_audio_ranking_explanation_1780408348128_transcript,69f9dfe6814b936120d97ac9_audio_ranking_explanation_1780408348128.webm,905,positive,0.6836696267127991,16,4096,unknown
69fa44cccc681b5f8be84e23_audio_missing_utopia_1780406606127_transcript,69fa44cccc681b5f8be84e23_audio_missing_utopia_1780406606127.webm,183,positive,0.549472451210022,3,4096,unknown
69fa44cccc681b5f8be84e23_audio_ranking_explanation_1780406568293_transcript,69fa44cccc681b5f8be84e23_audio_ranking_explanation_1780406568293.webm,1696,positive,0.8200287818908691,34,4096,unknown
69fab71a215f5a17bbecc692_audio_missing_utopia_1780380188149_transcript,69fab71a215f5a17bbecc692_audio_missing_utopia_1780380188149.webm,1394,neutral,0.7220383882522583,26,4096,unknown
69fab71a215f5a17bbecc692_audio_ranking_explanation_1780380017445_transcript,69fab71a215f5a17bbecc692_audio_ranking_explanation_1780380017445.webm,2422,positive,0.872162401676178,43,4096,unknown
69fb69fc0d2413c89f9896e6_audio_missing_utopia_1780406507993_transcript,69fb69fc0d2413c89f9896e6_audio_missing_utopia_1780406507993.webm,303,positive,0.6457694172859192,6,4096,unknown
69fb69fc0d2413c89f9896e6_audio_ranking_explanation_1780406471954_transcript,69fb69fc0d2413c89f9896e6_audio_ranking_explanation_1780406471954.webm,311,neutral,0.43455377221107483,6,4096,unknown
69fb85c62b92db7fae0e42a2_audio_missing_utopia_1780439188505_transcript,69fb85c62b92db7fae0e42a2_audio_missing_utopia_1780439188505.webm,153,neutral,0.7703508734703064,2,4096,unknown
69fb85c62b92db7fae0e42a2_audio_ranking_explanation_1780439164282_transcript,69fb85c62b92db7fae0e42a2_audio_ranking_explanation_1780439164282.webm,854,negative,0.5273659229278564,16,4096,unknown
69fb8d85c239a57e0df4e1d3_audio_missing_utopia_1780243693268_transcript,69fb8d85c239a57e0df4e1d3_audio_missing_utopia_1780243693268.webm,352,positive,0.5004552602767944,6,4096,unknown
69fb8d85c239a57e0df4e1d3_audio_ranking_explanation_1780243625878_transcript,69fb8d85c239a57e0df4e1d3_audio_ranking_explanation_1780243625878.webm,794,positive,0.7860962748527527,14,4096,unknown
69fba19c13731b3f706e38b1_audio_missing_utopia_1780219612622_transcript,69fba19c13731b3f706e38b1_audio_missing_utopia_1780219612622.webm,273,positive,0.5349563956260681,4,4096,unknown
69fba1d76bc977f982998a3a_audio_missing_utopia_1780380272295_transcript,69fba1d76bc977f982998a3a_audio_missing_utopia_1780380272295.webm,837,neutral,0.5778262615203857,17,4096,unknown
69fba1d76bc977f982998a3a_audio_ranking_explanation_1780380176999_transcript,69fba1d76bc977f982998a3a_audio_ranking_explanation_1780380176999.webm,2481,neutral,0.6249409914016724,50,4096,unknown
69fba1f39803e63b67d49272_audio_missing_utopia_1780395118296_transcript,69fba1f39803e63b67d49272_audio_missing_utopia_1780395118296.webm,781,neutral,0.6502880454063416,13,4096,unknown
69fba1f39803e63b67d49272_audio_ranking_explanation_1780395027746_transcript,69fba1f39803e63b67d49272_audio_ranking_explanation_1780395027746.webm,2806,negative,0.9197045564651489,50,4096,unknown
69fba31786a9f62439a74897_audio_missing_utopia_1780380357157_transcript,69fba31786a9f62439a74897_audio_missing_utopia_1780380357157.webm,1116,negative,0.5085532069206238,20,4096,unknown
69fba31786a9f62439a74897_audio_ranking_explanation_1780380244431_transcript,69fba31786a9f62439a74897_audio_ranking_explanation_1780380244431.webm,1207,negative,0.6040661931037903,22,4096,unknown
69fba866c48220909d281e3f_audio_missing_utopia_1780390726373_transcript,69fba866c48220909d281e3f_audio_missing_utopia_1780390726373.webm,1080,neutral,0.6202381253242493,20,4096,unknown
69fba866c48220909d281e3f_audio_ranking_explanation_1780390558490_transcript,69fba866c48220909d281e3f_audio_ranking_explanation_1780390558490.webm,3532,negative,0.6919809579849243,64,4096,unknown
69fc6d63d6ac9d6a76e329ad_audio_missing_utopia_1780402927185_transcript,69fc6d63d6ac9d6a76e329ad_audio_missing_utopia_1780402927185.webm,975,neutral,0.43091168999671936,16,4096,unknown
69fc6d63d6ac9d6a76e329ad_audio_ranking_explanation_1780402809307_transcript,69fc6d63d6ac9d6a76e329ad_audio_ranking_explanation_1780402809307.webm,1907,positive,0.8271754384040833,34,4096,unknown
69fce5f3543a5fb23a96fd38_audio_missing_utopia_1780169406603_transcript,69fce5f3543a5fb23a96fd38_audio_missing_utopia_1780169406603.webm,982,neutral,0.5177371501922607,14,4096,unknown
69fce5f3543a5fb23a96fd38_audio_ranking_explanation_1780169282539_transcript,69fce5f3543a5fb23a96fd38_audio_ranking_explanation_1780169282539.webm,582,positive,0.549034595489502,8,4096,unknown
69fdda7b1de3674cc53ee356_audio_missing_utopia_1780395717574_transcript,69fdda7b1de3674cc53ee356_audio_missing_utopia_1780395717574.webm,327,neutral,0.6213196516036987,5,4096,unknown
69fdda7b1de3674cc53ee356_audio_ranking_explanation_1780395665752_transcript,69fdda7b1de3674cc53ee356_audio_ranking_explanation_1780395665752.webm,411,positive,0.7451647520065308,7,4096,unknown
69fe0a1379c697a122be3c51_audio_missing_utopia_1780381580501_transcript,69fe0a1379c697a122be3c51_audio_missing_utopia_1780381580501.webm,220,neutral,0.5996635556221008,4,4096,unknown
69fe0a1379c697a122be3c51_audio_ranking_explanation_1780381552971_transcript,69fe0a1379c697a122be3c51_audio_ranking_explanation_1780381552971.webm,950,neutral,0.4888690114021301,16,4096,unknown
69fe12a3cbb83e4d288a6082_audio_missing_utopia_1780441855063_transcript,69fe12a3cbb83e4d288a6082_audio_missing_utopia_1780441855063.webm,1473,neutral,0.7452808022499084,26,4096,unknown
69fe12a3cbb83e4d288a6082_audio_ranking_explanation_1780441724095_transcript,69fe12a3cbb83e4d288a6082_audio_ranking_explanation_1780441724095.webm,2404,neutral,0.7428814172744751,43,4096,unknown
69fe57468b52fe5dd81773d0_audio_missing_utopia_1780419032636_transcript,69fe57468b52fe5dd81773d0_audio_missing_utopia_1780419032636.webm,201,positive,0.6360335350036621,3,4096,unknown
69fe8789002b61a3f797722e_audio_missing_utopia_1780278690017_transcript,69fe8789002b61a3f797722e_audio_missing_utopia_1780278690017.webm,139,neutral,0.7365208864212036,2,4096,unknown
69fe8789002b61a3f797722e_audio_ranking_explanation_1780278176231_transcript,69fe8789002b61a3f797722e_audio_ranking_explanation_1780278176231.webm,437,neutral,0.5451033711433411,5,4096,unknown
69fe9e67a20599144f688b50_audio_missing_utopia_1780153147993_transcript,69fe9e67a20599144f688b50_audio_missing_utopia_1780153147993.webm,590,negative,0.5503756403923035,10,4096,unknown
69fe9e67a20599144f688b50_audio_ranking_explanation_1780153014058_transcript,69fe9e67a20599144f688b50_audio_ranking_explanation_1780153014058.webm,1788,negative,0.8227203488349915,31,4096,unknown
69ffa3efb10faa3cf2733a24_audio_missing_utopia_1780408223015_transcript,69ffa3efb10faa3cf2733a24_audio_missing_utopia_1780408223015.webm,198,positive,0.5644627809524536,3,4096,unknown
69ffa3efb10faa3cf2733a24_audio_ranking_explanation_1780408118849_transcript,69ffa3efb10faa3cf2733a24_audio_ranking_explanation_1780408118849.webm,1226,positive,0.5020826458930969,23,4096,unknown
69ffe5da917d458e31b7f33c_audio_missing_utopia_1780406146364_transcript,69ffe5da917d458e31b7f33c_audio_missing_utopia_1780406146364.webm,616,positive,0.5338878631591797,10,4096,unknown
69ffe5da917d458e31b7f33c_audio_ranking_explanation_1780406047469_transcript,69ffe5da917d458e31b7f33c_audio_ranking_explanation_1780406047469.webm,927,positive,0.7313718795776367,17,4096,unknown
69fff1bc3883a7ede899af09_audio_missing_utopia_1780426961735_transcript,69fff1bc3883a7ede899af09_audio_missing_utopia_1780426961735.webm,710,neutral,0.6372503638267517,12,4096,unknown
69fff1bc3883a7ede899af09_audio_ranking_explanation_1780426876688_transcript,69fff1bc3883a7ede899af09_audio_ranking_explanation_1780426876688.webm,1410,neutral,0.7179985046386719,24,4096,unknown
69fff7076b68ecf72d03cab7_audio_missing_utopia_1780233179037_transcript,69fff7076b68ecf72d03cab7_audio_missing_utopia_1780233179037.webm,503,neutral,0.6855220198631287,9,4096,unknown
69fff7076b68ecf72d03cab7_audio_ranking_explanation_1780233141039_transcript,69fff7076b68ecf72d03cab7_audio_ranking_explanation_1780233141039.webm,1646,positive,0.8615978360176086,31,4096,unknown
6a00b8ac3d945373290b0f29_audio_missing_utopia_1780405399150_transcript,6a00b8ac3d945373290b0f29_audio_missing_utopia_1780405399150.webm,376,neutral,0.6124958395957947,7,4096,unknown
6a00b8ac3d945373290b0f29_audio_ranking_explanation_1780405356510_transcript,6a00b8ac3d945373290b0f29_audio_ranking_explanation_1780405356510.webm,570,negative,0.6034539341926575,10,4096,unknown
6a00c7ba2c43eaaf569dfe24_audio_missing_utopia_1780336803408_transcript,6a00c7ba2c43eaaf569dfe24_audio_missing_utopia_1780336803408.webm,372,positive,0.7609480619430542,6,4096,unknown
6a00c7ba2c43eaaf569dfe24_audio_ranking_explanation_1780336700615_transcript,6a00c7ba2c43eaaf569dfe24_audio_ranking_explanation_1780336700615.webm,1360,positive,0.8938212394714355,27,4096,unknown
6a00eb1bf01dccf542628044_audio_missing_utopia_1780410128781_transcript,6a00eb1bf01dccf542628044_audio_missing_utopia_1780410128781.webm,773,neutral,0.6920240521430969,14,4096,unknown
6a00eb1bf01dccf542628044_audio_ranking_explanation_1780409911887_transcript,6a00eb1bf01dccf542628044_audio_ranking_explanation_1780409911887.webm,1045,neutral,0.6999476552009583,17,4096,unknown
6a0122424f5dfae04edaa4b4_audio_missing_utopia_1780406789431_transcript,6a0122424f5dfae04edaa4b4_audio_missing_utopia_1780406789431.webm,781,neutral,0.5387052893638611,14,4096,unknown
6a0122424f5dfae04edaa4b4_audio_ranking_explanation_1780406691561_transcript,6a0122424f5dfae04edaa4b4_audio_ranking_explanation_1780406691561.webm,832,negative,0.7812080979347229,14,4096,unknown
6a0158ba79527c0dc00b8153_audio_missing_utopia_1780200139424_transcript,6a0158ba79527c0dc00b8153_audio_missing_utopia_1780200139424.webm,866,positive,0.9470199346542358,15,4096,unknown
6a0158ba79527c0dc00b8153_audio_ranking_explanation_1780200032633_transcript,6a0158ba79527c0dc00b8153_audio_ranking_explanation_1780200032633.webm,1337,positive,0.7827597856521606,26,4096,unknown
6a01d4afbdb253690cf6bbfc_audio_missing_utopia_1780173577600_transcript,6a01d4afbdb253690cf6bbfc_audio_missing_utopia_1780173577600.webm,146,positive,0.8990916013717651,2,4096,unknown
6a01d4afbdb253690cf6bbfc_audio_ranking_explanation_1780173533132_transcript,6a01d4afbdb253690cf6bbfc_audio_ranking_explanation_1780173533132.webm,1301,negative,0.7568990588188171,24,4096,unknown
6a01d75da4748c5deb7237d7_audio_missing_utopia_1780412307372_transcript,6a01d75da4748c5deb7237d7_audio_missing_utopia_1780412307372.webm,977,neutral,0.7143977284431458,16,4096,unknown
6a01d75da4748c5deb7237d7_audio_ranking_explanation_1780412118775_transcript,6a01d75da4748c5deb7237d7_audio_ranking_explanation_1780412118775.webm,4326,positive,0.7780364155769348,80,4096,unknown
6a01da6beb0da70a25f5dbf5_audio_missing_utopia_1780410779371_transcript,6a01da6beb0da70a25f5dbf5_audio_missing_utopia_1780410779371.webm,388,neutral,0.437308132648468,7,4096,unknown
6a01da6beb0da70a25f5dbf5_audio_ranking_explanation_1780410734209_transcript,6a01da6beb0da70a25f5dbf5_audio_ranking_explanation_1780410734209.webm,1536,positive,0.5224217176437378,31,4096,unknown
6a0213950776ba356a324177_audio_missing_utopia_1780402328169_transcript,6a0213950776ba356a324177_audio_missing_utopia_1780402328169.webm,59,neutral,0.5034674406051636,0,4096,unknown
6a0213950776ba356a324177_audio_ranking_explanation_1780402273746_transcript,6a0213950776ba356a324177_audio_ranking_explanation_1780402273746.webm,343,negative,0.5940459370613098,6,4096,unknown
6a0225434a6fa72955c8b5cb_audio_missing_utopia_1780444710915_transcript,6a0225434a6fa72955c8b5cb_audio_missing_utopia_1780444710915.webm,300,negative,0.5222660303115845,5,4096,unknown
6a0225434a6fa72955c8b5cb_audio_ranking_explanation_1780444256222_transcript,6a0225434a6fa72955c8b5cb_audio_ranking_explanation_1780444256222.webm,746,neutral,0.6744359731674194,15,4096,unknown
6a025143ab399f83cdaa9f16_audio_missing_utopia_1780429843167_transcript,6a025143ab399f83cdaa9f16_audio_missing_utopia_1780429843167.webm,176,neutral,0.5109262466430664,2,4096,unknown
6a025143ab399f83cdaa9f16_audio_ranking_explanation_1780429755302_transcript,6a025143ab399f83cdaa9f16_audio_ranking_explanation_1780429755302.webm,125,positive,0.7402598261833191,2,4096,unknown
6a026b14fa26d03597f2dced_audio_missing_utopia_1780181953941_transcript,6a026b14fa26d03597f2dced_audio_missing_utopia_1780181953941.webm,301,neutral,0.7481521964073181,4,4096,unknown
6a026b14fa26d03597f2dced_audio_ranking_explanation_1780181825018_transcript,6a026b14fa26d03597f2dced_audio_ranking_explanation_1780181825018.webm,392,positive,0.5813538432121277,5,4096,unknown
6a026e182e8f80652216c041_audio_missing_utopia_1780184515029_transcript,6a026e182e8f80652216c041_audio_missing_utopia_1780184515029.webm,467,positive,0.7054831385612488,9,4096,unknown
6a026e182e8f80652216c041_audio_ranking_explanation_1780184471353_transcript,6a026e182e8f80652216c041_audio_ranking_explanation_1780184471353.webm,1822,neutral,0.718542754650116,35,4096,unknown
6a02a3d567b030856033eb52_audio_missing_utopia_1780382397315_transcript,6a02a3d567b030856033eb52_audio_missing_utopia_1780382397315.webm,387,neutral,0.7364699244499207,5,4096,unknown
6a02a3d567b030856033eb52_audio_ranking_explanation_1780382274633_transcript,6a02a3d567b030856033eb52_audio_ranking_explanation_1780382274633.webm,125,positive,0.8025137782096863,1,4096,unknown
6a02ab669081e158531f77f6_audio_missing_utopia_1780407252451_transcript,6a02ab669081e158531f77f6_audio_missing_utopia_1780407252451.webm,440,positive,0.496692031621933,7,4096,unknown
6a02ab669081e158531f77f6_audio_ranking_explanation_1780407189090_transcript,6a02ab669081e158531f77f6_audio_ranking_explanation_1780407189090.webm,630,negative,0.8938913345336914,11,4096,unknown
6a02d6ae830868fc71cdbdb9_audio_missing_utopia_1780379275719_transcript,6a02d6ae830868fc71cdbdb9_audio_missing_utopia_1780379275719.webm,352,neutral,0.7098983526229858,6,4096,unknown
6a02d6ae830868fc71cdbdb9_audio_ranking_explanation_1780379162868_transcript,6a02d6ae830868fc71cdbdb9_audio_ranking_explanation_1780379162868.webm,771,positive,0.6064482927322388,14,4096,unknown
6a037281ac6ad91fede2d14d_audio_missing_utopia_1780169839800_transcript,6a037281ac6ad91fede2d14d_audio_missing_utopia_1780169839800.webm,95,neutral,0.6575890183448792,1,4096,unknown
6a037281ac6ad91fede2d14d_audio_ranking_explanation_1780169772339_transcript,6a037281ac6ad91fede2d14d_audio_ranking_explanation_1780169772339.webm,680,neutral,0.4175429046154022,12,4096,unknown
6a037bdccdf50aa9efd14b0b_audio_missing_utopia_1780378149011_transcript,6a037bdccdf50aa9efd14b0b_audio_missing_utopia_1780378149011.webm,461,neutral,0.6839920878410339,8,4096,unknown
6a037bdccdf50aa9efd14b0b_audio_ranking_explanation_1780378081584_transcript,6a037bdccdf50aa9efd14b0b_audio_ranking_explanation_1780378081584.webm,1424,positive,0.6685096621513367,25,4096,unknown
6a040bdbd59cb32784363045_audio_missing_utopia_1780398072819_transcript,6a040bdbd59cb32784363045_audio_missing_utopia_1780398072819.webm,718,positive,0.7580898404121399,11,4096,unknown
6a04738e80818a63446d3854_audio_missing_utopia_1780443572371_transcript,6a04738e80818a63446d3854_audio_missing_utopia_1780443572371.webm,427,negative,0.50273197889328,7,4096,unknown
6a04738e80818a63446d3854_audio_ranking_explanation_1780443513698_transcript,6a04738e80818a63446d3854_audio_ranking_explanation_1780443513698.webm,751,neutral,0.5046327710151672,13,4096,unknown
6a049d0164653881b734e2dd_audio_missing_utopia_1780336252207_transcript,6a049d0164653881b734e2dd_audio_missing_utopia_1780336252207.webm,1236,positive,0.8928206562995911,24,4096,unknown
6a049d0164653881b734e2dd_audio_ranking_explanation_1780336166891_transcript,6a049d0164653881b734e2dd_audio_ranking_explanation_1780336166891.webm,1792,positive,0.6017693281173706,34,4096,unknown
6a04a5a7e230bb73b88bd6e6_audio_missing_utopia_1780155370357_transcript,6a04a5a7e230bb73b88bd6e6_audio_missing_utopia_1780155370357.webm,385,positive,0.769140899181366,7,4096,unknown
6a04a5a7e230bb73b88bd6e6_audio_ranking_explanation_1780155314847_transcript,6a04a5a7e230bb73b88bd6e6_audio_ranking_explanation_1780155314847.webm,574,neutral,0.5140301585197449,10,4096,unknown
6a04b76d9bbaf4af16d57088_audio_missing_utopia_1780382912567_transcript,6a04b76d9bbaf4af16d57088_audio_missing_utopia_1780382912567.webm,394,positive,0.699031412601471,5,4096,unknown
6a04b76d9bbaf4af16d57088_audio_ranking_explanation_1780382815428_transcript,6a04b76d9bbaf4af16d57088_audio_ranking_explanation_1780382815428.webm,646,positive,0.8842858672142029,8,4096,unknown
6a04bb8d89ca054e84cf57b3_audio_missing_utopia_1780401415822_transcript,6a04bb8d89ca054e84cf57b3_audio_missing_utopia_1780401415822.webm,347,neutral,0.5489971041679382,6,4096,unknown
6a04bb8d89ca054e84cf57b3_audio_ranking_explanation_1780401369211_transcript,6a04bb8d89ca054e84cf57b3_audio_ranking_explanation_1780401369211.webm,1149,neutral,0.6596105098724365,20,4096,unknown
6a04c01c963d770b4182218f_audio_missing_utopia_1780258426835_transcript,6a04c01c963d770b4182218f_audio_missing_utopia_1780258426835.webm,536,positive,0.49628251791000366,9,4096,unknown
6a04c01c963d770b4182218f_audio_ranking_explanation_1780258285493_transcript,6a04c01c963d770b4182218f_audio_ranking_explanation_1780258285493.webm,4215,positive,0.8286718130111694,73,4096,unknown
6a04c0e236a93ae493d6aaf5_audio_missing_utopia_1780399260182_transcript,6a04c0e236a93ae493d6aaf5_audio_missing_utopia_1780399260182.webm,199,neutral,0.5739503502845764,3,4096,unknown
6a04c0e236a93ae493d6aaf5_audio_ranking_explanation_1780399204982_transcript,6a04c0e236a93ae493d6aaf5_audio_ranking_explanation_1780399204982.webm,256,neutral,0.49673992395401,4,4096,unknown
6a04d37b32fa27d1a3b284a9_audio_missing_utopia_1780410316720_transcript,6a04d37b32fa27d1a3b284a9_audio_missing_utopia_1780410316720.webm,556,neutral,0.5446802973747253,9,4096,unknown
6a04d37b32fa27d1a3b284a9_audio_ranking_explanation_1780410252898_transcript,6a04d37b32fa27d1a3b284a9_audio_ranking_explanation_1780410252898.webm,2311,positive,0.8386327624320984,42,4096,unknown
6a0516eb6b8a9b19c4df58be_audio_missing_utopia_1780405726517_transcript,6a0516eb6b8a9b19c4df58be_audio_missing_utopia_1780405726517.webm,520,neutral,0.5216230750083923,9,4096,unknown
6a0516eb6b8a9b19c4df58be_audio_ranking_explanation_1780405624718_transcript,6a0516eb6b8a9b19c4df58be_audio_ranking_explanation_1780405624718.webm,3529,positive,0.5573427677154541,66,4096,unknown
6a0553f1cb81aadcd605a362_audio_missing_utopia_1780380927134_transcript,6a0553f1cb81aadcd605a362_audio_missing_utopia_1780380927134.webm,582,neutral,0.5733394622802734,10,4096,unknown
6a0553f1cb81aadcd605a362_audio_ranking_explanation_1780380856434_transcript,6a0553f1cb81aadcd605a362_audio_ranking_explanation_1780380856434.webm,305,neutral,0.5756698846817017,5,4096,unknown
6a058f04b3b6ce4728fbb3a3_audio_missing_utopia_1780479456655_transcript,6a058f04b3b6ce4728fbb3a3_audio_missing_utopia_1780479456655.webm,710,neutral,0.6077065467834473,10,4096,unknown
6a05ba89c966c0fa42d112d6_audio_missing_utopia_1780399005555_transcript,6a05ba89c966c0fa42d112d6_audio_missing_utopia_1780399005555.webm,656,neutral,0.5530768036842346,12,4096,unknown
6a05ba89c966c0fa42d112d6_audio_ranking_explanation_1780398920251_transcript,6a05ba89c966c0fa42d112d6_audio_ranking_explanation_1780398920251.webm,1518,positive,0.9209105372428894,27,4096,unknown
6a06233ac83a1d709b365e59_audio_missing_utopia_1780385889058_transcript,6a06233ac83a1d709b365e59_audio_missing_utopia_1780385889058.webm,588,neutral,0.5527749061584473,10,4096,unknown
6a06233ac83a1d709b365e59_audio_ranking_explanation_1780385809939_transcript,6a06233ac83a1d709b365e59_audio_ranking_explanation_1780385809939.webm,688,negative,0.5000727772712708,12,4096,unknown
6a0628fd557d4459b8721f04_audio_missing_utopia_1780246961634_transcript,6a0628fd557d4459b8721f04_audio_missing_utopia_1780246961634.webm,507,positive,0.5918843150138855,8,4096,unknown
6a0628fd557d4459b8721f04_audio_ranking_explanation_1780246909949_transcript,6a0628fd557d4459b8721f04_audio_ranking_explanation_1780246909949.webm,2198,negative,0.6950026154518127,40,4096,unknown
6a06421377e1ca15fefe2378_audio_missing_utopia_1780186094215_transcript,6a06421377e1ca15fefe2378_audio_missing_utopia_1780186094215.webm,996,neutral,0.7840455174446106,18,4096,unknown
6a06421377e1ca15fefe2378_audio_ranking_explanation_1780185968362_transcript,6a06421377e1ca15fefe2378_audio_ranking_explanation_1780185968362.webm,2249,neutral,0.5769667029380798,43,4096,unknown
6a077566f7ea052517e6557c_audio_missing_utopia_1780335957951_transcript,6a077566f7ea052517e6557c_audio_missing_utopia_1780335957951.webm,415,neutral,0.6504060626029968,7,4096,unknown
6a077566f7ea052517e6557c_audio_ranking_explanation_1780335888004_transcript,6a077566f7ea052517e6557c_audio_ranking_explanation_1780335888004.webm,1415,positive,0.6452468633651733,27,4096,unknown
6a07dde8fe131191c3d2be63_audio_missing_utopia_1780385863075_transcript,6a07dde8fe131191c3d2be63_audio_missing_utopia_1780385863075.webm,282,negative,0.5164656639099121,5,4096,unknown
6a07dde8fe131191c3d2be63_audio_ranking_explanation_1780385816688_transcript,6a07dde8fe131191c3d2be63_audio_ranking_explanation_1780385816688.webm,390,neutral,0.5458431243896484,6,4096,unknown
6a07e7307beadce0826acea4_audio_missing_utopia_1780382095145_transcript,6a07e7307beadce0826acea4_audio_missing_utopia_1780382095145.webm,121,neutral,0.7947025895118713,2,4096,unknown
6a07e7307beadce0826acea4_audio_ranking_explanation_1780382072163_transcript,6a07e7307beadce0826acea4_audio_ranking_explanation_1780382072163.webm,459,positive,0.5859354138374329,8,4096,unknown
6a080333f7001eaf175c94ab_audio_missing_utopia_1780211878275_transcript,6a080333f7001eaf175c94ab_audio_missing_utopia_1780211878275.webm,165,neutral,0.6677570939064026,3,4096,unknown
6a080333f7001eaf175c94ab_audio_ranking_explanation_1780211847578_transcript,6a080333f7001eaf175c94ab_audio_ranking_explanation_1780211847578.webm,328,neutral,0.5139548778533936,6,4096,unknown
6a08835adcebea92d39aa175_audio_missing_utopia_1780404152999_transcript,6a08835adcebea92d39aa175_audio_missing_utopia_1780404152999.webm,470,neutral,0.5420646071434021,8,4096,unknown
6a08835adcebea92d39aa175_audio_ranking_explanation_1780404100139_transcript,6a08835adcebea92d39aa175_audio_ranking_explanation_1780404100139.webm,2063,positive,0.7699801921844482,37,4096,unknown
6a089cf8a4518f41f3a55ccd_audio_missing_utopia_1780204348476_transcript,6a089cf8a4518f41f3a55ccd_audio_missing_utopia_1780204348476.webm,908,neutral,0.7974687218666077,16,4096,unknown
6a089cf8a4518f41f3a55ccd_audio_ranking_explanation_1780204200069_transcript,6a089cf8a4518f41f3a55ccd_audio_ranking_explanation_1780204200069.webm,2504,neutral,0.6255585551261902,45,4096,unknown
6a08b810d807f5805aabe02e_audio_missing_utopia_1780152771053_transcript,6a08b810d807f5805aabe02e_audio_missing_utopia_1780152771053.webm,1208,positive,0.4966963827610016,21,4096,unknown
6a08b810d807f5805aabe02e_audio_ranking_explanation_1780152676536_transcript,6a08b810d807f5805aabe02e_audio_ranking_explanation_1780152676536.webm,3354,positive,0.8434205651283264,63,4096,unknown
6a08dbd428d6c1df00610751_audio_missing_utopia_1780384107343_transcript,6a08dbd428d6c1df00610751_audio_missing_utopia_1780384107343.webm,356,neutral,0.6387842297554016,6,4096,unknown
6a08dbd428d6c1df00610751_audio_ranking_explanation_1780383909926_transcript,6a08dbd428d6c1df00610751_audio_ranking_explanation_1780383909926.webm,399,neutral,0.7541186809539795,7,4096,unknown
6a097d48727aa9f0ed80980e_audio_missing_utopia_1780397816814_transcript,6a097d48727aa9f0ed80980e_audio_missing_utopia_1780397816814.webm,141,neutral,0.7531449794769287,2,4096,unknown
6a097d48727aa9f0ed80980e_audio_ranking_explanation_1780397787801_transcript,6a097d48727aa9f0ed80980e_audio_ranking_explanation_1780397787801.webm,246,neutral,0.6713283658027649,4,4096,unknown
6a09e5c1a9303faa82c6f2ad_audio_missing_utopia_1780255329097_transcript,6a09e5c1a9303faa82c6f2ad_audio_missing_utopia_1780255329097.webm,453,neutral,0.5344322323799133,9,4096,unknown
6a09e5c1a9303faa82c6f2ad_audio_ranking_explanation_1780255279024_transcript,6a09e5c1a9303faa82c6f2ad_audio_ranking_explanation_1780255279024.webm,490,neutral,0.4874359965324402,10,4096,unknown
6a09e70ed4f900f0db78254f_audio_missing_utopia_1780401805031_transcript,6a09e70ed4f900f0db78254f_audio_missing_utopia_1780401805031.webm,357,positive,0.5106959342956543,6,4096,unknown
6a09e70ed4f900f0db78254f_audio_ranking_explanation_1780401757827_transcript,6a09e70ed4f900f0db78254f_audio_ranking_explanation_1780401757827.webm,1459,neutral,0.6003122925758362,25,4096,unknown
6a09fcbcfd5a54ade03e9ca3_audio_missing_utopia_1780267508369_transcript,6a09fcbcfd5a54ade03e9ca3_audio_missing_utopia_1780267508369.webm,386,neutral,0.5490285754203796,6,4096,unknown
6a09fcbcfd5a54ade03e9ca3_audio_ranking_explanation_1780267393090_transcript,6a09fcbcfd5a54ade03e9ca3_audio_ranking_explanation_1780267393090.webm,299,neutral,0.49985918402671814,4,4096,unknown
6a0a1a914212a3ebeffd6b0f_audio_missing_utopia_1780393748128_transcript,6a0a1a914212a3ebeffd6b0f_audio_missing_utopia_1780393748128.webm,357,neutral,0.6180713772773743,6,4096,unknown
6a0a1a914212a3ebeffd6b0f_audio_ranking_explanation_1780393693767_transcript,6a0a1a914212a3ebeffd6b0f_audio_ranking_explanation_1780393693767.webm,618,positive,0.7033998370170593,11,4096,unknown
6a0a21f0fcfb4aa7eb203b1e_audio_missing_utopia_1780190811440_transcript,6a0a21f0fcfb4aa7eb203b1e_audio_missing_utopia_1780190811440.webm,458,neutral,0.6879374980926514,8,4096,unknown
6a0a21f0fcfb4aa7eb203b1e_audio_ranking_explanation_1780190748026_transcript,6a0a21f0fcfb4aa7eb203b1e_audio_ranking_explanation_1780190748026.webm,1835,negative,0.8503206372261047,36,4096,unknown
6a0a28cd6f2eb90a33a396f5_audio_missing_utopia_1780390893975_transcript,6a0a28cd6f2eb90a33a396f5_audio_missing_utopia_1780390893975.webm,229,neutral,0.49949410557746887,4,4096,unknown
6a0a337f18eb5d251e3fff02_audio_missing_utopia_1780404028446_transcript,6a0a337f18eb5d251e3fff02_audio_missing_utopia_1780404028446.webm,1003,neutral,0.6635403633117676,18,4096,unknown
6a0a337f18eb5d251e3fff02_audio_ranking_explanation_1780403932453_transcript,6a0a337f18eb5d251e3fff02_audio_ranking_explanation_1780403932453.webm,930,neutral,0.7466269731521606,17,4096,unknown
6a0a5c5f6016f11ccaa396e3_audio_missing_utopia_1780413459812_transcript,6a0a5c5f6016f11ccaa396e3_audio_missing_utopia_1780413459812.webm,708,negative,0.6889432668685913,13,4096,unknown
6a0a5c5f6016f11ccaa396e3_audio_ranking_explanation_1780413364932_transcript,6a0a5c5f6016f11ccaa396e3_audio_ranking_explanation_1780413364932.webm,1418,positive,0.6361316442489624,26,4096,unknown
6a0a96921b2257d981246dcd_audio_missing_utopia_1780204730004_transcript,6a0a96921b2257d981246dcd_audio_missing_utopia_1780204730004.webm,167,neutral,0.679680585861206,2,4096,unknown
6a0a96921b2257d981246dcd_audio_ranking_explanation_1780204697022_transcript,6a0a96921b2257d981246dcd_audio_ranking_explanation_1780204697022.webm,988,positive,0.6383634805679321,18,4096,unknown
6a0aa663dacd2ed0bd2e9417_audio_missing_utopia_1780444821327_transcript,6a0aa663dacd2ed0bd2e9417_audio_missing_utopia_1780444821327.webm,849,neutral,0.6617284417152405,14,4096,unknown
6a0aa663dacd2ed0bd2e9417_audio_ranking_explanation_1780444698947_transcript,6a0aa663dacd2ed0bd2e9417_audio_ranking_explanation_1780444698947.webm,1889,positive,0.5244123935699463,35,4096,unknown
6a0af583f35a9221994f91cb_audio_missing_utopia_1780419561047_transcript,6a0af583f35a9221994f91cb_audio_missing_utopia_1780419561047.webm,252,neutral,0.7139846086502075,5,4096,unknown
6a0af583f35a9221994f91cb_audio_ranking_explanation_1780419517551_transcript,6a0af583f35a9221994f91cb_audio_ranking_explanation_1780419517551.webm,867,neutral,0.5374908447265625,15,4096,unknown
6a0b012ac9f16bd108225765_audio_missing_utopia_1780179866216_transcript,6a0b012ac9f16bd108225765_audio_missing_utopia_1780179866216.webm,266,neutral,0.7230283617973328,4,4096,unknown
6a0b012ac9f16bd108225765_audio_ranking_explanation_1780179824799_transcript,6a0b012ac9f16bd108225765_audio_ranking_explanation_1780179824799.webm,408,negative,0.7287411689758301,7,4096,unknown
6a0b156642edf5bdaa85593c_audio_missing_utopia_1780463139475_transcript,6a0b156642edf5bdaa85593c_audio_missing_utopia_1780463139475.webm,680,neutral,0.586963951587677,12,4096,unknown
6a0b156642edf5bdaa85593c_audio_ranking_explanation_1780463072264_transcript,6a0b156642edf5bdaa85593c_audio_ranking_explanation_1780463072264.webm,1416,positive,0.7297791838645935,27,4096,unknown
6a0b28fb42e64e7b3201649e_audio_missing_utopia_1780416011371_transcript,6a0b28fb42e64e7b3201649e_audio_missing_utopia_1780416011371.webm,490,positive,0.516020655632019,8,4096,unknown
6a0b28fb42e64e7b3201649e_audio_ranking_explanation_1780415932002_transcript,6a0b28fb42e64e7b3201649e_audio_ranking_explanation_1780415932002.webm,1842,neutral,0.515774130821228,34,4096,unknown
6a0b4342858b03ad3dcb830a_audio_missing_utopia_1780384244350_transcript,6a0b4342858b03ad3dcb830a_audio_missing_utopia_1780384244350.webm,680,neutral,0.5272545218467712,13,4096,unknown
6a0b4342858b03ad3dcb830a_audio_ranking_explanation_1780384190273_transcript,6a0b4342858b03ad3dcb830a_audio_ranking_explanation_1780384190273.webm,1208,positive,0.841140866279602,24,4096,unknown
6a0baf5f27b302205f407d3c_audio_missing_utopia_1780198456727_transcript,6a0baf5f27b302205f407d3c_audio_missing_utopia_1780198456727.webm,378,neutral,0.549888551235199,6,4096,unknown
6a0baf5f27b302205f407d3c_audio_ranking_explanation_1780198428367_transcript,6a0baf5f27b302205f407d3c_audio_ranking_explanation_1780198428367.webm,565,neutral,0.629183292388916,9,4096,unknown
6a0bcc273329c00e4a7cfca9_audio_missing_utopia_1780399548856_transcript,6a0bcc273329c00e4a7cfca9_audio_missing_utopia_1780399548856.webm,2522,neutral,0.6614142060279846,46,4096,unknown
6a0bcc273329c00e4a7cfca9_audio_ranking_explanation_1780399027002_transcript,6a0bcc273329c00e4a7cfca9_audio_ranking_explanation_1780399027002.webm,6232,positive,0.5292209982872009,116,4096,unknown
6a0c94055e48270dd211c7d6_audio_missing_utopia_1780418827632_transcript,6a0c94055e48270dd211c7d6_audio_missing_utopia_1780418827632.webm,615,neutral,0.6385049819946289,11,4096,unknown
6a0c94055e48270dd211c7d6_audio_ranking_explanation_1780418721768_transcript,6a0c94055e48270dd211c7d6_audio_ranking_explanation_1780418721768.webm,573,negative,0.49531567096710205,10,4096,unknown
6a0cad159c5686edc83282c6_audio_missing_utopia_1780378057532_transcript,6a0cad159c5686edc83282c6_audio_missing_utopia_1780378057532.webm,522,neutral,0.5649793148040771,9,4096,unknown
6a0cad159c5686edc83282c6_audio_ranking_explanation_1780377983594_transcript,6a0cad159c5686edc83282c6_audio_ranking_explanation_1780377983594.webm,2161,positive,0.487024188041687,41,4096,unknown
6a0ccabeb492695467a7d337_audio_missing_utopia_1780167955185_transcript,6a0ccabeb492695467a7d337_audio_missing_utopia_1780167955185.webm,162,positive,0.693901777267456,2,4096,unknown
6a0ccabeb492695467a7d337_audio_ranking_explanation_1780167880127_transcript,6a0ccabeb492695467a7d337_audio_ranking_explanation_1780167880127.webm,95,neutral,0.81788569688797,1,4096,unknown
6a0ccfac62d36e0c006f5a90_audio_missing_utopia_1780172285336_transcript,6a0ccfac62d36e0c006f5a90_audio_missing_utopia_1780172285336.webm,332,neutral,0.5810317993164062,5,4096,unknown
6a0ccfac62d36e0c006f5a90_audio_ranking_explanation_1780172168633_transcript,6a0ccfac62d36e0c006f5a90_audio_ranking_explanation_1780172168633.webm,1207,positive,0.7033886313438416,21,4096,unknown
6a0d057504f95ac3cb8c5794_audio_missing_utopia_1780401082851_transcript,6a0d057504f95ac3cb8c5794_audio_missing_utopia_1780401082851.webm,834,neutral,0.5896636247634888,14,4096,unknown
6a0d057504f95ac3cb8c5794_audio_ranking_explanation_1780400997940_transcript,6a0d057504f95ac3cb8c5794_audio_ranking_explanation_1780400997940.webm,2355,positive,0.9193518161773682,42,4096,unknown
6a0d91ece6bcf739a03b80bc_audio_missing_utopia_1780224196603_transcript,6a0d91ece6bcf739a03b80bc_audio_missing_utopia_1780224196603.webm,46,positive,0.92851322889328,0,4096,unknown
6a0d91ece6bcf739a03b80bc_audio_ranking_explanation_1780224173368_transcript,6a0d91ece6bcf739a03b80bc_audio_ranking_explanation_1780224173368.webm,750,negative,0.7243257164955139,14,4096,unknown
6a0daeb41822c6ae499edbb8_audio_missing_utopia_1780401649037_transcript,6a0daeb41822c6ae499edbb8_audio_missing_utopia_1780401649037.webm,324,neutral,0.6070892810821533,5,4096,unknown
6a0daeb41822c6ae499edbb8_audio_ranking_explanation_1780401602639_transcript,6a0daeb41822c6ae499edbb8_audio_ranking_explanation_1780401602639.webm,1543,negative,0.7240410447120667,29,4096,unknown
6a0db305f15fbd39c50c3204_audio_missing_utopia_1780383898405_transcript,6a0db305f15fbd39c50c3204_audio_missing_utopia_1780383898405.webm,551,neutral,0.7722904682159424,9,4096,unknown
6a0db305f15fbd39c50c3204_audio_ranking_explanation_1780383817021_transcript,6a0db305f15fbd39c50c3204_audio_ranking_explanation_1780383817021.webm,3091,negative,0.5616280436515808,55,4096,unknown
6a0e057e534023a1618fad75_audio_missing_utopia_1780384623666_transcript,6a0e057e534023a1618fad75_audio_missing_utopia_1780384623666.webm,279,neutral,0.732158362865448,4,4096,unknown
6a0e057e534023a1618fad75_audio_ranking_explanation_1780384527269_transcript,6a0e057e534023a1618fad75_audio_ranking_explanation_1780384527269.webm,894,neutral,0.6033657193183899,14,4096,unknown
6a0e17f56a5029d874631975_audio_missing_utopia_1780406282474_transcript,6a0e17f56a5029d874631975_audio_missing_utopia_1780406282474.webm,214,neutral,0.6545709371566772,4,4096,unknown
6a0e17f56a5029d874631975_audio_ranking_explanation_1780406243314_transcript,6a0e17f56a5029d874631975_audio_ranking_explanation_1780406243314.webm,244,negative,0.7322379946708679,4,4096,unknown
6a0e1bb9007c77ed742177fd_audio_missing_utopia_1780398948465_transcript,6a0e1bb9007c77ed742177fd_audio_missing_utopia_1780398948465.webm,1244,positive,0.4756282567977905,22,4096,unknown
6a0e1bb9007c77ed742177fd_audio_ranking_explanation_1780398822407_transcript,6a0e1bb9007c77ed742177fd_audio_ranking_explanation_1780398822407.webm,2213,positive,0.5110399127006531,40,4096,unknown
6a0e33404f04beba45d473e5_audio_missing_utopia_1780437966170_transcript,6a0e33404f04beba45d473e5_audio_missing_utopia_1780437966170.webm,45,neutral,0.8637751936912537,0,4096,unknown
6a0e33404f04beba45d473e5_audio_ranking_explanation_1780437946843_transcript,6a0e33404f04beba45d473e5_audio_ranking_explanation_1780437946843.webm,69,negative,0.8730090856552124,1,4096,unknown
6a0e38bb67e1c728c354f66c_audio_missing_utopia_1780378227066_transcript,6a0e38bb67e1c728c354f66c_audio_missing_utopia_1780378227066.webm,192,negative,0.6477879285812378,3,4096,unknown
6a0e38bb67e1c728c354f66c_audio_ranking_explanation_1780378173815_transcript,6a0e38bb67e1c728c354f66c_audio_ranking_explanation_1780378173815.webm,678,positive,0.7283786535263062,12,4096,unknown
6a0e3cadbbd96b6266000443_audio_missing_utopia_1780381728732_transcript,6a0e3cadbbd96b6266000443_audio_missing_utopia_1780381728732.webm,648,neutral,0.7317245006561279,11,4096,unknown
6a0e3cadbbd96b6266000443_audio_ranking_explanation_1780381542825_transcript,6a0e3cadbbd96b6266000443_audio_ranking_explanation_1780381542825.webm,5059,neutral,0.5267237424850464,96,4096,unknown
6a0e62bef81c36a7dfcd404f_audio_missing_utopia_1780199654309_transcript,6a0e62bef81c36a7dfcd404f_audio_missing_utopia_1780199654309.webm,488,neutral,0.6956411004066467,10,4096,unknown
6a0e62bef81c36a7dfcd404f_audio_ranking_explanation_1780199598196_transcript,6a0e62bef81c36a7dfcd404f_audio_ranking_explanation_1780199598196.webm,703,neutral,0.4754478633403778,13,4096,unknown
6a0e8d08d2555ad9bd898834_audio_missing_utopia_1780153011425_transcript,6a0e8d08d2555ad9bd898834_audio_missing_utopia_1780153011425.webm,163,positive,0.5665010213851929,3,4096,unknown
6a0e8d08d2555ad9bd898834_audio_ranking_explanation_1780152969260_transcript,6a0e8d08d2555ad9bd898834_audio_ranking_explanation_1780152969260.webm,211,negative,0.5365156531333923,3,4096,unknown
6a0ea4f8733aee44ede4cefe_audio_missing_utopia_1780408710591_transcript,6a0ea4f8733aee44ede4cefe_audio_missing_utopia_1780408710591.webm,457,positive,0.7852486371994019,8,4096,unknown
6a0ea4f8733aee44ede4cefe_audio_ranking_explanation_1780408668522_transcript,6a0ea4f8733aee44ede4cefe_audio_ranking_explanation_1780408668522.webm,1142,positive,0.8913009166717529,21,4096,unknown
6a0eacf3d053fe992e0ca9c4_audio_missing_utopia_1780380614944_transcript,6a0eacf3d053fe992e0ca9c4_audio_missing_utopia_1780380614944.webm,1287,neutral,0.8016417622566223,22,4096,unknown
6a0eacf3d053fe992e0ca9c4_audio_ranking_explanation_1780380504434_transcript,6a0eacf3d053fe992e0ca9c4_audio_ranking_explanation_1780380504434.webm,3094,neutral,0.7647888660430908,54,4096,unknown
6a0f1248929227af059d9345_audio_missing_utopia_1780239262124_transcript,6a0f1248929227af059d9345_audio_missing_utopia_1780239262124.webm,829,neutral,0.5177339911460876,16,4096,unknown
6a0f1248929227af059d9345_audio_ranking_explanation_1780239173040_transcript,6a0f1248929227af059d9345_audio_ranking_explanation_1780239173040.webm,1594,negative,0.5426357984542847,32,4096,unknown
6a0f2fff8ede7e13a4906213_audio_missing_utopia_1780416252545_transcript,6a0f2fff8ede7e13a4906213_audio_missing_utopia_1780416252545.webm,775,neutral,0.607364296913147,14,4096,unknown
6a0f2fff8ede7e13a4906213_audio_ranking_explanation_1780416172462_transcript,6a0f2fff8ede7e13a4906213_audio_ranking_explanation_1780416172462.webm,1169,positive,0.84401935338974,21,4096,unknown
6a0f59faa4c6e2f189433bd0_audio_missing_utopia_1780428514373_transcript,6a0f59faa4c6e2f189433bd0_audio_missing_utopia_1780428514373.webm,910,neutral,0.5317527651786804,15,4096,unknown
6a0f59faa4c6e2f189433bd0_audio_ranking_explanation_1780428436858_transcript,6a0f59faa4c6e2f189433bd0_audio_ranking_explanation_1780428436858.webm,2262,negative,0.663833737373352,40,4096,unknown
6a0fa0bb264bd2475ec1f37d_audio_missing_utopia_1780393187870_transcript,6a0fa0bb264bd2475ec1f37d_audio_missing_utopia_1780393187870.webm,11,positive,0.8799126744270325,0,4096,unknown
6a0fa0bb264bd2475ec1f37d_audio_ranking_explanation_1780393175831_transcript,6a0fa0bb264bd2475ec1f37d_audio_ranking_explanation_1780393175831.webm,11,positive,0.8799126744270325,0,4096,unknown
6a0fbc5c1cab3242613bd8f9_audio_missing_utopia_1780388806802_transcript,6a0fbc5c1cab3242613bd8f9_audio_missing_utopia_1780388806802.webm,616,neutral,0.5046091675758362,10,4096,unknown
6a0fbc5c1cab3242613bd8f9_audio_ranking_explanation_1780388710953_transcript,6a0fbc5c1cab3242613bd8f9_audio_ranking_explanation_1780388710953.webm,397,neutral,0.6080141067504883,6,4096,unknown
6a0fdb7eecaf669f854c5abb_audio_missing_utopia_1780382004544_transcript,6a0fdb7eecaf669f854c5abb_audio_missing_utopia_1780382004544.webm,454,positive,0.6708812713623047,8,4096,unknown
6a0fdb7eecaf669f854c5abb_audio_ranking_explanation_1780381892307_transcript,6a0fdb7eecaf669f854c5abb_audio_ranking_explanation_1780381892307.webm,1990,positive,0.5044180750846863,39,4096,unknown
6a1069d8aa0ff8c561d3dc38_audio_missing_utopia_1780433962736_transcript,6a1069d8aa0ff8c561d3dc38_audio_missing_utopia_1780433962736.webm,212,neutral,0.741299033164978,3,4096,unknown
6a1069d8aa0ff8c561d3dc38_audio_ranking_explanation_1780433927433_transcript,6a1069d8aa0ff8c561d3dc38_audio_ranking_explanation_1780433927433.webm,683,positive,0.8236684799194336,12,4096,unknown
6a1084a49839aa6ea0a82bff_audio_missing_utopia_1780163382040_transcript,6a1084a49839aa6ea0a82bff_audio_missing_utopia_1780163382040.webm,272,neutral,0.7301602363586426,4,4096,unknown
6a1084a49839aa6ea0a82bff_audio_ranking_explanation_1780163349613_transcript,6a1084a49839aa6ea0a82bff_audio_ranking_explanation_1780163349613.webm,463,neutral,0.7371543645858765,8,4096,unknown
6a10c10b76e10d5e318448c3_audio_missing_utopia_1780174174744_transcript,6a10c10b76e10d5e318448c3_audio_missing_utopia_1780174174744.webm,70,neutral,0.6084018349647522,1,4096,unknown
6a10c10b76e10d5e318448c3_audio_ranking_explanation_1780174151676_transcript,6a10c10b76e10d5e318448c3_audio_ranking_explanation_1780174151676.webm,199,negative,0.4767545163631439,3,4096,unknown
6a10ce308cd75eec15c0d39d_audio_missing_utopia_1780421960125_transcript,6a10ce308cd75eec15c0d39d_audio_missing_utopia_1780421960125.webm,234,positive,0.6006374955177307,4,4096,unknown
6a10ce308cd75eec15c0d39d_audio_ranking_explanation_1780421914673_transcript,6a10ce308cd75eec15c0d39d_audio_ranking_explanation_1780421914673.webm,735,neutral,0.540680468082428,15,4096,unknown
6a10d07b7e0d58d42b8f33a1_audio_missing_utopia_1780415452358_transcript,6a10d07b7e0d58d42b8f33a1_audio_missing_utopia_1780415452358.webm,188,neutral,0.5861886143684387,3,4096,unknown
6a10d07b7e0d58d42b8f33a1_audio_ranking_explanation_1780415419251_transcript,6a10d07b7e0d58d42b8f33a1_audio_ranking_explanation_1780415419251.webm,752,positive,0.6936208605766296,13,4096,unknown
6a10e1fd31d6009fde8e3b7a_audio_missing_utopia_1780381424628_transcript,6a10e1fd31d6009fde8e3b7a_audio_missing_utopia_1780381424628.webm,147,neutral,0.48886850476264954,2,4096,unknown
6a10e1fd31d6009fde8e3b7a_audio_ranking_explanation_1780381387744_transcript,6a10e1fd31d6009fde8e3b7a_audio_ranking_explanation_1780381387744.webm,271,positive,0.788369357585907,4,4096,unknown
6a118dc3576ca8522318dfc7_audio_missing_utopia_1780392971319_transcript,6a118dc3576ca8522318dfc7_audio_missing_utopia_1780392971319.webm,741,neutral,0.640967845916748,10,4096,unknown
6a118dc3576ca8522318dfc7_audio_ranking_explanation_1780392870531_transcript,6a118dc3576ca8522318dfc7_audio_ranking_explanation_1780392870531.webm,760,positive,0.48995891213417053,11,4096,unknown
6a1237564d7849671a47f339_audio_missing_utopia_1780247607085_transcript,6a1237564d7849671a47f339_audio_missing_utopia_1780247607085.webm,746,negative,0.8561549782752991,13,4096,unknown
6a1237564d7849671a47f339_audio_ranking_explanation_1780247525525_transcript,6a1237564d7849671a47f339_audio_ranking_explanation_1780247525525.webm,1670,negative,0.8329996466636658,31,4096,unknown
6a123c523b041f4c3938a72b_audio_missing_utopia_1780434804783_transcript,6a123c523b041f4c3938a72b_audio_missing_utopia_1780434804783.webm,797,neutral,0.6375299692153931,15,4096,unknown
6a123c523b041f4c3938a72b_audio_ranking_explanation_1780434687699_transcript,6a123c523b041f4c3938a72b_audio_ranking_explanation_1780434687699.webm,1214,positive,0.5639957785606384,23,4096,unknown
6a124cb04da4df8e5924d495_audio_missing_utopia_1780206942400_transcript,6a124cb04da4df8e5924d495_audio_missing_utopia_1780206942400.webm,430,neutral,0.4485659599304199,7,4096,unknown
6a124cb04da4df8e5924d495_audio_ranking_explanation_1780206891294_transcript,6a124cb04da4df8e5924d495_audio_ranking_explanation_1780206891294.webm,777,negative,0.6053574681282043,14,4096,unknown
6a1319c4c12cd346dece9fba_audio_missing_utopia_1780201389306_transcript,6a1319c4c12cd346dece9fba_audio_missing_utopia_1780201389306.webm,563,neutral,0.6086670756340027,11,4096,unknown
6a1319c4c12cd346dece9fba_audio_ranking_explanation_1780201268920_transcript,6a1319c4c12cd346dece9fba_audio_ranking_explanation_1780201268920.webm,681,neutral,0.4857429563999176,12,4096,unknown
6a134308555ec936abb413da_audio_missing_utopia_1780289913518_transcript,6a134308555ec936abb413da_audio_missing_utopia_1780289913518.webm,274,neutral,0.5020561218261719,4,4096,unknown
6a134308555ec936abb413da_audio_ranking_explanation_1780289854214_transcript,6a134308555ec936abb413da_audio_ranking_explanation_1780289854214.webm,596,positive,0.5543501973152161,10,4096,unknown
6a135169985a5d0aeaf2a31d_audio_missing_utopia_1780394279619_transcript,6a135169985a5d0aeaf2a31d_audio_missing_utopia_1780394279619.webm,319,neutral,0.5109560489654541,5,4096,unknown
6a135169985a5d0aeaf2a31d_audio_ranking_explanation_1780394230365_transcript,6a135169985a5d0aeaf2a31d_audio_ranking_explanation_1780394230365.webm,357,neutral,0.6685909628868103,6,4096,unknown
6a13540ccbc7a07cfa404887_audio_missing_utopia_1780403572644_transcript,6a13540ccbc7a07cfa404887_audio_missing_utopia_1780403572644.webm,492,neutral,0.5549023151397705,8,4096,unknown
6a13540ccbc7a07cfa404887_audio_ranking_explanation_1780403413720_transcript,6a13540ccbc7a07cfa404887_audio_ranking_explanation_1780403413720.webm,1253,positive,0.6377584338188171,21,4096,unknown
6a137e9af9c0ce1fe98b75a3_audio_missing_utopia_1780176217182_transcript,6a137e9af9c0ce1fe98b75a3_audio_missing_utopia_1780176217182.webm,657,positive,0.690186083316803,11,4096,unknown
6a137e9af9c0ce1fe98b75a3_audio_ranking_explanation_1780175899518_transcript,6a137e9af9c0ce1fe98b75a3_audio_ranking_explanation_1780175899518.webm,309,negative,0.522162139415741,5,4096,unknown
6a13b9a53ecf22ea77ab369b_audio_missing_utopia_1780195967121_transcript,6a13b9a53ecf22ea77ab369b_audio_missing_utopia_1780195967121.webm,305,neutral,0.5907283425331116,5,4096,unknown
6a13b9a53ecf22ea77ab369b_audio_ranking_explanation_1780195929197_transcript,6a13b9a53ecf22ea77ab369b_audio_ranking_explanation_1780195929197.webm,1084,neutral,0.4977937340736389,19,4096,unknown
6a13fb185c9041a65134a013_audio_missing_utopia_1780234906772_transcript,6a13fb185c9041a65134a013_audio_missing_utopia_1780234906772.webm,199,neutral,0.47881627082824707,3,4096,unknown
6a13fb185c9041a65134a013_audio_ranking_explanation_1780234720816_transcript,6a13fb185c9041a65134a013_audio_ranking_explanation_1780234720816.webm,4290,neutral,0.5297264456748962,78,4096,unknown
6a14434573bcee3f17b7f762_audio_missing_utopia_1780445086293_transcript,6a14434573bcee3f17b7f762_audio_missing_utopia_1780445086293.webm,623,neutral,0.574245035648346,11,4096,unknown
6a14434573bcee3f17b7f762_audio_ranking_explanation_1780444963008_transcript,6a14434573bcee3f17b7f762_audio_ranking_explanation_1780444963008.webm,1922,positive,0.7372356653213501,35,4096,unknown
6a145aa365c08c04658ffeee_audio_missing_utopia_1780430664618_transcript,6a145aa365c08c04658ffeee_audio_missing_utopia_1780430664618.webm,783,neutral,0.7708151936531067,16,4096,unknown
6a145aa365c08c04658ffeee_audio_ranking_explanation_1780430601129_transcript,6a145aa365c08c04658ffeee_audio_ranking_explanation_1780430601129.webm,600,positive,0.5860852003097534,11,4096,unknown
6a147ae189fb8e6281395326_audio_missing_utopia_1780411271743_transcript,6a147ae189fb8e6281395326_audio_missing_utopia_1780411271743.webm,114,neutral,0.6347501277923584,2,4096,unknown
6a147ae189fb8e6281395326_audio_ranking_explanation_1780411231837_transcript,6a147ae189fb8e6281395326_audio_ranking_explanation_1780411231837.webm,493,neutral,0.6270496845245361,8,4096,unknown
6a14868c742361e67df4d0d0_audio_missing_utopia_1780217918810_transcript,6a14868c742361e67df4d0d0_audio_missing_utopia_1780217918810.webm,1696,neutral,0.6660831570625305,33,4096,unknown
6a14868c742361e67df4d0d0_audio_ranking_explanation_1780217737266_transcript,6a14868c742361e67df4d0d0_audio_ranking_explanation_1780217737266.webm,2257,neutral,0.5325003266334534,41,4096,unknown
6a148fec1af42aeeffddea3d_audio_missing_utopia_1780404305458_transcript,6a148fec1af42aeeffddea3d_audio_missing_utopia_1780404305458.webm,589,neutral,0.5714018940925598,10,4096,unknown
6a148fec1af42aeeffddea3d_audio_ranking_explanation_1780404237698_transcript,6a148fec1af42aeeffddea3d_audio_ranking_explanation_1780404237698.webm,1286,neutral,0.6021563410758972,22,4096,unknown
6a14979f3b71a45ef4c10048_audio_missing_utopia_1780403149358_transcript,6a14979f3b71a45ef4c10048_audio_missing_utopia_1780403149358.webm,900,neutral,0.662247896194458,16,4096,unknown
6a14979f3b71a45ef4c10048_audio_ranking_explanation_1780403049814_transcript,6a14979f3b71a45ef4c10048_audio_ranking_explanation_1780403049814.webm,1579,neutral,0.7425627112388611,28,4096,unknown
6a14c768aa7454de38443fd8_audio_missing_utopia_1780261776612_transcript,6a14c768aa7454de38443fd8_audio_missing_utopia_1780261776612.webm,461,negative,0.5683200359344482,8,4096,unknown
6a14c768aa7454de38443fd8_audio_ranking_explanation_1780261715581_transcript,6a14c768aa7454de38443fd8_audio_ranking_explanation_1780261715581.webm,1008,neutral,0.604608952999115,19,4096,unknown
6a14d8fd539a02a7fe9b4980_audio_missing_utopia_1780403479223_transcript,6a14d8fd539a02a7fe9b4980_audio_missing_utopia_1780403479223.webm,689,neutral,0.691247284412384,12,4096,unknown
6a14d8fd539a02a7fe9b4980_audio_ranking_explanation_1780403400756_transcript,6a14d8fd539a02a7fe9b4980_audio_ranking_explanation_1780403400756.webm,1542,positive,0.7217138409614563,26,4096,unknown
6a14f917d82408828ca7045b_audio_missing_utopia_1780406967147_transcript,6a14f917d82408828ca7045b_audio_missing_utopia_1780406967147.webm,39,neutral,0.7856006026268005,0,4096,unknown
6a14f917d82408828ca7045b_audio_ranking_explanation_1780406954606_transcript,6a14f917d82408828ca7045b_audio_ranking_explanation_1780406954606.webm,11,positive,0.8799126744270325,0,4096,unknown
6a153be09f19ea5c581933d7_audio_missing_utopia_1780379900103_transcript,6a153be09f19ea5c581933d7_audio_missing_utopia_1780379900103.webm,510,neutral,0.670647919178009,8,4096,unknown
6a153be09f19ea5c581933d7_audio_ranking_explanation_1780379830182_transcript,6a153be09f19ea5c581933d7_audio_ranking_explanation_1780379830182.webm,2057,negative,0.6973119974136353,37,4096,unknown
6a159a999f776296ec0f7001_audio_missing_utopia_1780424280525_transcript,6a159a999f776296ec0f7001_audio_missing_utopia_1780424280525.webm,717,neutral,0.558949887752533,13,4096,unknown
6a159a999f776296ec0f7001_audio_ranking_explanation_1780424167984_transcript,6a159a999f776296ec0f7001_audio_ranking_explanation_1780424167984.webm,508,neutral,0.6356454491615295,9,4096,unknown
6a15b0b4db936d8329be8892_audio_missing_utopia_1780188561881_transcript,6a15b0b4db936d8329be8892_audio_missing_utopia_1780188561881.webm,132,neutral,0.6978316903114319,2,4096,unknown
6a15b0b4db936d8329be8892_audio_ranking_explanation_1780188528801_transcript,6a15b0b4db936d8329be8892_audio_ranking_explanation_1780188528801.webm,295,positive,0.592443585395813,5,4096,unknown
6a15d6a799a27da826906cdb_audio_missing_utopia_1780415392674_transcript,6a15d6a799a27da826906cdb_audio_missing_utopia_1780415392674.webm,216,positive,0.49058768153190613,4,4096,unknown
6a15d6a799a27da826906cdb_audio_ranking_explanation_1780415357786_transcript,6a15d6a799a27da826906cdb_audio_ranking_explanation_1780415357786.webm,153,neutral,0.8189268112182617,2,4096,unknown
6a15dd57b7e983803cba4517_audio_missing_utopia_1780173865752_transcript,6a15dd57b7e983803cba4517_audio_missing_utopia_1780173865752.webm,192,neutral,0.6625012755393982,3,4096,unknown
6a15dd57b7e983803cba4517_audio_ranking_explanation_1780173823631_transcript,6a15dd57b7e983803cba4517_audio_ranking_explanation_1780173823631.webm,424,positive,0.4900543987751007,8,4096,unknown
6a15dfee7dec81efc11475cb_audio_missing_utopia_1780379532231_transcript,6a15dfee7dec81efc11475cb_audio_missing_utopia_1780379532231.webm,1216,positive,0.532183825969696,23,4096,unknown
6a15dfee7dec81efc11475cb_audio_ranking_explanation_1780379330004_transcript,6a15dfee7dec81efc11475cb_audio_ranking_explanation_1780379330004.webm,5201,positive,0.5526362061500549,99,4096,unknown
6a160ffb53f179346c6ed7ed_audio_missing_utopia_1780181213785_transcript,6a160ffb53f179346c6ed7ed_audio_missing_utopia_1780181213785.webm,622,neutral,0.5843663811683655,11,4096,unknown
6a160ffb53f179346c6ed7ed_audio_ranking_explanation_1780181052146_transcript,6a160ffb53f179346c6ed7ed_audio_ranking_explanation_1780181052146.webm,911,neutral,0.5651760101318359,16,4096,unknown
6a1629cc5dcd6ea2c000c9af_audio_missing_utopia_1780385075953_transcript,6a1629cc5dcd6ea2c000c9af_audio_missing_utopia_1780385075953.webm,396,neutral,0.7051376104354858,6,4096,unknown
6a1629cc5dcd6ea2c000c9af_audio_ranking_explanation_1780384965496_transcript,6a1629cc5dcd6ea2c000c9af_audio_ranking_explanation_1780384965496.webm,292,positive,0.5208250284194946,4,4096,unknown
6a16449f33b17471b0d63c2e_audio_missing_utopia_1780172510100_transcript,6a16449f33b17471b0d63c2e_audio_missing_utopia_1780172510100.webm,200,neutral,0.5048840641975403,3,4096,unknown
6a16449f33b17471b0d63c2e_audio_ranking_explanation_1780172462391_transcript,6a16449f33b17471b0d63c2e_audio_ranking_explanation_1780172462391.webm,143,neutral,0.5840460658073425,1,4096,unknown
6a164c0b59f7d6fd8cf72646_audio_missing_utopia_1780179163024_transcript,6a164c0b59f7d6fd8cf72646_audio_missing_utopia_1780179163024.webm,381,neutral,0.6734029650688171,6,4096,unknown
6a164c0b59f7d6fd8cf72646_audio_ranking_explanation_1780179106752_transcript,6a164c0b59f7d6fd8cf72646_audio_ranking_explanation_1780179106752.webm,1896,negative,0.5422326326370239,33,4096,unknown
6a16592d134be35f3050afad_audio_missing_utopia_1780380785303_transcript,6a16592d134be35f3050afad_audio_missing_utopia_1780380785303.webm,508,positive,0.7142466306686401,8,4096,unknown
6a16592d134be35f3050afad_audio_ranking_explanation_1780380701456_transcript,6a16592d134be35f3050afad_audio_ranking_explanation_1780380701456.webm,2662,neutral,0.5199650526046753,50,4096,unknown
6a16714ecf227557cde36510_audio_missing_utopia_1780242761156_transcript,6a16714ecf227557cde36510_audio_missing_utopia_1780242761156.webm,1431,neutral,0.48640894889831543,22,4096,unknown
6a16714ecf227557cde36510_audio_ranking_explanation_1780242530437_transcript,6a16714ecf227557cde36510_audio_ranking_explanation_1780242530437.webm,1856,neutral,0.5004719495773315,30,4096,unknown
6a16f79966dd43bf47b7b4a0_audio_missing_utopia_1780420206222_transcript,6a16f79966dd43bf47b7b4a0_audio_missing_utopia_1780420206222.webm,145,neutral,0.5986040234565735,2,4096,unknown
6a16f79966dd43bf47b7b4a0_audio_ranking_explanation_1780420155729_transcript,6a16f79966dd43bf47b7b4a0_audio_ranking_explanation_1780420155729.webm,258,neutral,0.4819127023220062,5,4096,unknown
6a16fa4524731436353d8f60_audio_missing_utopia_1780378815146_transcript,6a16fa4524731436353d8f60_audio_missing_utopia_1780378815146.webm,393,neutral,0.7501286864280701,6,4096,unknown
6a16fa4524731436353d8f60_audio_ranking_explanation_1780378641969_transcript,6a16fa4524731436353d8f60_audio_ranking_explanation_1780378641969.webm,2930,positive,0.6047608256340027,55,4096,unknown
6a1731c7cd92b077b3532875_audio_missing_utopia_1780167873394_transcript,6a1731c7cd92b077b3532875_audio_missing_utopia_1780167873394.webm,396,positive,0.6124935746192932,7,4096,unknown
6a1731c7cd92b077b3532875_audio_ranking_explanation_1780167797563_transcript,6a1731c7cd92b077b3532875_audio_ranking_explanation_1780167797563.webm,1400,neutral,0.5444305539131165,26,4096,unknown
6a1763821bd870b1e327c0d8_audio_missing_utopia_1780192891310_transcript,6a1763821bd870b1e327c0d8_audio_missing_utopia_1780192891310.webm,317,positive,0.6180681586265564,5,4096,unknown
6a1763821bd870b1e327c0d8_audio_ranking_explanation_1780192800508_transcript,6a1763821bd870b1e327c0d8_audio_ranking_explanation_1780192800508.webm,12,neutral,0.705161988735199,0,4096,unknown
6a1767604593efadad3bd3d9_audio_missing_utopia_1780252363939_transcript,6a1767604593efadad3bd3d9_audio_missing_utopia_1780252363939.webm,210,positive,0.8358190059661865,3,4096,unknown
6a1767604593efadad3bd3d9_audio_ranking_explanation_1780252249232_transcript,6a1767604593efadad3bd3d9_audio_ranking_explanation_1780252249232.webm,261,neutral,0.6440798044204712,5,4096,unknown
6a177da8b59d5576eaca4df0_audio_missing_utopia_1780413896422_transcript,6a177da8b59d5576eaca4df0_audio_missing_utopia_1780413896422.webm,244,negative,0.6155011653900146,4,4096,unknown
6a177da8b59d5576eaca4df0_audio_ranking_explanation_1780413870548_transcript,6a177da8b59d5576eaca4df0_audio_ranking_explanation_1780413870548.webm,432,negative,0.5389125943183899,7,4096,unknown
6a179eaedcc989a730c238ab_audio_missing_utopia_1780184984446_transcript,6a179eaedcc989a730c238ab_audio_missing_utopia_1780184984446.webm,699,neutral,0.6291288733482361,13,4096,unknown
6a179eaedcc989a730c238ab_audio_ranking_explanation_1780184888286_transcript,6a179eaedcc989a730c238ab_audio_ranking_explanation_1780184888286.webm,1486,neutral,0.6040535569190979,28,4096,unknown
6a17ac069acb48f9c7c4391f_audio_missing_utopia_1780176894139_transcript,6a17ac069acb48f9c7c4391f_audio_missing_utopia_1780176894139.webm,1008,neutral,0.622329592704773,19,4096,unknown
6a17ac069acb48f9c7c4391f_audio_ranking_explanation_1780176781778_transcript,6a17ac069acb48f9c7c4391f_audio_ranking_explanation_1780176781778.webm,1381,positive,0.9502570629119873,25,4096,unknown
6a18797c20c1b443234da878_audio_missing_utopia_1780172844583_transcript,6a18797c20c1b443234da878_audio_missing_utopia_1780172844583.webm,62,neutral,0.6756430268287659,1,4096,unknown
6a18797c20c1b443234da878_audio_ranking_explanation_1780172835037_transcript,6a18797c20c1b443234da878_audio_ranking_explanation_1780172835037.webm,125,neutral,0.7725949287414551,2,4096,unknown
6a187b2c3dbf26183135f1b0_audio_missing_utopia_1780432736116_transcript,6a187b2c3dbf26183135f1b0_audio_missing_utopia_1780432736116.webm,503,neutral,0.6775110960006714,8,4096,unknown
6a187b2c3dbf26183135f1b0_audio_ranking_explanation_1780432377591_transcript,6a187b2c3dbf26183135f1b0_audio_ranking_explanation_1780432377591.webm,637,neutral,0.540652334690094,10,4096,unknown
6a18843526336de36269db51_audio_missing_utopia_1780425881550_transcript,6a18843526336de36269db51_audio_missing_utopia_1780425881550.webm,92,positive,0.6364561319351196,1,4096,unknown
6a18843526336de36269db51_audio_ranking_explanation_1780425792611_transcript,6a18843526336de36269db51_audio_ranking_explanation_1780425792611.webm,861,positive,0.8433244228363037,16,4096,unknown
6a18e206268ae45110499045_audio_missing_utopia_1780194980197_transcript,6a18e206268ae45110499045_audio_missing_utopia_1780194980197.webm,402,negative,0.5499861240386963,7,4096,unknown
6a18e206268ae45110499045_audio_ranking_explanation_1780194912095_transcript,6a18e206268ae45110499045_audio_ranking_explanation_1780194912095.webm,669,neutral,0.617411196231842,11,4096,unknown
6a192d7d9ea585de7ce45f2b_audio_missing_utopia_1780163176638_transcript,6a192d7d9ea585de7ce45f2b_audio_missing_utopia_1780163176638.webm,36,positive,0.9329438209533691,0,4096,unknown
6a192d7d9ea585de7ce45f2b_audio_ranking_explanation_1780163153981_transcript,6a192d7d9ea585de7ce45f2b_audio_ranking_explanation_1780163153981.webm,2247,positive,0.8186493515968323,45,4096,unknown
6a1952e70e604793be75659b_audio_missing_utopia_1780388931414_transcript,6a1952e70e604793be75659b_audio_missing_utopia_1780388931414.webm,791,neutral,0.6848229169845581,15,4096,unknown
6a1952e70e604793be75659b_audio_ranking_explanation_1780388756205_transcript,6a1952e70e604793be75659b_audio_ranking_explanation_1780388756205.webm,198,neutral,0.5632906556129456,3,4096,unknown
6a197e385f626d5e26565122_audio_missing_utopia_1780292724831_transcript,6a197e385f626d5e26565122_audio_missing_utopia_1780292724831.webm,579,neutral,0.6963167786598206,9,4096,unknown
6a197e385f626d5e26565122_audio_ranking_explanation_1780292643440_transcript,6a197e385f626d5e26565122_audio_ranking_explanation_1780292643440.webm,982,neutral,0.5798474550247192,16,4096,unknown
6a19a268a5702fee0407ab36_audio_missing_utopia_1780408713889_transcript,6a19a268a5702fee0407ab36_audio_missing_utopia_1780408713889.webm,367,positive,0.5873633623123169,7,4096,unknown
6a19a268a5702fee0407ab36_audio_ranking_explanation_1780408601402_transcript,6a19a268a5702fee0407ab36_audio_ranking_explanation_1780408601402.webm,632,neutral,0.5625997185707092,11,4096,unknown
6a19a7b2150cd11eb43fc07b_audio_missing_utopia_1780220087115_transcript,6a19a7b2150cd11eb43fc07b_audio_missing_utopia_1780220087115.webm,1118,neutral,0.6317740082740784,19,4096,unknown
6a19a7b2150cd11eb43fc07b_audio_ranking_explanation_1780219900791_transcript,6a19a7b2150cd11eb43fc07b_audio_ranking_explanation_1780219900791.webm,5686,neutral,0.5276851654052734,108,4096,unknown
6a19bd25d19e132edd24a417_audio_missing_utopia_1780200017624_transcript,6a19bd25d19e132edd24a417_audio_missing_utopia_1780200017624.webm,670,neutral,0.4934888780117035,12,4096,unknown
6a19bd25d19e132edd24a417_audio_ranking_explanation_1780199941268_transcript,6a19bd25d19e132edd24a417_audio_ranking_explanation_1780199941268.webm,872,negative,0.8693869113922119,16,4096,unknown
6a19d18f546496cf8a436e69_audio_missing_utopia_1780173195576_transcript,6a19d18f546496cf8a436e69_audio_missing_utopia_1780173195576.webm,229,neutral,0.5723263025283813,4,4096,unknown
6a19d18f546496cf8a436e69_audio_ranking_explanation_1780173166976_transcript,6a19d18f546496cf8a436e69_audio_ranking_explanation_1780173166976.webm,308,negative,0.4898112416267395,5,4096,unknown
6a1a3233ce9bfe00996eea1a_audio_missing_utopia_1780169649761_transcript,6a1a3233ce9bfe00996eea1a_audio_missing_utopia_1780169649761.webm,370,neutral,0.7617098093032837,7,4096,unknown
6a1a3233ce9bfe00996eea1a_audio_ranking_explanation_1780169464066_transcript,6a1a3233ce9bfe00996eea1a_audio_ranking_explanation_1780169464066.webm,1649,positive,0.5026622414588928,31,4096,unknown
6a1a4623681345636d84c0f2_audio_missing_utopia_1780249528281_transcript,6a1a4623681345636d84c0f2_audio_missing_utopia_1780249528281.webm,689,negative,0.5998997688293457,13,4096,unknown
6a1a4623681345636d84c0f2_audio_ranking_explanation_1780249341828_transcript,6a1a4623681345636d84c0f2_audio_ranking_explanation_1780249341828.webm,2562,negative,0.5992848873138428,50,4096,unknown
6a1a50ad3e0e62d7abe2bfbf_audio_missing_utopia_1780201516931_transcript,6a1a50ad3e0e62d7abe2bfbf_audio_missing_utopia_1780201516931.webm,795,neutral,0.6002025008201599,15,4096,unknown
6a1a50ad3e0e62d7abe2bfbf_audio_ranking_explanation_1780201445184_transcript,6a1a50ad3e0e62d7abe2bfbf_audio_ranking_explanation_1780201445184.webm,1523,positive,0.5224200487136841,30,4096,unknown
6a1a8611e4d4c64780e67811_audio_missing_utopia_1780297035679_transcript,6a1a8611e4d4c64780e67811_audio_missing_utopia_1780297035679.webm,785,positive,0.5010606646537781,11,4096,unknown
6a1a8611e4d4c64780e67811_audio_ranking_explanation_1780296930253_transcript,6a1a8611e4d4c64780e67811_audio_ranking_explanation_1780296930253.webm,1270,positive,0.8157410621643066,20,4096,unknown
6a1a8d3372b0ab20d9c4041b_audio_missing_utopia_1780189024708_transcript,6a1a8d3372b0ab20d9c4041b_audio_missing_utopia_1780189024708.webm,465,neutral,0.669361412525177,8,4096,unknown
6a1a8d3372b0ab20d9c4041b_audio_ranking_explanation_1780188636266_transcript,6a1a8d3372b0ab20d9c4041b_audio_ranking_explanation_1780188636266.webm,1082,neutral,0.7097066640853882,19,4096,unknown
6a1ae758fe1ae407eb0c8dfa_audio_missing_utopia_1780187929361_transcript,6a1ae758fe1ae407eb0c8dfa_audio_missing_utopia_1780187929361.webm,682,neutral,0.552474319934845,12,4096,unknown
6a1ae758fe1ae407eb0c8dfa_audio_ranking_explanation_1780187807567_transcript,6a1ae758fe1ae407eb0c8dfa_audio_ranking_explanation_1780187807567.webm,2174,positive,0.7616965770721436,40,4096,unknown
6a1b2b3948c6cbae0a769e5c_audio_missing_utopia_1780210881978_transcript,6a1b2b3948c6cbae0a769e5c_audio_missing_utopia_1780210881978.webm,1527,negative,0.5642979741096497,28,4096,unknown
6a1b2b3948c6cbae0a769e5c_audio_ranking_explanation_1780210204071_transcript,6a1b2b3948c6cbae0a769e5c_audio_ranking_explanation_1780210204071.webm,1467,neutral,0.5422528982162476,25,4096,unknown
6a1b32acfd7ac5cad675de0a_audio_missing_utopia_1780215387367_transcript,6a1b32acfd7ac5cad675de0a_audio_missing_utopia_1780215387367.webm,666,neutral,0.7438947558403015,12,4096,unknown
6a1b32acfd7ac5cad675de0a_audio_ranking_explanation_1780215264727_transcript,6a1b32acfd7ac5cad675de0a_audio_ranking_explanation_1780215264727.webm,528,positive,0.8875076770782471,9,4096,unknown
6a1b3fe279a44a28205a2ad1_audio_missing_utopia_1780529099692_transcript,6a1b3fe279a44a28205a2ad1_audio_missing_utopia_1780529099692.webm,348,positive,0.7984760999679565,6,4096,unknown
6a1b3fe279a44a28205a2ad1_audio_ranking_explanation_1780528974790_transcript,6a1b3fe279a44a28205a2ad1_audio_ranking_explanation_1780528974790.webm,1037,positive,0.8446675539016724,18,4096,unknown
6a1b4826a9d1bd7172e2961e_audio_missing_utopia_1780408335072_transcript,6a1b4826a9d1bd7172e2961e_audio_missing_utopia_1780408335072.webm,159,positive,0.8144432902336121,2,4096,unknown
6a1b4826a9d1bd7172e2961e_audio_ranking_explanation_1780408237316_transcript,6a1b4826a9d1bd7172e2961e_audio_ranking_explanation_1780408237316.webm,485,positive,0.5546778440475464,7,4096,unknown
6a1b4f4ff5fe8966fa80eadc_audio_missing_utopia_1780189032372_transcript,6a1b4f4ff5fe8966fa80eadc_audio_missing_utopia_1780189032372.webm,659,neutral,0.6177129745483398,11,4096,unknown
6a1b4f4ff5fe8966fa80eadc_audio_ranking_explanation_1780188815322_transcript,6a1b4f4ff5fe8966fa80eadc_audio_ranking_explanation_1780188815322.webm,2507,positive,0.658145010471344,45,4096,unknown
6a1b5250d5e9bc023be2bfdb_audio_missing_utopia_1780182878655_transcript,6a1b5250d5e9bc023be2bfdb_audio_missing_utopia_1780182878655.webm,124,neutral,0.7471421957015991,2,4096,unknown
6a1b5250d5e9bc023be2bfdb_audio_ranking_explanation_1780182850731_transcript,6a1b5250d5e9bc023be2bfdb_audio_ranking_explanation_1780182850731.webm,706,positive,0.8656395077705383,13,4096,unknown
6a1b60641b46d923e3ce32a0_audio_missing_utopia_1780188660209_transcript,6a1b60641b46d923e3ce32a0_audio_missing_utopia_1780188660209.webm,1009,neutral,0.7146075963973999,17,4096,unknown
6a1b735224c511273377e91b_audio_missing_utopia_1780188435414_transcript,6a1b735224c511273377e91b_audio_missing_utopia_1780188435414.webm,697,neutral,0.6303624510765076,11,4096,unknown
6a1b735224c511273377e91b_audio_ranking_explanation_1780188360452_transcript,6a1b735224c511273377e91b_audio_ranking_explanation_1780188360452.webm,3289,positive,0.9527600407600403,61,4096,unknown
6a1badb449d53fd4fe6cfabe_audio_missing_utopia_1780405829316_transcript,6a1badb449d53fd4fe6cfabe_audio_missing_utopia_1780405829316.webm,347,neutral,0.5263416767120361,6,4096,unknown
6a1badb449d53fd4fe6cfabe_audio_ranking_explanation_1780405774114_transcript,6a1badb449d53fd4fe6cfabe_audio_ranking_explanation_1780405774114.webm,510,positive,0.6709519624710083,8,4096,unknown
6a1bb4b5eb9883bf7626d6df_audio_missing_utopia_1780205188887_transcript,6a1bb4b5eb9883bf7626d6df_audio_missing_utopia_1780205188887.webm,49,positive,0.7208059430122375,0,4096,unknown
6a1bb4b5eb9883bf7626d6df_audio_ranking_explanation_1780205169401_transcript,6a1bb4b5eb9883bf7626d6df_audio_ranking_explanation_1780205169401.webm,74,neutral,0.6888556480407715,1,4096,unknown
6a1bc40efaf7defaede89aa6_audio_missing_utopia_1780207181366_transcript,6a1bc40efaf7defaede89aa6_audio_missing_utopia_1780207181366.webm,419,positive,0.5007192492485046,6,4096,unknown
6a1bc40efaf7defaede89aa6_audio_ranking_explanation_1780206945059_transcript,6a1bc40efaf7defaede89aa6_audio_ranking_explanation_1780206945059.webm,1237,positive,0.746536374092102,23,4096,unknown
6a1c6e4718629102f9535935_audio_missing_utopia_1780517105986_transcript,6a1c6e4718629102f9535935_audio_missing_utopia_1780517105986.webm,617,neutral,0.5713249444961548,10,4096,unknown
6a1c6e4718629102f9535935_audio_ranking_explanation_1780516980144_transcript,6a1c6e4718629102f9535935_audio_ranking_explanation_1780516980144.webm,622,positive,0.6362911462783813,10,4096,unknown
6a1c7f66eee691b4c70c2d3e_audio_missing_utopia_1780262425260_transcript,6a1c7f66eee691b4c70c2d3e_audio_missing_utopia_1780262425260.webm,1554,positive,0.5246164202690125,26,4096,unknown
6a1c7f66eee691b4c70c2d3e_audio_ranking_explanation_1780262291217_transcript,6a1c7f66eee691b4c70c2d3e_audio_ranking_explanation_1780262291217.webm,4383,positive,0.5794031023979187,78,4096,unknown
6a1c990b43838fd3a302fedf_audio_missing_utopia_1780404819890_transcript,6a1c990b43838fd3a302fedf_audio_missing_utopia_1780404819890.webm,550,neutral,0.540229856967926,9,4096,unknown
6a1c990b43838fd3a302fedf_audio_ranking_explanation_1780404734079_transcript,6a1c990b43838fd3a302fedf_audio_ranking_explanation_1780404734079.webm,943,positive,0.7010180950164795,18,4096,unknown
6a1ca3d3b59fba790e76cabb_audio_missing_utopia_1780286639022_transcript,6a1ca3d3b59fba790e76cabb_audio_missing_utopia_1780286639022.webm,349,neutral,0.5940649509429932,5,4096,unknown
6a1ca3d3b59fba790e76cabb_audio_ranking_explanation_1780286589071_transcript,6a1ca3d3b59fba790e76cabb_audio_ranking_explanation_1780286589071.webm,1300,positive,0.9565674662590027,23,4096,unknown
6a1cc806227a3142ceb4df72_audio_missing_utopia_1780404236832_transcript,6a1cc806227a3142ceb4df72_audio_missing_utopia_1780404236832.webm,672,negative,0.6380470395088196,12,4096,unknown
6a1cc806227a3142ceb4df72_audio_ranking_explanation_1780404154598_transcript,6a1cc806227a3142ceb4df72_audio_ranking_explanation_1780404154598.webm,1699,positive,0.6840114593505859,30,4096,unknown
6a1cd450a79bf6b9973fa75f_audio_missing_utopia_1780387956310_transcript,6a1cd450a79bf6b9973fa75f_audio_missing_utopia_1780387956310.webm,889,neutral,0.5892451405525208,16,4096,unknown
6a1cd450a79bf6b9973fa75f_audio_ranking_explanation_1780387822334_transcript,6a1cd450a79bf6b9973fa75f_audio_ranking_explanation_1780387822334.webm,1997,positive,0.6809419393539429,36,4096,unknown
6a1d037d028b02741282aeef_audio_missing_utopia_1780379295177_transcript,6a1d037d028b02741282aeef_audio_missing_utopia_1780379295177.webm,1182,neutral,0.5058401226997375,21,4096,unknown
6a1d037d028b02741282aeef_audio_ranking_explanation_1780379119535_transcript,6a1d037d028b02741282aeef_audio_ranking_explanation_1780379119535.webm,1275,positive,0.826136589050293,24,4096,unknown
6a1d09adbc5e462821031cb2_audio_missing_utopia_1780305232947_transcript,6a1d09adbc5e462821031cb2_audio_missing_utopia_1780305232947.webm,479,negative,0.49240243434906006,9,4096,unknown
6a1d09adbc5e462821031cb2_audio_ranking_explanation_1780305122180_transcript,6a1d09adbc5e462821031cb2_audio_ranking_explanation_1780305122180.webm,412,neutral,0.5115059018135071,8,4096,unknown
6a1d185b08240fd3e99f27b4_audio_missing_utopia_1780295461084_transcript,6a1d185b08240fd3e99f27b4_audio_missing_utopia_1780295461084.webm,656,neutral,0.6693901419639587,13,4096,unknown
6a1d185b08240fd3e99f27b4_audio_ranking_explanation_1780295380351_transcript,6a1d185b08240fd3e99f27b4_audio_ranking_explanation_1780295380351.webm,2679,positive,0.8440830707550049,51,4096,unknown
6a1d1de8c53680eca8b73455_audio_missing_utopia_1780297827497_transcript,6a1d1de8c53680eca8b73455_audio_missing_utopia_1780297827497.webm,166,neutral,0.621545672416687,3,4096,unknown
6a1d1de8c53680eca8b73455_audio_ranking_explanation_1780297792865_transcript,6a1d1de8c53680eca8b73455_audio_ranking_explanation_1780297792865.webm,99,positive,0.8058100342750549,1,4096,unknown
6a1d2072e93c3d8f49fb7c47_audio_missing_utopia_1780384769250_transcript,6a1d2072e93c3d8f49fb7c47_audio_missing_utopia_1780384769250.webm,181,neutral,0.6870036125183105,3,4096,unknown
6a1d2072e93c3d8f49fb7c47_audio_ranking_explanation_1780384734636_transcript,6a1d2072e93c3d8f49fb7c47_audio_ranking_explanation_1780384734636.webm,344,neutral,0.6142935752868652,6,4096,unknown
6a1d806a103f5fa249221a3c_audio_missing_utopia_1780320986118_transcript,6a1d806a103f5fa249221a3c_audio_missing_utopia_1780320986118.webm,1006,neutral,0.5787095427513123,20,4096,unknown
6a1d806a103f5fa249221a3c_audio_ranking_explanation_1780320898649_transcript,6a1d806a103f5fa249221a3c_audio_ranking_explanation_1780320898649.webm,2386,positive,0.8138590455055237,47,4096,unknown
6a1daefdc17a49bbb3e1c91e_audio_missing_utopia_1780378154482_transcript,6a1daefdc17a49bbb3e1c91e_audio_missing_utopia_1780378154482.webm,457,neutral,0.5545527338981628,8,4096,unknown
6a1daefdc17a49bbb3e1c91e_audio_ranking_explanation_1780378097174_transcript,6a1daefdc17a49bbb3e1c91e_audio_ranking_explanation_1780378097174.webm,1182,neutral,0.6301488280296326,22,4096,unknown
6a1db879da54dbca719304ac_audio_missing_utopia_1780431113902_transcript,6a1db879da54dbca719304ac_audio_missing_utopia_1780431113902.webm,718,neutral,0.6459269523620605,12,4096,unknown
6a1db879da54dbca719304ac_audio_ranking_explanation_1780431002506_transcript,6a1db879da54dbca719304ac_audio_ranking_explanation_1780431002506.webm,1142,negative,0.7732557058334351,21,4096,unknown
6a1dc49806c1dbbcce420f7d_audio_missing_utopia_1780381598841_transcript,6a1dc49806c1dbbcce420f7d_audio_missing_utopia_1780381598841.webm,457,neutral,0.6810335516929626,8,4096,unknown
6a1dc49806c1dbbcce420f7d_audio_ranking_explanation_1780381490089_transcript,6a1dc49806c1dbbcce420f7d_audio_ranking_explanation_1780381490089.webm,1065,neutral,0.524444043636322,19,4096,unknown
6a1dc4c9608b0c2be8b3e155_audio_missing_utopia_1780397369743_transcript,6a1dc4c9608b0c2be8b3e155_audio_missing_utopia_1780397369743.webm,59,neutral,0.5530439019203186,0,4096,unknown
6a1dc4c9608b0c2be8b3e155_audio_ranking_explanation_1780397349809_transcript,6a1dc4c9608b0c2be8b3e155_audio_ranking_explanation_1780397349809.webm,275,negative,0.5110836029052734,4,4096,unknown
6a1dc5243a38d709fa76621e_audio_missing_utopia_1780382553601_transcript,6a1dc5243a38d709fa76621e_audio_missing_utopia_1780382553601.webm,992,positive,0.6536270976066589,18,4096,unknown
6a1dc5243a38d709fa76621e_audio_ranking_explanation_1780382332000_transcript,6a1dc5243a38d709fa76621e_audio_ranking_explanation_1780382332000.webm,1972,neutral,0.703915536403656,37,4096,unknown
6a1dcc3b22e5ae41876d613e_audio_missing_utopia_1780405505925_transcript,6a1dcc3b22e5ae41876d613e_audio_missing_utopia_1780405505925.webm,902,positive,0.6201909780502319,16,4096,unknown
6a1dcc3b22e5ae41876d613e_audio_ranking_explanation_1780405396370_transcript,6a1dcc3b22e5ae41876d613e_audio_ranking_explanation_1780405396370.webm,2234,neutral,0.7356030344963074,41,4096,unknown
6a1dcf19488db85c9fd3e14c_audio_missing_utopia_1780343159200_transcript,6a1dcf19488db85c9fd3e14c_audio_missing_utopia_1780343159200.webm,160,neutral,0.5228874683380127,2,4096,unknown
6a1dcf19488db85c9fd3e14c_audio_ranking_explanation_1780343132616_transcript,6a1dcf19488db85c9fd3e14c_audio_ranking_explanation_1780343132616.webm,534,positive,0.7139902114868164,8,4096,unknown
6a1df769b69ebcd2ecca9375_audio_missing_utopia_1780407755939_transcript,6a1df769b69ebcd2ecca9375_audio_missing_utopia_1780407755939.webm,688,neutral,0.7385633587837219,12,4096,unknown
6a1df769b69ebcd2ecca9375_audio_ranking_explanation_1780407690026_transcript,6a1df769b69ebcd2ecca9375_audio_ranking_explanation_1780407690026.webm,1797,positive,0.5344609022140503,34,4096,unknown
6a1e0720b565233b3d6a164c_audio_missing_utopia_1780390991651_transcript,6a1e0720b565233b3d6a164c_audio_missing_utopia_1780390991651.webm,189,positive,0.7057583332061768,3,4096,unknown
6a1e0720b565233b3d6a164c_audio_ranking_explanation_1780390906255_transcript,6a1e0720b565233b3d6a164c_audio_ranking_explanation_1780390906255.webm,364,neutral,0.7040554285049438,6,4096,unknown
6a1e12fbe135023312071997_audio_missing_utopia_1780391643512_transcript,6a1e12fbe135023312071997_audio_missing_utopia_1780391643512.webm,663,negative,0.6936360001564026,12,4096,unknown
6a1e12fbe135023312071997_audio_ranking_explanation_1780391568660_transcript,6a1e12fbe135023312071997_audio_ranking_explanation_1780391568660.webm,1065,neutral,0.5431891679763794,20,4096,unknown
6a1e19d1285179a116fdcd95_audio_missing_utopia_1780409438324_transcript,6a1e19d1285179a116fdcd95_audio_missing_utopia_1780409438324.webm,1164,neutral,0.6430529952049255,21,4096,unknown
6a1e19d1285179a116fdcd95_audio_ranking_explanation_1780409296650_transcript,6a1e19d1285179a116fdcd95_audio_ranking_explanation_1780409296650.webm,3242,positive,0.6607796549797058,60,4096,unknown
6a1e3a774a64aef0ecce3a94_audio_missing_utopia_1780420270513_transcript,6a1e3a774a64aef0ecce3a94_audio_missing_utopia_1780420270513.webm,577,neutral,0.6430916786193848,11,4096,unknown
6a1e3a774a64aef0ecce3a94_audio_ranking_explanation_1780420172790_transcript,6a1e3a774a64aef0ecce3a94_audio_ranking_explanation_1780420172790.webm,1979,positive,0.7011609077453613,33,4096,unknown
6a1e3eff23e120042c4a1545_audio_missing_utopia_1780392693673_transcript,6a1e3eff23e120042c4a1545_audio_missing_utopia_1780392693673.webm,1123,neutral,0.7453515529632568,20,4096,unknown
6a1e3eff23e120042c4a1545_audio_ranking_explanation_1780392498500_transcript,6a1e3eff23e120042c4a1545_audio_ranking_explanation_1780392498500.webm,2273,negative,0.7433869242668152,43,4096,unknown
6a1e4ed97643f14426d7f17b_audio_missing_utopia_1780378042022_transcript,6a1e4ed97643f14426d7f17b_audio_missing_utopia_1780378042022.webm,551,neutral,0.557294487953186,10,4096,unknown
6a1e4ed97643f14426d7f17b_audio_ranking_explanation_1780377965339_transcript,6a1e4ed97643f14426d7f17b_audio_ranking_explanation_1780377965339.webm,850,neutral,0.5021664500236511,15,4096,unknown
6a1e601b20d193f9a706e875_audio_missing_utopia_1780387339011_transcript,6a1e601b20d193f9a706e875_audio_missing_utopia_1780387339011.webm,3124,negative,0.871679425239563,58,4096,unknown
6a1e601b20d193f9a706e875_audio_ranking_explanation_1780387061783_transcript,6a1e601b20d193f9a706e875_audio_ranking_explanation_1780387061783.webm,4734,neutral,0.7016735076904297,87,4096,unknown
6a1e60cacee7c00918fcd799_audio_missing_utopia_1780380077852_transcript,6a1e60cacee7c00918fcd799_audio_missing_utopia_1780380077852.webm,439,neutral,0.4725855588912964,8,4096,unknown
6a1e60cacee7c00918fcd799_audio_ranking_explanation_1780380011511_transcript,6a1e60cacee7c00918fcd799_audio_ranking_explanation_1780380011511.webm,1255,positive,0.5306699872016907,24,4096,unknown
6a1eb325aee064a08a749fe9_audio_missing_utopia_1780403008848_transcript,6a1eb325aee064a08a749fe9_audio_missing_utopia_1780403008848.webm,657,positive,0.5656328797340393,11,4096,unknown
6a1eb325aee064a08a749fe9_audio_ranking_explanation_1780402939330_transcript,6a1eb325aee064a08a749fe9_audio_ranking_explanation_1780402939330.webm,1008,negative,0.5102511048316956,19,4096,unknown
6a1ec1fad25db28c877281e4_audio_missing_utopia_1780486661166_transcript,6a1ec1fad25db28c877281e4_audio_missing_utopia_1780486661166.webm,136,positive,0.6497763991355896,2,4096,unknown
6a1ec1fad25db28c877281e4_audio_ranking_explanation_1780486594609_transcript,6a1ec1fad25db28c877281e4_audio_ranking_explanation_1780486594609.webm,119,negative,0.83478844165802,2,4096,unknown
6a1ee8665e4028caf11f66be_audio_missing_utopia_1780428366559_transcript,6a1ee8665e4028caf11f66be_audio_missing_utopia_1780428366559.webm,391,positive,0.7720382809638977,7,4096,unknown
6a1ee8665e4028caf11f66be_audio_ranking_explanation_1780428326761_transcript,6a1ee8665e4028caf11f66be_audio_ranking_explanation_1780428326761.webm,986,neutral,0.5687447190284729,18,4096,unknown
6a1ef3bfa9b1fa8954118970_audio_missing_utopia_1780424374613_transcript,6a1ef3bfa9b1fa8954118970_audio_missing_utopia_1780424374613.webm,499,neutral,0.7223448157310486,9,4096,unknown
6a1ef3bfa9b1fa8954118970_audio_ranking_explanation_1780424290494_transcript,6a1ef3bfa9b1fa8954118970_audio_ranking_explanation_1780424290494.webm,1126,neutral,0.6532169580459595,22,4096,unknown
6a1f54c907df6d6555a168a7_audio_missing_utopia_1780444339941_transcript,6a1f54c907df6d6555a168a7_audio_missing_utopia_1780444339941.webm,314,neutral,0.6189092397689819,5,4096,unknown
6a1f54c907df6d6555a168a7_audio_ranking_explanation_1780444295499_transcript,6a1f54c907df6d6555a168a7_audio_ranking_explanation_1780444295499.webm,659,positive,0.5646526217460632,12,4096,unknown
6a202d4defe12049536d8206_audio_missing_utopia_1780514147802_transcript,6a202d4defe12049536d8206_audio_missing_utopia_1780514147802.webm,1111,neutral,0.6084908246994019,22,4096,unknown
6a202d4defe12049536d8206_audio_ranking_explanation_1780514045385_transcript,6a202d4defe12049536d8206_audio_ranking_explanation_1780514045385.webm,2525,positive,0.7682221531867981,48,4096,unknown
unknown_audio_missing_utopia_1780465814519_transcript,unknown_audio_missing_utopia_1780465814519.webm,97,negative,0.6743520498275757,1,4096,unknown
unknown_audio_ranking_explanation_1780465738686_transcript,unknown_audio_ranking_explanation_1780465738686.webm,823,positive,0.8447683453559875,13,4096,unknown
