json_file,window_index,window_text,sentiment_label,sentiment_score
59a07638bfd73c00010ea394_audio_missing_utopia_1780152365703_transcript,0,I don't really have any complaints with the choices that,neutral,0.6967774033546448
59a07638bfd73c00010ea394_audio_missing_utopia_1780152365703_transcript,1,were present. I'd say some of them could have been,neutral,0.7864034175872803
59a07638bfd73c00010ea394_audio_missing_utopia_1780152365703_transcript,2,a bit more detailed in what they were trying to,neutral,0.7562608122825623
59a07638bfd73c00010ea394_audio_missing_utopia_1780152365703_transcript,3,"provide. Anything I can think of, I think, has already",neutral,0.8057901859283447
59a07638bfd73c00010ea394_audio_missing_utopia_1780152365703_transcript,4,"been touched upon, but not in the entirety that I",neutral,0.783241331577301
59a07638bfd73c00010ea394_audio_missing_utopia_1780152365703_transcript,5,"think of. For example, the green utopia. In concept, it's",neutral,0.6638718843460083
59a07638bfd73c00010ea394_audio_missing_utopia_1780152365703_transcript,6,"pretty good, but there has to be a bunch of",positive,0.8542995452880859
59a07638bfd73c00010ea394_audio_ranking_explanation_1780152318767_transcript,0,"Well, I think science and innovation top all, and that's",positive,0.7768856883049011
59a07638bfd73c00010ea394_audio_ranking_explanation_1780152318767_transcript,1,why I have it as my number one choice. Under,neutral,0.5960823893547058
59a07638bfd73c00010ea394_audio_ranking_explanation_1780152318767_transcript,2,"that, having sustainability in the form of green energy in",positive,0.5611832737922668
59a07638bfd73c00010ea394_audio_ranking_explanation_1780152318767_transcript,3,"conjunction with nature, with bits of modernality, makes that modern",neutral,0.8480260372161865
59a07638bfd73c00010ea394_audio_ranking_explanation_1780152318767_transcript,4,green utopia a good secondary choice. um the third one,positive,0.8238304853439331
59a07638bfd73c00010ea394_audio_ranking_explanation_1780152318767_transcript,5,is basically the world we already live in so i,neutral,0.6630666255950928
59a07638bfd73c00010ea394_audio_ranking_explanation_1780152318767_transcript,6,went ahead and i selected that one mainly because i,neutral,0.6406221389770508
59a07638bfd73c00010ea394_audio_ranking_explanation_1780152318767_transcript,7,compared it to the others and it just ruled above,neutral,0.8172312378883362
59a07638bfd73c00010ea394_audio_ranking_explanation_1780152318767_transcript,8,those um the moral commonwealth i didn't really like all,negative,0.8504055738449097
59a07638bfd73c00010ea394_audio_ranking_explanation_1780152318767_transcript,9,too much just because governed by morality uh that that's,negative,0.6459629535675049
59a07638bfd73c00010ea394_audio_ranking_explanation_1780152318767_transcript,10,not going to work really too well because someone can,negative,0.7705821394920349
59a07638bfd73c00010ea394_audio_ranking_explanation_1780152318767_transcript,11,take control of the world basically in that scenario The,neutral,0.754359781742096
59a07638bfd73c00010ea394_audio_ranking_explanation_1780152318767_transcript,12,"Primitial Bliss, it was just the better option than the",positive,0.5820831060409546
59a07638bfd73c00010ea394_audio_ranking_explanation_1780152318767_transcript,13,two below that one. AI is really too black and,negative,0.7981964349746704
59a07638bfd73c00010ea394_audio_ranking_explanation_1780152318767_transcript,14,white and is prone to error. So that would just,negative,0.6440423727035522
59a07638bfd73c00010ea394_audio_ranking_explanation_1780152318767_transcript,15,lead to more chaos than order. And I really just,negative,0.8515797257423401
5a80f74aaa46dd00016b7df9_audio_missing_utopia_1780194586719_transcript,0,I can't think off the top of my head what,negative,0.7655022740364075
5a80f74aaa46dd00016b7df9_audio_missing_utopia_1780194586719_transcript,1,values or important approaches were absent from all of them.,negative,0.516131579875946
5a80f74aaa46dd00016b7df9_audio_missing_utopia_1780194586719_transcript,2,"Just like what matters most in your vision, in my",neutral,0.5782099962234497
5a80f74aaa46dd00016b7df9_audio_missing_utopia_1780194586719_transcript,3,vision of society is just like where the moral policing,neutral,0.6775075197219849
5a80f74aaa46dd00016b7df9_audio_missing_utopia_1780194586719_transcript,4,"is coming from and where the moral standards come from,",neutral,0.7812851667404175
5a80f74aaa46dd00016b7df9_audio_missing_utopia_1780194586719_transcript,5,"whether that's from like AI, religion, government, or just like",neutral,0.8215201497077942
5a80f74aaa46dd00016b7df9_audio_missing_utopia_1780194586719_transcript,6,individual communities expressing that. i think that's the most important,positive,0.6855664849281311
5a80f74aaa46dd00016b7df9_audio_missing_utopia_1780194586719_transcript,7,i think just like um one that was like maybe,neutral,0.9059182405471802
5a80f74aaa46dd00016b7df9_audio_missing_utopia_1780194586719_transcript,8,like high tech small scale would also be good and,positive,0.7431661486625671
5a80f74aaa46dd00016b7df9_audio_ranking_explanation_1780194493910_transcript,0,the first is moral commonwealth because it is best if,neutral,0.5395677089691162
5a80f74aaa46dd00016b7df9_audio_ranking_explanation_1780194493910_transcript,1,you rely on the inner morality of each person policing,neutral,0.7222989201545715
5a80f74aaa46dd00016b7df9_audio_ranking_explanation_1780194493910_transcript,2,themselves and other people as opposed to like a religion,neutral,0.7473547458648682
5a80f74aaa46dd00016b7df9_audio_ranking_explanation_1780194493910_transcript,3,or ai or just government in general or science that,neutral,0.750461995601654
5a80f74aaa46dd00016b7df9_audio_ranking_explanation_1780194493910_transcript,4,would be the most preferable one because based on the,positive,0.8702079653739929
5a80f74aaa46dd00016b7df9_audio_ranking_explanation_1780194493910_transcript,5,individual and the individual can apply it to everyone in,neutral,0.8580030798912048
5a80f74aaa46dd00016b7df9_audio_ranking_explanation_1780194493910_transcript,6,their society the second is just religious utopia because um,neutral,0.6207798719406128
5a80f74aaa46dd00016b7df9_audio_ranking_explanation_1780194493910_transcript,7,just like religion provides a good moral face base of,neutral,0.7180067896842957
5a80f74aaa46dd00016b7df9_audio_ranking_explanation_1780194493910_transcript,8,what's right and wrong as opposed to the others are,neutral,0.7617912888526917
5a80f74aaa46dd00016b7df9_audio_ranking_explanation_1780194493910_transcript,9,like ai and futuristic and green science uh they don't,neutral,0.6089168190956116
5a80f74aaa46dd00016b7df9_audio_ranking_explanation_1780194493910_transcript,10,the scientific method doesn't say what's right or wrong and,negative,0.6703834533691406
5a80f74aaa46dd00016b7df9_audio_ranking_explanation_1780194493910_transcript,11,ai is based on people so that would be my,neutral,0.8355017304420471
5a80f74aaa46dd00016b7df9_audio_ranking_explanation_1780194493910_transcript,12,second third is ai because it's more objective to people's,neutral,0.736238420009613
5a80f74aaa46dd00016b7df9_audio_ranking_explanation_1780194493910_transcript,13,needs if it's programmed correctly in a utopian society and,neutral,0.7578479647636414
5a80f74aaa46dd00016b7df9_audio_ranking_explanation_1780194493910_transcript,14,it could make more attractive decisions. Fourth is futuristic utopia,positive,0.6596662998199463
5a80f74aaa46dd00016b7df9_audio_ranking_explanation_1780194493910_transcript,15,with science and innovation. Even though it can't tell you,neutral,0.6988170146942139
5a80f74aaa46dd00016b7df9_audio_ranking_explanation_1780194493910_transcript,16,"what's right or wrong, just basing it on the very",neutral,0.720720112323761
5a80f74aaa46dd00016b7df9_audio_ranking_explanation_1780194493910_transcript,17,science and innovation to have a good life and everything,positive,0.8454251885414124
5a80f74aaa46dd00016b7df9_audio_ranking_explanation_1780194493910_transcript,18,is good. Fifth is this primitive utopia where I like,positive,0.9033944010734558
5a80f74aaa46dd00016b7df9_audio_ranking_explanation_1780194493910_transcript,19,the small scale of communities where you can like really,neutral,0.6693150997161865
5a80f74aaa46dd00016b7df9_audio_ranking_explanation_1780194493910_transcript,20,like police yourselves and have a one of the best,positive,0.6133518218994141
5a80f74aaa46dd00016b7df9_audio_ranking_explanation_1780194493910_transcript,21,parts of our communities is being in small scale and,neutral,0.8126236200332642
5a80f74aaa46dd00016b7df9_audio_ranking_explanation_1780194493910_transcript,22,that's what makes it more appealing to the other two,positive,0.7329060435295105
5a80f74aaa46dd00016b7df9_audio_ranking_explanation_1780194493910_transcript,23,of modern green utopia where where you're in the secure,neutral,0.6223466992378235
5a80f74aaa46dd00016b7df9_audio_ranking_explanation_1780194493910_transcript,24,green but also you're reliant on uh just a sustainable,neutral,0.7293160557746887
5a80f74aaa46dd00016b7df9_audio_ranking_explanation_1780194493910_transcript,25,energy this time and lastly is this institutional utopia is,neutral,0.7900848984718323
5a80f74aaa46dd00016b7df9_audio_ranking_explanation_1780194493910_transcript,26,least festival because you're relying on government to provide and,neutral,0.6143394708633423
5b20c0474c72120001f25d90_audio_missing_utopia_1780192544079_transcript,0,"This was really hard to think of one, but I",negative,0.5354700088500977
5b20c0474c72120001f25d90_audio_missing_utopia_1780192544079_transcript,1,think the one that's missing is a society that's led,neutral,0.5160478353500366
5b20c0474c72120001f25d90_audio_missing_utopia_1780192544079_transcript,2,"by liberties, and that means that personal freedom, self-determination, and",neutral,0.7489770650863647
5b20c0474c72120001f25d90_audio_missing_utopia_1780192544079_transcript,3,your individual rights are placed of a high importance. um,neutral,0.7945719957351685
5b20c0474c72120001f25d90_audio_missing_utopia_1780192544079_transcript,4,it basically means you're free to do what you want,neutral,0.6837022304534912
5b20c0474c72120001f25d90_audio_missing_utopia_1780192544079_transcript,5,as long as it doesn't violate you know the rights,neutral,0.7591761946678162
5b20c0474c72120001f25d90_audio_missing_utopia_1780192544079_transcript,6,and the freedoms of others and it places less importance,negative,0.6473435759544373
5b20c0474c72120001f25d90_audio_missing_utopia_1780192544079_transcript,7,on a government that decides what you can and can't,negative,0.6105487942695618
5b20c0474c72120001f25d90_audio_ranking_explanation_1780192104024_transcript,0,I ranked them in order of which ones people are,neutral,0.8923312425613403
5b20c0474c72120001f25d90_audio_ranking_explanation_1780192104024_transcript,1,"proven to thrive in and which ones are right, both",neutral,0.5709643959999084
5b20c0474c72120001f25d90_audio_ranking_explanation_1780192104024_transcript,2,for individuals and the community and the Earth as a,neutral,0.8553066253662109
5b20c0474c72120001f25d90_audio_ranking_explanation_1780192104024_transcript,3,whole. so i value um green energy and working with,positive,0.6769577264785767
5b20c0474c72120001f25d90_audio_ranking_explanation_1780192104024_transcript,4,the planet versus against it um i think the religious,neutral,0.8186172842979431
5b20c0474c72120001f25d90_audio_ranking_explanation_1780192104024_transcript,5,the religious ai and institutional ones have too much ability,neutral,0.5075970888137817
5b20c0474c72120001f25d90_audio_ranking_explanation_1780192104024_transcript,6,to become skewed by like individuals who are power hungry,negative,0.5589538216590881
5b20c0474c72120001f25d90_audio_ranking_explanation_1780192104024_transcript,7,or um are biased in some way i think they're,negative,0.6372036933898926
5b20c0474c72120001f25d90_audio_ranking_explanation_1780192104024_transcript,8,particularly the religious one or the institutional one they're not,neutral,0.5252454280853271
5b20c0474c72120001f25d90_audio_ranking_explanation_1780192104024_transcript,9,governed by what is truly right they're governed by what,neutral,0.8006507158279419
5b20c0474c72120001f25d90_audio_ranking_explanation_1780192104024_transcript,10,a small collection of people thinks is right or says,neutral,0.6648097038269043
5b20c0474c72120001f25d90_audio_ranking_explanation_1780192104024_transcript,11,"is right, where the morality one, the small-scale one, and",neutral,0.7886711359024048
5b20c0474c72120001f25d90_audio_ranking_explanation_1780192104024_transcript,12,"the green one, they're governed by the need for each",neutral,0.8152449727058411
5b20c0474c72120001f25d90_audio_ranking_explanation_1780192104024_transcript,13,"other, community, and what is right for both themselves and",neutral,0.7244746088981628
5e0e1b8800a6bf000a694f79_audio_missing_utopia_1780166362837_transcript,0,I wouldn't say that anything is necessarily missing. I would,neutral,0.7424248456954956
5e0e1b8800a6bf000a694f79_audio_missing_utopia_1780166362837_transcript,1,just kind of blend the top few societies on my,neutral,0.8273504376411438
5e0e1b8800a6bf000a694f79_audio_ranking_explanation_1780166335425_transcript,0,I thought it made the most sense to have a,neutral,0.6238190531730652
5e0e1b8800a6bf000a694f79_audio_ranking_explanation_1780166335425_transcript,1,society that values the land and the planet and everything,neutral,0.7374964952468872
5e0e1b8800a6bf000a694f79_audio_ranking_explanation_1780166335425_transcript,2,that it gives us. And even though I have the,neutral,0.6566056609153748
5e0e1b8800a6bf000a694f79_audio_ranking_explanation_1780166335425_transcript,3,"moral commonwealth as number two, I think that would be",neutral,0.7977330088615417
5e0e1b8800a6bf000a694f79_audio_ranking_explanation_1780166335425_transcript,4,just as important as the green utopia. if everyone is,positive,0.6633930802345276
5e0e1b8800a6bf000a694f79_audio_ranking_explanation_1780166335425_transcript,5,able to self-actualize enough to where they they build strong,neutral,0.5629010200500488
5e0e1b8800a6bf000a694f79_audio_ranking_explanation_1780166335425_transcript,6,inner morality it feels like it would be more stable,neutral,0.5942316651344299
5e0e1b8800a6bf000a694f79_audio_ranking_explanation_1780166335425_transcript,7,"Um, and for, uh, three, science still feels important, especially",positive,0.8720436096191406
5e0e1b8800a6bf000a694f79_audio_ranking_explanation_1780166335425_transcript,8,"moving forward, um, and then towards the bottom, I really",neutral,0.8305873274803162
5e0e1b8800a6bf000a694f79_audio_ranking_explanation_1780166335425_transcript,9,didn't think AI would be a good idea as a,negative,0.7708698511123657
5e0e1b8800a6bf000a694f79_audio_ranking_explanation_1780166335425_transcript,10,central figure in a society. And from what I've seen,neutral,0.873704731464386
5e0e1b8800a6bf000a694f79_audio_ranking_explanation_1780166335425_transcript,11,"of religion in societies now, I definitely wanted that closer",neutral,0.6691854000091553
5e3a8aeedc1d57292aea3f22_audio_missing_utopia_1780162994597_transcript,0,I don't really believe that there was too many things,neutral,0.5651516318321228
5e3a8aeedc1d57292aea3f22_audio_missing_utopia_1780162994597_transcript,1,missing other than like they always were missing something that,neutral,0.5940313935279846
5e3a8aeedc1d57292aea3f22_audio_missing_utopia_1780162994597_transcript,2,could make it complete. Like for one instance would be,neutral,0.560097873210907
5e3a8aeedc1d57292aea3f22_audio_missing_utopia_1780162994597_transcript,3,"like with the modern, like the sustainability, like there wasn't",neutral,0.5394744873046875
5e3a8aeedc1d57292aea3f22_audio_missing_utopia_1780162994597_transcript,4,"much law and order there. There was a little bit,",neutral,0.6882631182670593
5e3a8aeedc1d57292aea3f22_audio_missing_utopia_1780162994597_transcript,5,"but there wasn't about, there wasn't much laws in place",negative,0.5989201664924622
5e3a8aeedc1d57292aea3f22_audio_missing_utopia_1780162994597_transcript,6,really to protect what they're doing or many of the,neutral,0.6361775398254395
5e3a8aeedc1d57292aea3f22_audio_missing_utopia_1780162994597_transcript,7,other ones are the same way. the only one that,neutral,0.8413429260253906
5e3a8aeedc1d57292aea3f22_audio_missing_utopia_1780162994597_transcript,8,did that was the law and order and i feel,neutral,0.7051133513450623
5e3a8aeedc1d57292aea3f22_audio_missing_utopia_1780162994597_transcript,9,like it was just the most complete even though it,positive,0.8976526260375977
5e3a8aeedc1d57292aea3f22_audio_missing_utopia_1780162994597_transcript,10,could be better i just feel like an ideal society,positive,0.425797700881958
5e3a8aeedc1d57292aea3f22_audio_missing_utopia_1780162994597_transcript,11,would have all the good things from the societies mentioned,positive,0.9023393988609314
5e3a8aeedc1d57292aea3f22_audio_ranking_explanation_1780162912062_transcript,0,the reason that I chose the ranking that I did,neutral,0.8368480801582336
5e3a8aeedc1d57292aea3f22_audio_ranking_explanation_1780162912062_transcript,1,is because the rule of law is going to keep,neutral,0.7896497249603271
5e3a8aeedc1d57292aea3f22_audio_ranking_explanation_1780162912062_transcript,2,people in check and you unfortunately have to have that,neutral,0.4891056418418884
5e3a8aeedc1d57292aea3f22_audio_ranking_explanation_1780162912062_transcript,3,nowadays and you have to have just law and order,neutral,0.6870821118354797
5e3a8aeedc1d57292aea3f22_audio_ranking_explanation_1780162912062_transcript,4,otherwise people will go crazy I wanted to put religious,negative,0.737525463104248
5e3a8aeedc1d57292aea3f22_audio_ranking_explanation_1780162912062_transcript,5,up higher because I am a Christian person but you,neutral,0.6088003516197205
5e3a8aeedc1d57292aea3f22_audio_ranking_explanation_1780162912062_transcript,6,don't know what kind of religion you're dealing with and,negative,0.5254734754562378
5e3a8aeedc1d57292aea3f22_audio_ranking_explanation_1780162912062_transcript,7,you don't know how crazy the religion could be it,negative,0.6085005402565002
5e3a8aeedc1d57292aea3f22_audio_ranking_explanation_1780162912062_transcript,8,may not be good for everybody um i also liked,neutral,0.5797117948532104
5e3a8aeedc1d57292aea3f22_audio_ranking_explanation_1780162912062_transcript,9,the the modern green version you know because it's taking,neutral,0.7626935839653015
5e3a8aeedc1d57292aea3f22_audio_ranking_explanation_1780162912062_transcript,10,care of the planet and being secure and doing the,neutral,0.5634006857872009
5e3a8aeedc1d57292aea3f22_audio_ranking_explanation_1780162912062_transcript,11,good things and also the science and innovation i least,positive,0.9471864700317383
5e3a8aeedc1d57292aea3f22_audio_ranking_explanation_1780162912062_transcript,12,like the ai uh data-driven governance because i just scares,neutral,0.6326696872711182
5e3a8aeedc1d57292aea3f22_audio_ranking_explanation_1780162912062_transcript,13,me the idea of ai being in control of everything,neutral,0.7325772047042847
5e7acbd0373d5e0c087a112c_audio_missing_utopia_1780178507534_transcript,0,I would say the green utopia is pretty close to,neutral,0.5244626998901367
5e7acbd0373d5e0c087a112c_audio_missing_utopia_1780178507534_transcript,1,what my ideal society would be. It'd be a mixture,neutral,0.7455387115478516
5e7acbd0373d5e0c087a112c_audio_missing_utopia_1780178507534_transcript,2,of that and then continuous innovation with no AI related,neutral,0.7551764249801636
5e7acbd0373d5e0c087a112c_audio_missing_utopia_1780178507534_transcript,3,to that innovation. And then people would just be held,negative,0.5010311007499695
5e7acbd0373d5e0c087a112c_audio_missing_utopia_1780178507534_transcript,4,strongly to what's right or wrong. So in our current,neutral,0.7659324407577515
5e7acbd0373d5e0c087a112c_audio_missing_utopia_1780178507534_transcript,5,"day, there's a lot of very powerful people that are",positive,0.9098024368286133
5e7acbd0373d5e0c087a112c_audio_missing_utopia_1780178507534_transcript,6,just skating by and can do whatever they want and,neutral,0.7718610763549805
5e7acbd0373d5e0c087a112c_audio_missing_utopia_1780178507534_transcript,7,"are facing no consequences. And in my ideal society, that",neutral,0.6200640797615051
5e7acbd0373d5e0c087a112c_audio_ranking_explanation_1780178450105_transcript,0,I think it makes sense to really focus on a,neutral,0.619284451007843
5e7acbd0373d5e0c087a112c_audio_ranking_explanation_1780178450105_transcript,1,"green future and sustainability and secure security, especially for people",positive,0.8502407670021057
5e7acbd0373d5e0c087a112c_audio_ranking_explanation_1780178450105_transcript,2,and the world around them. And then obviously science and,neutral,0.8124910593032837
5e7acbd0373d5e0c087a112c_audio_ranking_explanation_1780178450105_transcript,3,"innovation, intermorality, rule of law falls shortly after that. Religious",neutral,0.8704167008399963
5e7acbd0373d5e0c087a112c_audio_ranking_explanation_1780178450105_transcript,4,"utopia, I just think it wouldn't last long. Religion causes",negative,0.8110532760620117
5e7acbd0373d5e0c087a112c_audio_ranking_explanation_1780178450105_transcript,5,"a lot of has caused a lot of wars, causes",negative,0.9143683314323425
5e7acbd0373d5e0c087a112c_audio_ranking_explanation_1780178450105_transcript,6,a lot of conflict between people and even internal internally,negative,0.7599515914916992
5e7acbd0373d5e0c087a112c_audio_ranking_explanation_1780178450105_transcript,7,of people. and sooner or later someone would say they're,neutral,0.7785469889640808
5e84f59e965b290c42fad433_audio_missing_utopia_1780167398103_transcript,0,"Yeah, I think, you know, the one I selected first,",neutral,0.7240959405899048
5e84f59e965b290c42fad433_audio_missing_utopia_1780167398103_transcript,1,"I think that in my mind, that's like, you know,",neutral,0.7553147077560425
5e84f59e965b290c42fad433_audio_missing_utopia_1780167398103_transcript,2,a liberal democratic order. That's just always what I've always,neutral,0.7545581459999084
5e84f59e965b290c42fad433_audio_missing_utopia_1780167398103_transcript,3,valued with like markets and freedom of thinking and political,neutral,0.6518096923828125
5e84f59e965b290c42fad433_audio_missing_utopia_1780167398103_transcript,4,"identity. And, you know, people just will want to always",neutral,0.8114068508148193
5e84f59e965b290c42fad433_audio_missing_utopia_1780167398103_transcript,5,innovate and have a better living. And I think the,positive,0.5251182317733765
5e84f59e965b290c42fad433_audio_missing_utopia_1780167398103_transcript,6,thing I chose was the best way to foster innovation,positive,0.7814233899116516
5e84f59e965b290c42fad433_audio_ranking_explanation_1780167360237_transcript,0,I rank the societies because I think we have scarce,neutral,0.6346002817153931
5e84f59e965b290c42fad433_audio_ranking_explanation_1780167360237_transcript,1,resources and finding a way to optimize them and continually,neutral,0.5739951729774475
5e84f59e965b290c42fad433_audio_ranking_explanation_1780167360237_transcript,2,innovate is the best. I think rule of law is,positive,0.918079674243927
5e84f59e965b290c42fad433_audio_ranking_explanation_1780167360237_transcript,3,important as well because humans aren't perfect. And so I,neutral,0.5496207475662231
5e84f59e965b290c42fad433_audio_ranking_explanation_1780167360237_transcript,4,"think the moral commonwealth, while it's nice to think about,",positive,0.6301478743553162
5e84f59e965b290c42fad433_audio_ranking_explanation_1780167360237_transcript,5,I don't think it would be stable because people have,negative,0.6691109538078308
5e84f59e965b290c42fad433_audio_ranking_explanation_1780167360237_transcript,6,"different moralities. AI-centered, I don't know. I just don't think",neutral,0.4955342411994934
5e84f59e965b290c42fad433_audio_ranking_explanation_1780167360237_transcript,7,"it makes sense to give subjective decisions to AI, even",neutral,0.803673267364502
5e84f59e965b290c42fad433_audio_ranking_explanation_1780167360237_transcript,8,if they do have strong institutions in a market. It's,neutral,0.6826802492141724
5e84f59e965b290c42fad433_audio_ranking_explanation_1780167360237_transcript,9,"not necessarily perfect for optimization. Modern green, I just don't",negative,0.7543094158172607
5e84f59e965b290c42fad433_audio_ranking_explanation_1780167360237_transcript,10,think that makes sense. I'd rather live in abundance and,neutral,0.5152179002761841
5e84f59e965b290c42fad433_audio_ranking_explanation_1780167360237_transcript,11,uh having like modern green i don't know i just,neutral,0.7922370433807373
5e84f59e965b290c42fad433_audio_ranking_explanation_1780167360237_transcript,12,don't think it would be uh logistically effective and would,negative,0.7459383606910706
5e84f59e965b290c42fad433_audio_ranking_explanation_1780167360237_transcript,13,give people the things they need um you need to,neutral,0.6029024720191956
5e84f59e965b290c42fad433_audio_ranking_explanation_1780167360237_transcript,14,have innovation to make sure people you know get the,neutral,0.5835598707199097
5e84f59e965b290c42fad433_audio_ranking_explanation_1780167360237_transcript,15,things they need uh religious utopia is bad i think,negative,0.8736279606819153
5e84f59e965b290c42fad433_audio_ranking_explanation_1780167360237_transcript,16,hierarchical societies like that with religion stymie innovation and uh,negative,0.638698935508728
5e84f59e965b290c42fad433_audio_ranking_explanation_1780167360237_transcript,17,even if they are orderly orderly uh people should be,neutral,0.7458168864250183
5e84f59e965b290c42fad433_audio_ranking_explanation_1780167360237_transcript,18,allowed to disagree with religious dogma and whatnot and primitive,neutral,0.576931893825531
5e84f59e965b290c42fad433_audio_ranking_explanation_1780167360237_transcript,19,primitivism is all it's just bad um that just people,negative,0.9351109266281128
5e84f59e965b290c42fad433_audio_ranking_explanation_1780167360237_transcript,20,um i think as we live now people are better,positive,0.6332886815071106
5e84f59e965b290c42fad433_audio_ranking_explanation_1780167360237_transcript,21,off than you know a primitivist society where almost everyone,neutral,0.7628809809684753
5e84f59e965b290c42fad433_audio_ranking_explanation_1780167360237_transcript,22,is subsistence farming that is does not foster innovation and,negative,0.7969205379486084
5e84f59e965b290c42fad433_audio_ranking_explanation_1780167360237_transcript,23,just does not give people the things they need and,negative,0.8728147745132446
5e84f59e965b290c42fad433_audio_ranking_explanation_1780167360237_transcript,24,we're way far better off than we were 200 years,positive,0.9189464449882507
5e84f59e965b290c42fad433_audio_ranking_explanation_1780167360237_transcript,25,ago because people aren't subsistence farmers and primitivist utopia uh,neutral,0.5464118123054504
5e84f59e965b290c42fad433_audio_ranking_explanation_1780167360237_transcript,26,would just make us go back and it's not necessarily,neutral,0.599536657333374
5e84f59e965b290c42fad433_audio_ranking_explanation_1780167360237_transcript,27,"better um people would be more malnourishment, less literacy. It's",negative,0.7439894080162048
5f68fdce1c675a0baf13e0ff_audio_missing_utopia_1780156361306_transcript,0,"I feel like all the descriptions were kind of just,",neutral,0.7025966048240662
5f68fdce1c675a0baf13e0ff_audio_missing_utopia_1780156361306_transcript,1,"like, revolved around, like, the earth and, like, resources and",neutral,0.8616768717765808
5f68fdce1c675a0baf13e0ff_audio_missing_utopia_1780156361306_transcript,2,"things that humans need, but nothing really discussed, like, um,",neutral,0.7109421491622925
5f68fdce1c675a0baf13e0ff_audio_missing_utopia_1780156361306_transcript,3,"human, um, oh my god, I forgot the word, rights.",negative,0.790645956993103
5f68fdce1c675a0baf13e0ff_audio_missing_utopia_1780156361306_transcript,4,"Oh yeah, like human rights. I feel like currently we",neutral,0.6254369616508484
5f68fdce1c675a0baf13e0ff_audio_missing_utopia_1780156361306_transcript,5,live in a society where a lot of people feel,neutral,0.6115899682044983
5f68fdce1c675a0baf13e0ff_audio_missing_utopia_1780156361306_transcript,6,like their rights are being taken away or they don't,negative,0.7139320373535156
5f68fdce1c675a0baf13e0ff_audio_missing_utopia_1780156361306_transcript,7,have rights. So I feel like a society where human,neutral,0.6499901413917542
5f68fdce1c675a0baf13e0ff_audio_missing_utopia_1780156361306_transcript,8,rights are prioritized as well so that nobody feels like,neutral,0.6755664944648743
5f68fdce1c675a0baf13e0ff_audio_ranking_explanation_1780156269889_transcript,0,um i'm not a fan of organized religion so definitely,negative,0.7648917436599731
5f68fdce1c675a0baf13e0ff_audio_ranking_explanation_1780156269889_transcript,1,that is the least um preferred of the bunch the,negative,0.6156988739967346
5f68fdce1c675a0baf13e0ff_audio_ranking_explanation_1780156269889_transcript,2,more intermorality one sounds like it would be nice on,positive,0.9086706042289734
5f68fdce1c675a0baf13e0ff_audio_ranking_explanation_1780156269889_transcript,3,paper but i don't trust a lot of people's morals,negative,0.7784044742584229
5f68fdce1c675a0baf13e0ff_audio_ranking_explanation_1780156269889_transcript,4,um so i feel like it wouldn't work um and,negative,0.7653554677963257
5f68fdce1c675a0baf13e0ff_audio_ranking_explanation_1780156269889_transcript,5,then in terms of the most preferred i'm a big,neutral,0.6525735259056091
5f68fdce1c675a0baf13e0ff_audio_ranking_explanation_1780156269889_transcript,6,like science person i trust science i support science i,positive,0.7889952063560486
5f68fdce1c675a0baf13e0ff_audio_ranking_explanation_1780156269889_transcript,7,feel like science would make a good society and then,positive,0.5172165036201477
5f68fdce1c675a0baf13e0ff_audio_ranking_explanation_1780156269889_transcript,8,similarly the sustainable and secure um modern green utopia i,positive,0.5420303344726562
5f68fdce1c675a0baf13e0ff_audio_ranking_explanation_1780156269889_transcript,9,feel like kind of falls in that science world um,neutral,0.7501176595687866
5f68fdce1c675a0baf13e0ff_audio_ranking_explanation_1780156269889_transcript,10,but just like more green and for the planet which,positive,0.49133047461509705
5f68fdce1c675a0baf13e0ff_audio_ranking_explanation_1780156269889_transcript,11,i feel like could be nice the other three i,positive,0.7401502132415771
5f68fdce1c675a0baf13e0ff_audio_ranking_explanation_1780156269889_transcript,12,kind of they're all kind of like in a similar,neutral,0.8626699447631836
5f68fdce1c675a0baf13e0ff_audio_ranking_explanation_1780156269889_transcript,13,range for me so that's why i kind of put,neutral,0.7824496030807495
60a69e84d2f871b61d608e89_audio_missing_utopia_1780182048203_transcript,0,"And so, yeah, there were a couple of them that",neutral,0.8229640126228333
60a69e84d2f871b61d608e89_audio_missing_utopia_1780182048203_transcript,1,I think would have been made more ideal in my,positive,0.6087486147880554
60a69e84d2f871b61d608e89_audio_missing_utopia_1780182048203_transcript,2,most ideal society by referencing or noting that there would,neutral,0.7478318214416504
60a69e84d2f871b61d608e89_audio_missing_utopia_1780182048203_transcript,3,"be a strong, strong influence of tolerance and accepting of",positive,0.5660936832427979
60a69e84d2f871b61d608e89_audio_missing_utopia_1780182048203_transcript,4,differences. and for it to be factors that were seen,neutral,0.8793619871139526
60a69e84d2f871b61d608e89_audio_missing_utopia_1780182048203_transcript,5,"as norms and, you know, nothing brutal, but a very",neutral,0.6468790173530579
60a69e84d2f871b61d608e89_audio_missing_utopia_1780182048203_transcript,6,high distaste and consequential reasoning and action against hate. you,negative,0.7103816270828247
60a69e84d2f871b61d608e89_audio_missing_utopia_1780182048203_transcript,7,know nothing too brutal but lock them up put them,negative,0.8119251132011414
60a69e84d2f871b61d608e89_audio_missing_utopia_1780182048203_transcript,8,on or throw them on an island by themselves if,neutral,0.6847198605537415
60a69e84d2f871b61d608e89_audio_missing_utopia_1780182048203_transcript,9,they're too intolerant i think that it should be definitely,negative,0.748738706111908
60a69e84d2f871b61d608e89_audio_missing_utopia_1780182048203_transcript,10,be a very strong influential factor in any kind of,neutral,0.5859615802764893
60a69e84d2f871b61d608e89_audio_missing_utopia_1780182048203_transcript,11,society in the future that is idealistic is for tolerance,neutral,0.6825788617134094
60a69e84d2f871b61d608e89_audio_missing_utopia_1780182048203_transcript,12,acceptance of differences and an appreciation and a beauty found,positive,0.8038854598999023
60a69e84d2f871b61d608e89_audio_missing_utopia_1780182048203_transcript,13,in differences and and the beneficial factors that are found,neutral,0.6831112504005432
60a69e84d2f871b61d608e89_audio_missing_utopia_1780182048203_transcript,14,in us being different um so tolerance of all humanity,neutral,0.7069293260574341
60a69e84d2f871b61d608e89_audio_missing_utopia_1780182048203_transcript,15,and kindness should be driving factors and influences for the,neutral,0.5043105483055115
60a69e84d2f871b61d608e89_audio_ranking_explanation_1780181740748_transcript,0,"Okay, so I know that I generally ranked the scenarios",neutral,0.7535023093223572
60a69e84d2f871b61d608e89_audio_ranking_explanation_1780181740748_transcript,1,"and the utopias above how I feel, truly feel. It's",neutral,0.7644965648651123
60a69e84d2f871b61d608e89_audio_ranking_explanation_1780181740748_transcript,2,just I couldn't fully remember all the details for a,negative,0.7234874367713928
60a69e84d2f871b61d608e89_audio_ranking_explanation_1780181740748_transcript,3,"couple of them, so I think that there might be",neutral,0.8550606966018677
60a69e84d2f871b61d608e89_audio_ranking_explanation_1780181740748_transcript,4,a couple in the top three that I might have,neutral,0.8365769386291504
60a69e84d2f871b61d608e89_audio_ranking_explanation_1780181740748_transcript,5,"meant to be rearranged. And but that's besides that, the",neutral,0.8901928663253784
60a69e84d2f871b61d608e89_audio_ranking_explanation_1780181740748_transcript,6,"bottom rest are completely, you know, how I feel and",neutral,0.855144202709198
60a69e84d2f871b61d608e89_audio_ranking_explanation_1780181740748_transcript,7,I'm sure of it. I believe that I ranked the,positive,0.525444746017456
60a69e84d2f871b61d608e89_audio_ranking_explanation_1780181740748_transcript,8,"rule of law as number one, which would be essentially",neutral,0.8475611805915833
60a69e84d2f871b61d608e89_audio_ranking_explanation_1780181740748_transcript,9,"I described America today are pre Trump 2.0. I mean,",neutral,0.7251154184341431
60a69e84d2f871b61d608e89_audio_ranking_explanation_1780181740748_transcript,10,people in this country have complained and complained about the,negative,0.7596560120582581
60a69e84d2f871b61d608e89_audio_ranking_explanation_1780181740748_transcript,11,craziest things and thought that there was so much going,negative,0.8343614935874939
60a69e84d2f871b61d608e89_audio_ranking_explanation_1780181740748_transcript,12,on conspiracy theory wise and like no one has ever,neutral,0.5170843601226807
60a69e84d2f871b61d608e89_audio_ranking_explanation_1780181740748_transcript,13,"realized. I always have. I always, ever since learning in",neutral,0.6007484793663025
60a69e84d2f871b61d608e89_audio_ranking_explanation_1780181740748_transcript,14,elementary school about our founding fathers and the institutions they,neutral,0.886421263217926
60a69e84d2f871b61d608e89_audio_ranking_explanation_1780181740748_transcript,15,built and formed for us and the ideals that they,neutral,0.7923182845115662
60a69e84d2f871b61d608e89_audio_ranking_explanation_1780181740748_transcript,16,"set them upon, I've always appreciated America and loved what",positive,0.7347561120986938
60a69e84d2f871b61d608e89_audio_ranking_explanation_1780181740748_transcript,17,"we were about. So, that is what I believe is",neutral,0.9107648730278015
60a69e84d2f871b61d608e89_audio_ranking_explanation_1780181740748_transcript,18,"utopia, is us coming together, being able to talk about",positive,0.5001195073127747
60a69e84d2f871b61d608e89_audio_ranking_explanation_1780181740748_transcript,19,"our differences, us being able to be different, come from",neutral,0.848618745803833
60a69e84d2f871b61d608e89_audio_ranking_explanation_1780181740748_transcript,20,"different places, and still be one. And I believe that's",neutral,0.4965309202671051
60a69e84d2f871b61d608e89_audio_ranking_explanation_1780181740748_transcript,21,what the first one described fully. And the religious utopia,neutral,0.790498673915863
60a69e84d2f871b61d608e89_audio_ranking_explanation_1780181740748_transcript,22,Number seven That's absolutely Number seven Because it's like I,positive,0.6739476323127747
60a69e84d2f871b61d608e89_audio_ranking_explanation_1780181740748_transcript,23,am a spiritual person I'm a religious person But no,neutral,0.7136159539222717
60a69e84d2f871b61d608e89_audio_ranking_explanation_1780181740748_transcript,24,religion should rule A society We should be free to,neutral,0.7742040157318115
60a69e84d2f871b61d608e89_audio_ranking_explanation_1780181740748_transcript,25,worship as we want As it harm no other And,neutral,0.7038152813911438
60a69e84d2f871b61d608e89_audio_ranking_explanation_1780181740748_transcript,26,number seven Is where we're headed right now Very quickly,neutral,0.8719525933265686
60a69e84d2f871b61d608e89_audio_ranking_explanation_1780181740748_transcript,27,"with Donald Trump in office And it's very scary Now,",negative,0.8519565463066101
60a69e84d2f871b61d608e89_audio_ranking_explanation_1780181740748_transcript,28,"the moral commonwealth, intermorality, utopia, that would be ideal to",positive,0.48803430795669556
60a69e84d2f871b61d608e89_audio_ranking_explanation_1780181740748_transcript,29,me. That would be amazing. I would absolutely love for,positive,0.9823607206344604
60a69e84d2f871b61d608e89_audio_ranking_explanation_1780181740748_transcript,30,"things to be like that. But that is a dream,",neutral,0.586025059223175
60a69e84d2f871b61d608e89_audio_ranking_explanation_1780181740748_transcript,31,and it would be able to happen because you have,positive,0.5450631976127625
60a69e84d2f871b61d608e89_audio_ranking_explanation_1780181740748_transcript,32,to have some sort of consequences. that you cannot rely,negative,0.6850988864898682
60a69e84d2f871b61d608e89_audio_ranking_explanation_1780181740748_transcript,33,"on society to have, all the people in society to",neutral,0.8033300638198853
60a69e84d2f871b61d608e89_audio_ranking_explanation_1780181740748_transcript,34,"have an inner moral compass, because that's just, it's not",negative,0.7080514430999756
6100949844ff99c54b0e755e_audio_missing_utopia_1780195308057_transcript,0,"I think societies that I could imagine happening, I think",neutral,0.777878999710083
6100949844ff99c54b0e755e_audio_missing_utopia_1780195308057_transcript,1,they were pretty well covered there. There's maybe room for,positive,0.6500566005706787
6100949844ff99c54b0e755e_audio_missing_utopia_1780195308057_transcript,2,"a society that maybe is more innovative, but also lower",neutral,0.6217254400253296
6100949844ff99c54b0e755e_audio_missing_utopia_1780195308057_transcript,3,tech. Maybe not AI-based and not innovative at the expense,neutral,0.4963161051273346
6100949844ff99c54b0e755e_audio_missing_utopia_1780195308057_transcript,4,of the environment. I think there's ways to be innovative,neutral,0.5046131610870361
6100949844ff99c54b0e755e_audio_missing_utopia_1780195308057_transcript,5,"that don't destroy our natural resources, which might be the",neutral,0.6602282524108887
6100949844ff99c54b0e755e_audio_missing_utopia_1780195308057_transcript,6,"green society, I guess. But other than that, I think",neutral,0.7845817804336548
6100949844ff99c54b0e755e_audio_missing_utopia_1780195308057_transcript,7,all of those societies pretty much cover ones that I,neutral,0.8235957622528076
6100949844ff99c54b0e755e_audio_missing_utopia_1780195308057_transcript,8,can imagine. I guess I could imagine like worse societies.,negative,0.7639562487602234
6100949844ff99c54b0e755e_audio_missing_utopia_1780195308057_transcript,9,but um we could have a lawless land but i,neutral,0.5125002264976501
6100949844ff99c54b0e755e_audio_missing_utopia_1780195308057_transcript,10,don't think that's uh one that i'm gonna miss um,neutral,0.534052312374115
6100949844ff99c54b0e755e_audio_missing_utopia_1780195308057_transcript,11,it wouldn't be one i wanted to live in so,negative,0.6584305763244629
6100949844ff99c54b0e755e_audio_missing_utopia_1780195308057_transcript,12,i i guess just like a more innovative but also,neutral,0.6664112210273743
6100949844ff99c54b0e755e_audio_missing_utopia_1780195308057_transcript,13,environment friendly low technology and morality like people have some,neutral,0.6100780367851257
6100949844ff99c54b0e755e_audio_missing_utopia_1780195308057_transcript,14,ability to govern themselves like kind of a mix of,neutral,0.8330280184745789
6100949844ff99c54b0e755e_audio_ranking_explanation_1780195122358_transcript,0,um i think my my top choice is the modern,neutral,0.6025510430335999
6100949844ff99c54b0e755e_audio_ranking_explanation_1780195122358_transcript,1,green utopia because it is sustainable and takes into account,positive,0.8725680112838745
6100949844ff99c54b0e755e_audio_ranking_explanation_1780195122358_transcript,2,nature and trying to like use just enough of what,neutral,0.7226424813270569
6100949844ff99c54b0e755e_audio_ranking_explanation_1780195122358_transcript,3,we need and not you know completely destroy nature and,negative,0.8420428037643433
6100949844ff99c54b0e755e_audio_ranking_explanation_1780195122358_transcript,4,um there's still some human involvement there's still like morality,neutral,0.7413647770881653
6100949844ff99c54b0e755e_audio_ranking_explanation_1780195122358_transcript,5,and making decisions as collective security is really important to,neutral,0.7243711352348328
6100949844ff99c54b0e755e_audio_ranking_explanation_1780195122358_transcript,6,that one too which I like and kind of like,positive,0.8923382759094238
6100949844ff99c54b0e755e_audio_ranking_explanation_1780195122358_transcript,7,lower tech but green tech it would be probably less,neutral,0.7223686575889587
6100949844ff99c54b0e755e_audio_ranking_explanation_1780195122358_transcript,8,harmful for the environment and then my second choice would,negative,0.8841152787208557
6100949844ff99c54b0e755e_audio_ranking_explanation_1780195122358_transcript,9,be the like primitive one with low technology where we're,neutral,0.5818786025047302
6100949844ff99c54b0e755e_audio_ranking_explanation_1780195122358_transcript,10,not really considering it day to day and yeah no,negative,0.6175029277801514
6100949844ff99c54b0e755e_audio_ranking_explanation_1780195122358_transcript,11,no AI no like big technology I think I could,neutral,0.7060578465461731
6100949844ff99c54b0e755e_audio_ranking_explanation_1780195122358_transcript,12,forego a lot of the technology that we currently have,neutral,0.7843093276023865
6100949844ff99c54b0e755e_audio_ranking_explanation_1780195122358_transcript,13,so that's how I'm envisioning that um and the rule,neutral,0.9243496656417847
6100949844ff99c54b0e755e_audio_ranking_explanation_1780195122358_transcript,14,of law being based on a little bit more of,neutral,0.887215256690979
6100949844ff99c54b0e755e_audio_ranking_explanation_1780195122358_transcript,15,like what what people mutually agree on but the low,neutral,0.7870417833328247
6100949844ff99c54b0e755e_audio_ranking_explanation_1780195122358_transcript,16,technology was appealing then the moral Commonwealth I think this,neutral,0.5450114011764526
6100949844ff99c54b0e755e_audio_ranking_explanation_1780195122358_transcript,17,would be really hard to realistically achieve just because the,negative,0.7830816507339478
6100949844ff99c54b0e755e_audio_ranking_explanation_1780195122358_transcript,18,likelihood of people like legitimately agreeing on morals and enforcing,neutral,0.7795426249504089
6100949844ff99c54b0e755e_audio_ranking_explanation_1780195122358_transcript,19,it amongst each other seems very difficult. If it if,negative,0.7264121174812317
6100949844ff99c54b0e755e_audio_ranking_explanation_1780195122358_transcript,20,I could execute it perfectly like that would be a,positive,0.8884162902832031
6100949844ff99c54b0e755e_audio_ranking_explanation_1780195122358_transcript,21,wonderful world but I also think having that many people,positive,0.6767333745956421
6100949844ff99c54b0e755e_audio_ranking_explanation_1780195122358_transcript,22,agree on what's moral or not would be really hard.,neutral,0.4945244789123535
6100949844ff99c54b0e755e_audio_ranking_explanation_1780195122358_transcript,23,Otherwise I would like that one that's why it's it's,positive,0.7362752556800842
6100949844ff99c54b0e755e_audio_ranking_explanation_1780195122358_transcript,24,still in the top three. It seems seems like a,neutral,0.6282249093055725
6100949844ff99c54b0e755e_audio_ranking_explanation_1780195122358_transcript,25,good choice for like we govern ourselves type of society.,neutral,0.5752934813499451
6100949844ff99c54b0e755e_audio_ranking_explanation_1780195122358_transcript,26,Futurist utopia was okay. I didn't like that the innovation,negative,0.6934573650360107
6100949844ff99c54b0e755e_audio_ranking_explanation_1780195122358_transcript,27,might come at the expense of the environment. Did like,neutral,0.4961806535720825
6100949844ff99c54b0e755e_audio_ranking_explanation_1780195122358_transcript,28,that things were based on scientific reason. I would love,positive,0.8010303974151611
6100949844ff99c54b0e755e_audio_ranking_explanation_1780195122358_transcript,29,for people to be more science focused and I liked,positive,0.857580304145813
6100949844ff99c54b0e755e_audio_ranking_explanation_1780195122358_transcript,30,the innovation but when it comes to like limited natural,neutral,0.7844969034194946
6100949844ff99c54b0e755e_audio_ranking_explanation_1780195122358_transcript,31,resources that's uh kind of like it's in the middle,neutral,0.8724745512008667
6100949844ff99c54b0e755e_audio_ranking_explanation_1780195122358_transcript,32,it's not the worst of them but it's also not,negative,0.6440063714981079
6100949844ff99c54b0e755e_audio_ranking_explanation_1780195122358_transcript,33,better than the other three in front of it um,neutral,0.7135887742042542
6100949844ff99c54b0e755e_audio_ranking_explanation_1780195122358_transcript,34,the institutional utopia rule of law it could it could,neutral,0.5916230082511902
6100949844ff99c54b0e755e_audio_ranking_explanation_1780195122358_transcript,35,"be okay um If we have, you know, moral leaders",neutral,0.6470592617988586
6100949844ff99c54b0e755e_audio_ranking_explanation_1780195122358_transcript,36,and moral people amongst us who all implement the same,neutral,0.5438576936721802
6100949844ff99c54b0e755e_audio_ranking_explanation_1780195122358_transcript,37,"laws, it could also go, like, super badly. If we",negative,0.8511332869529724
6100949844ff99c54b0e755e_audio_ranking_explanation_1780195122358_transcript,38,"have a super rigid, strict, law-based thing, that could be",neutral,0.5560179352760315
6100949844ff99c54b0e755e_audio_ranking_explanation_1780195122358_transcript,39,"kind of dictator-like, which I don't really love. But it",negative,0.8393974304199219
6100949844ff99c54b0e755e_audio_ranking_explanation_1780195122358_transcript,40,"could also be okay, depending on what laws are enacted.",neutral,0.649468183517456
6100949844ff99c54b0e755e_audio_ranking_explanation_1780195122358_transcript,41,um the last two was hard to determine which one,neutral,0.6635006070137024
6100949844ff99c54b0e755e_audio_ranking_explanation_1780195122358_transcript,42,was least preferable um i i put the religious utopia,neutral,0.611504852771759
6100949844ff99c54b0e755e_audio_ranking_explanation_1780195122358_transcript,43,above the other one i think religious utopia could be,neutral,0.860102653503418
6100949844ff99c54b0e755e_audio_ranking_explanation_1780195122358_transcript,44,okay depending on what religion we are utopian about um,neutral,0.8711745738983154
6100949844ff99c54b0e755e_audio_ranking_explanation_1780195122358_transcript,45,so so if it's if it's some kind of like,neutral,0.9124760627746582
6100949844ff99c54b0e755e_audio_ranking_explanation_1780195122358_transcript,46,nature driven or buddhist maybe i would be down i'd,neutral,0.7763590812683105
6100949844ff99c54b0e755e_audio_ranking_explanation_1780195122358_transcript,47,be ready to enact that um like i could do,neutral,0.732209324836731
6100949844ff99c54b0e755e_audio_ranking_explanation_1780195122358_transcript,48,that um if it is some like Christianity Islam Judaism,neutral,0.7717113494873047
6100949844ff99c54b0e755e_audio_ranking_explanation_1780195122358_transcript,49,I think that would be a gamble of like how,neutral,0.6608170866966248
6100949844ff99c54b0e755e_audio_ranking_explanation_1780195122358_transcript,50,how strict how moral how unforgiving that all just depends,neutral,0.7758139967918396
6100949844ff99c54b0e755e_audio_ranking_explanation_1780195122358_transcript,51,on what religion so like if it is a faith-based,neutral,0.9064294695854187
6100949844ff99c54b0e755e_audio_ranking_explanation_1780195122358_transcript,52,that i at least morally agree on for the most,positive,0.83929044008255
6100949844ff99c54b0e755e_audio_ranking_explanation_1780195122358_transcript,53,part then it'd be okay um but there's no instance,neutral,0.7384772300720215
6100949844ff99c54b0e755e_audio_ranking_explanation_1780195122358_transcript,54,in the last one that would be okay which is,positive,0.5949581861495972
6100949844ff99c54b0e755e_audio_ranking_explanation_1780195122358_transcript,55,why it's last um although optimization is appealing in some,neutral,0.5333595871925354
6100949844ff99c54b0e755e_audio_ranking_explanation_1780195122358_transcript,56,ways i think we don't need to optimize everything and,neutral,0.4936050772666931
6100949844ff99c54b0e755e_audio_ranking_explanation_1780195122358_transcript,57,especially at the expense of the environment that feels awful.,negative,0.9273621439933777
6100949844ff99c54b0e755e_audio_ranking_explanation_1780195122358_transcript,58,"I just can't endorse that. So sorry, AI data centers,",negative,0.9148200750350952
6100949844ff99c54b0e755e_audio_ranking_explanation_1780195122358_transcript,59,"you are last place. I think that's a very, like,",negative,0.7323675155639648
6100949844ff99c54b0e755e_audio_ranking_explanation_1780195122358_transcript,60,"cold society, unfriendly. I would not want to live there.",negative,0.934320330619812
63d7b1a77e23b5460ab88069_audio_missing_utopia_1780152859465_transcript,0,I'm not all that imaginative. So the options given were,neutral,0.5413604974746704
63d7b1a77e23b5460ab88069_audio_missing_utopia_1780152859465_transcript,1,plentiful. I can't really see anything that's missing. I think,neutral,0.5323420763015747
63d7b1a77e23b5460ab88069_audio_missing_utopia_1780152859465_transcript,2,"for any of it to work, people need to kind",negative,0.6771731972694397
63d7b1a77e23b5460ab88069_audio_missing_utopia_1780152859465_transcript,3,of buy in. And I think that's where the legal,neutral,0.8815324306488037
63d7b1a77e23b5460ab88069_audio_missing_utopia_1780152859465_transcript,4,system comes into play in which people kind of buy,neutral,0.8761692047119141
63d7b1a77e23b5460ab88069_audio_missing_utopia_1780152859465_transcript,5,"in. We kind of see that as of now, only",neutral,0.8965720534324646
63d7b1a77e23b5460ab88069_audio_missing_utopia_1780152859465_transcript,6,"a few individuals commit the crimes, but a large majority",negative,0.5986657738685608
63d7b1a77e23b5460ab88069_audio_missing_utopia_1780152859465_transcript,7,abide by it. So there's nothing in particular that I,neutral,0.8241565823554993
63d7b1a77e23b5460ab88069_audio_ranking_explanation_1780152809144_transcript,0,The reason why I ranked my choices in the order,neutral,0.7615827918052673
63d7b1a77e23b5460ab88069_audio_ranking_explanation_1780152809144_transcript,1,"that I did is based on what I've currently experienced,",neutral,0.9441976547241211
63d7b1a77e23b5460ab88069_audio_ranking_explanation_1780152809144_transcript,2,"institutional utopia, rule of law. Even though our world is",neutral,0.6670099496841431
63d7b1a77e23b5460ab88069_audio_ranking_explanation_1780152809144_transcript,3,"not a utopia, that's kind of the world that we",neutral,0.5759707689285278
63d7b1a77e23b5460ab88069_audio_ranking_explanation_1780152809144_transcript,4,live in now in which we kind of are obligated,neutral,0.7499213218688965
63d7b1a77e23b5460ab88069_audio_ranking_explanation_1780152809144_transcript,5,by legal regulations. So I'd rather focus on something that,neutral,0.6788922548294067
63d7b1a77e23b5460ab88069_audio_ranking_explanation_1780152809144_transcript,6,"I'm used to than thinking about hypotheticals. And then, of",neutral,0.6885303258895874
63d7b1a77e23b5460ab88069_audio_ranking_explanation_1780152809144_transcript,7,"course, the low tech and small scale, I believe, having",neutral,0.7791754603385925
63d7b1a77e23b5460ab88069_audio_ranking_explanation_1780152809144_transcript,8,"small scale communities, we kind of already have those. We",neutral,0.7177032828330994
63d7b1a77e23b5460ab88069_audio_ranking_explanation_1780152809144_transcript,9,have suburbs with like HOA communities for people kind of,neutral,0.8067123293876648
63d7b1a77e23b5460ab88069_audio_ranking_explanation_1780152809144_transcript,10,"stake in their own communities, watch out for each other,",neutral,0.792418360710144
63d7b1a77e23b5460ab88069_audio_ranking_explanation_1780152809144_transcript,11,report things. So it kind of made the next sense.,neutral,0.7703348994255066
63d7b1a77e23b5460ab88069_audio_ranking_explanation_1780152809144_transcript,12,Sustainable and secure. Sustainability is always a great idea. But,positive,0.8445971608161926
63d7b1a77e23b5460ab88069_audio_ranking_explanation_1780152809144_transcript,13,the fact that it will be secure is what made,positive,0.5233386754989624
63d7b1a77e23b5460ab88069_audio_ranking_explanation_1780152809144_transcript,14,"me focus on that. But number four, inner morality. I",neutral,0.8443635106086731
63d7b1a77e23b5460ab88069_audio_ranking_explanation_1780152809144_transcript,15,think I placed it here just because I don't trust,negative,0.6978256702423096
63d7b1a77e23b5460ab88069_audio_ranking_explanation_1780152809144_transcript,16,people's morals. We all want to believe we're moral. But,neutral,0.7117646336555481
63d7b1a77e23b5460ab88069_audio_ranking_explanation_1780152809144_transcript,17,"from what I'm seeing in our current world, I think",neutral,0.862933874130249
63d7b1a77e23b5460ab88069_audio_ranking_explanation_1780152809144_transcript,18,"deep down we all have different definitions, even though there",neutral,0.6724963188171387
63d7b1a77e23b5460ab88069_audio_ranking_explanation_1780152809144_transcript,19,might be like a universal basic principle to it. Science,neutral,0.7428022027015686
63d7b1a77e23b5460ab88069_audio_ranking_explanation_1780152809144_transcript,20,"and innovation, while cool, you can always trust the science",positive,0.7771870493888855
63d7b1a77e23b5460ab88069_audio_ranking_explanation_1780152809144_transcript,21,"that's being spit out, you always have to question it,",negative,0.6249751448631287
63d7b1a77e23b5460ab88069_audio_ranking_explanation_1780152809144_transcript,22,"and I feel like if you make science the norm,",negative,0.6163339614868164
63d7b1a77e23b5460ab88069_audio_ranking_explanation_1780152809144_transcript,23,"then you kind of take everything at face value, and",neutral,0.6638750433921814
63d7b1a77e23b5460ab88069_audio_ranking_explanation_1780152809144_transcript,24,things that contradict it might be hidden or dismissed like,negative,0.5217171311378479
63d7b1a77e23b5460ab88069_audio_ranking_explanation_1780152809144_transcript,25,we currently see in our current world. data and data-driven,neutral,0.9061173796653748
63d7b1a77e23b5460ab88069_audio_ranking_explanation_1780152809144_transcript,26,governance ai is the new buzzword so um i'm just,neutral,0.7598893046379089
63d7b1a77e23b5460ab88069_audio_ranking_explanation_1780152809144_transcript,27,kind of skeptical we don't know how it the world,negative,0.5957129597663879
63d7b1a77e23b5460ab88069_audio_ranking_explanation_1780152809144_transcript,28,is going to turn out in the future with how,neutral,0.8760149478912354
63d7b1a77e23b5460ab88069_audio_ranking_explanation_1780152809144_transcript,29,much they're trying to integrate it in every single aspect,neutral,0.7417418956756592
63d7b1a77e23b5460ab88069_audio_ranking_explanation_1780152809144_transcript,30,of our society um and then of course faith-based order,neutral,0.9016523957252502
63d7b1a77e23b5460ab88069_audio_ranking_explanation_1780152809144_transcript,31,we've seen how a face-based world could be and i'd,neutral,0.756434977054596
661c92bc6f7ab864a9a96633_audio_missing_utopia_1780182623546_transcript,0,I think the best society would be the one that,positive,0.7255926132202148
661c92bc6f7ab864a9a96633_audio_missing_utopia_1780182623546_transcript,1,has no exchange policies as far as money doesn't exist.,negative,0.6124249696731567
661c92bc6f7ab864a9a96633_audio_missing_utopia_1780182623546_transcript,2,"The love of money is the root of all evil,",negative,0.8768749237060547
661c92bc6f7ab864a9a96633_audio_missing_utopia_1780182623546_transcript,3,and that's faith-based. But I feel like the majority of,neutral,0.7272191643714905
661c92bc6f7ab864a9a96633_audio_missing_utopia_1780182623546_transcript,4,"things that happen, the center of it is money. And",neutral,0.8068680763244629
661c92bc6f7ab864a9a96633_audio_missing_utopia_1780182623546_transcript,5,"if you removed it, people could live their best lives.",neutral,0.44812846183776855
661c92bc6f7ab864a9a96633_audio_missing_utopia_1780182623546_transcript,6,they wouldn't have to work they wouldn't have to struggle,neutral,0.5903176665306091
661c92bc6f7ab864a9a96633_audio_missing_utopia_1780182623546_transcript,7,they wouldn't have to save because when you pass away,neutral,0.697860062122345
661c92bc6f7ab864a9a96633_audio_missing_utopia_1780182623546_transcript,8,all that goes away anyway you cannot take it with,negative,0.7578834295272827
661c92bc6f7ab864a9a96633_audio_missing_utopia_1780182623546_transcript,9,you once that casket closed once that oven burns you,neutral,0.6986333131790161
661c92bc6f7ab864a9a96633_audio_missing_utopia_1780182623546_transcript,10,or whatever um you can't have it and then your,negative,0.7129051685333252
661c92bc6f7ab864a9a96633_audio_missing_utopia_1780182623546_transcript,11,life's work that you woke up for every single day,neutral,0.6958705186843872
661c92bc6f7ab864a9a96633_audio_ranking_explanation_1780182552867_transcript,0,"As a religious woman, I feel like a faith-based order",neutral,0.5665616393089294
661c92bc6f7ab864a9a96633_audio_ranking_explanation_1780182552867_transcript,1,would really change things. Not to force people to follow,neutral,0.6558809876441956
661c92bc6f7ab864a9a96633_audio_ranking_explanation_1780182552867_transcript,2,"the faith, but that the morals of the faith and",neutral,0.8371023535728455
661c92bc6f7ab864a9a96633_audio_ranking_explanation_1780182552867_transcript,3,the ideas can be followed so that people have more,neutral,0.5459259748458862
661c92bc6f7ab864a9a96633_audio_ranking_explanation_1780182552867_transcript,4,peace. um then for number two a primitive utopia would,neutral,0.8099719882011414
661c92bc6f7ab864a9a96633_audio_ranking_explanation_1780182552867_transcript,5,be good um because we tend to lose ourselves within,neutral,0.5429800748825073
661c92bc6f7ab864a9a96633_audio_ranking_explanation_1780182552867_transcript,6,technology and then if things were more green i mean,neutral,0.8067997694015503
661c92bc6f7ab864a9a96633_audio_ranking_explanation_1780182552867_transcript,7,it would help us it would help the earth it,positive,0.8717287182807922
661c92bc6f7ab864a9a96633_audio_ranking_explanation_1780182552867_transcript,8,would help our futures our children's futures and down the,positive,0.7667666673660278
6641076785a23b3f7db3c5c1_audio_missing_utopia_1780186299882_transcript,0,I think a future society I would want is one,neutral,0.4942934811115265
6641076785a23b3f7db3c5c1_audio_missing_utopia_1780186299882_transcript,1,that combines the futurist utopia where science and technology are,neutral,0.593188464641571
6641076785a23b3f7db3c5c1_audio_missing_utopia_1780186299882_transcript,2,leaving the forefront of society. And that's what's building our,neutral,0.7687519192695618
6641076785a23b3f7db3c5c1_audio_missing_utopia_1780186299882_transcript,3,"society, but also within the primitivist type of setup where",neutral,0.8906772136688232
6641076785a23b3f7db3c5c1_audio_missing_utopia_1780186299882_transcript,4,"it's smaller communities, preserving environmental resources, only using just enough",neutral,0.5718501210212708
6641076785a23b3f7db3c5c1_audio_missing_utopia_1780186299882_transcript,5,"of what we need without wasting, without excess. I think",neutral,0.6531005501747131
6641076785a23b3f7db3c5c1_audio_missing_utopia_1780186299882_transcript,6,it's a combination of that where it's only using just,neutral,0.7979459762573242
6641076785a23b3f7db3c5c1_audio_missing_utopia_1780186299882_transcript,7,enough while also driving forth a lot of innovation and,neutral,0.5397602319717407
6641076785a23b3f7db3c5c1_audio_missing_utopia_1780186299882_transcript,8,"technology for better medicine, better use of resources, and things",positive,0.7030079364776611
6641076785a23b3f7db3c5c1_audio_missing_utopia_1780186299882_transcript,9,"like that so that we're not going backwards, yet we",neutral,0.7421544194221497
6641076785a23b3f7db3c5c1_audio_ranking_explanation_1780186224420_transcript,0,"I ranked my, um, ideal societies. I put modern green",neutral,0.8012692332267761
6641076785a23b3f7db3c5c1_audio_ranking_explanation_1780186224420_transcript,1,"utopia at the top because, um, in my ideal world,",neutral,0.485004186630249
6641076785a23b3f7db3c5c1_audio_ranking_explanation_1780186224420_transcript,2,we would not be having an environmental crisis like we,negative,0.5942143797874451
6641076785a23b3f7db3c5c1_audio_ranking_explanation_1780186224420_transcript,3,"are right now. Um, people would be a lot more",neutral,0.6762562394142151
6641076785a23b3f7db3c5c1_audio_ranking_explanation_1780186224420_transcript,4,innovative about using renewable green resources than they currently are,neutral,0.800609290599823
6641076785a23b3f7db3c5c1_audio_ranking_explanation_1780186224420_transcript,5,right now and it would be a lot more secure,positive,0.5100272297859192
6641076785a23b3f7db3c5c1_audio_ranking_explanation_1780186224420_transcript,6,and promising for future generations to live that way so,positive,0.7275445461273193
6641076785a23b3f7db3c5c1_audio_ranking_explanation_1780186224420_transcript,7,that's why i put it at the top followed by,neutral,0.8754231333732605
6641076785a23b3f7db3c5c1_audio_ranking_explanation_1780186224420_transcript,8,a futuristic utopia with science and innovation at the forefront,positive,0.8200084567070007
6641076785a23b3f7db3c5c1_audio_ranking_explanation_1780186224420_transcript,9,because i believe that things will follow that that are,neutral,0.7154726982116699
6641076785a23b3f7db3c5c1_audio_ranking_explanation_1780186224420_transcript,10,"beneficial to society such as more innovative healthcare, better use",positive,0.8349396586418152
6641076785a23b3f7db3c5c1_audio_ranking_explanation_1780186224420_transcript,11,"of renewable resources, lower destruction of the environment. Next, I",neutral,0.6399900317192078
6641076785a23b3f7db3c5c1_audio_ranking_explanation_1780186224420_transcript,12,have the moral commonwealth. I don't have that at the,negative,0.5092006921768188
6641076785a23b3f7db3c5c1_audio_ranking_explanation_1780186224420_transcript,13,"top because I believe that it's too idealistic, that it",negative,0.5020835399627686
6641076785a23b3f7db3c5c1_audio_ranking_explanation_1780186224420_transcript,14,can't be trusted. It just seems too volatile. How can,negative,0.8112130165100098
6641076785a23b3f7db3c5c1_audio_ranking_explanation_1780186224420_transcript,15,you actually trust a society to behave so that people,neutral,0.692473292350769
6641076785a23b3f7db3c5c1_audio_ranking_explanation_1780186224420_transcript,16,are conscientious and just look out for each other by,neutral,0.5953572988510132
6641076785a23b3f7db3c5c1_audio_ranking_explanation_1780186224420_transcript,17,the goodness of their heart? I don't think that it,negative,0.5915700793266296
6641076785a23b3f7db3c5c1_audio_ranking_explanation_1780186224420_transcript,18,would actually have any kind of framework or organization which,neutral,0.7934906482696533
6641076785a23b3f7db3c5c1_audio_ranking_explanation_1780186224420_transcript,19,"a civilization needs to work. Next, I have institutional utopia",neutral,0.7312911152839661
6641076785a23b3f7db3c5c1_audio_ranking_explanation_1780186224420_transcript,20,rule of law this is pretty much what we have,neutral,0.6522834897041321
6641076785a23b3f7db3c5c1_audio_ranking_explanation_1780186224420_transcript,21,now currently i have that in the middle as a,neutral,0.9159716963768005
6641076785a23b3f7db3c5c1_audio_ranking_explanation_1780186224420_transcript,22,sort of neutral preference because it's what we have now,neutral,0.7661300301551819
6641076785a23b3f7db3c5c1_audio_ranking_explanation_1780186224420_transcript,23,it's what we're used to now it's not going forward,negative,0.6656815409660339
6641076785a23b3f7db3c5c1_audio_ranking_explanation_1780186224420_transcript,24,but it's also not going backwards next i have the,neutral,0.7260241508483887
6641076785a23b3f7db3c5c1_audio_ranking_explanation_1780186224420_transcript,25,primitivist utopia low tech and small scale this description reminded,neutral,0.5001338124275208
6641076785a23b3f7db3c5c1_audio_ranking_explanation_1780186224420_transcript,26,"me of the sort of medieval style small villages, pre-industrial",neutral,0.8090232014656067
6641076785a23b3f7db3c5c1_audio_ranking_explanation_1780186224420_transcript,27,"type of living. It's a simpler way of life, it",positive,0.5628223419189453
6641076785a23b3f7db3c5c1_audio_ranking_explanation_1780186224420_transcript,28,"sounds like, more close-knit communities looking out for one another.",positive,0.5766501426696777
6641076785a23b3f7db3c5c1_audio_ranking_explanation_1780186224420_transcript,29,"However, when problems arrive, such as health problems or environmental",negative,0.555253267288208
6641076785a23b3f7db3c5c1_audio_ranking_explanation_1780186224420_transcript,30,"disasters, we do need the technology to combat that. so",neutral,0.5191633701324463
6641076785a23b3f7db3c5c1_audio_ranking_explanation_1780186224420_transcript,31,i would not prefer that at the top but i,negative,0.5096282958984375
6641076785a23b3f7db3c5c1_audio_ranking_explanation_1780186224420_transcript,32,don't think it would be horrible to live in that,negative,0.6377689242362976
6641076785a23b3f7db3c5c1_audio_ranking_explanation_1780186224420_transcript,33,kind of society at number six i have ai centered,neutral,0.8463980555534363
6641076785a23b3f7db3c5c1_audio_ranking_explanation_1780186224420_transcript,34,utopia i don't see this as a utopia it's a,negative,0.8117980360984802
6641076785a23b3f7db3c5c1_audio_ranking_explanation_1780186224420_transcript,35,dystopia um if we let ai make all the decisions,neutral,0.8209083676338196
6641076785a23b3f7db3c5c1_audio_ranking_explanation_1780186224420_transcript,36,to drive forth our society then what control do we,neutral,0.784606397151947
6641076785a23b3f7db3c5c1_audio_ranking_explanation_1780186224420_transcript,37,"have as individuals, as a population, as a civilization? What",neutral,0.6133704781532288
6641076785a23b3f7db3c5c1_audio_ranking_explanation_1780186224420_transcript,38,happens if things get out of control? How will we,negative,0.792762279510498
6641076785a23b3f7db3c5c1_audio_ranking_explanation_1780186224420_transcript,39,know? How will we keep track? How will we make,neutral,0.8786507844924927
6641076785a23b3f7db3c5c1_audio_ranking_explanation_1780186224420_transcript,40,decisions? It's placing a lot of faith in technology that,negative,0.5093222856521606
6641076785a23b3f7db3c5c1_audio_ranking_explanation_1780186224420_transcript,41,"a lot of us don't fully understand, and I have",negative,0.5814609527587891
6641076785a23b3f7db3c5c1_audio_ranking_explanation_1780186224420_transcript,42,very little trust in that. Number seven is the religious,negative,0.7445334792137146
6641076785a23b3f7db3c5c1_audio_ranking_explanation_1780186224420_transcript,43,"utopia. This would be going very backwards, and it would",negative,0.8941240310668945
6641076785a23b3f7db3c5c1_audio_ranking_explanation_1780186224420_transcript,44,not be fair or equal for people who don't believe,negative,0.6408161520957947
6641076785a23b3f7db3c5c1_audio_ranking_explanation_1780186224420_transcript,45,"in a particular doctrine or dogma, and obviously it's not",neutral,0.5677328109741211
6641076785a23b3f7db3c5c1_audio_ranking_explanation_1780186224420_transcript,46,"based in reality, so it would be very contradictory to",negative,0.5316129922866821
6641076785a23b3f7db3c5c1_audio_ranking_explanation_1780186224420_transcript,47,try to build a society based on a religious or,neutral,0.5285188555717468
66e9b926c782e4f47a05ec7c_audio_missing_utopia_1780188646013_transcript,0,so i know law and order was in one of,neutral,0.8580862283706665
66e9b926c782e4f47a05ec7c_audio_missing_utopia_1780188646013_transcript,1,the societies but i feel like that should definitely be,neutral,0.646336019039154
66e9b926c782e4f47a05ec7c_audio_ranking_explanation_1780188601687_transcript,0,"So I ranked the modern, green, utopia, sustainable, and secure",positive,0.5404268503189087
66e9b926c782e4f47a05ec7c_audio_ranking_explanation_1780188601687_transcript,1,most preferred society because I feel like it would be,neutral,0.5146912336349487
66e9b926c782e4f47a05ec7c_audio_ranking_explanation_1780188601687_transcript,2,"more adaptable and resilient, offering a framework where human flourishing",positive,0.670270562171936
66e9b926c782e4f47a05ec7c_audio_ranking_explanation_1780188601687_transcript,3,is supported and compared to religious faith-based order. I think,neutral,0.8659735918045044
66e9b926c782e4f47a05ec7c_audio_ranking_explanation_1780188601687_transcript,4,it would be more enhancing for individuals and their well-being.,positive,0.7592784762382507
67103e4ed56cde03a0f2476b_audio_missing_utopia_1780152799804_transcript,0,The only missing future society I could think of would,negative,0.6961967945098877
67103e4ed56cde03a0f2476b_audio_missing_utopia_1780152799804_transcript,1,be one where everybody is working towards the goal of,neutral,0.5101393461227417
67103e4ed56cde03a0f2476b_audio_missing_utopia_1780152799804_transcript,2,"making the planet a better place, working on lowering down",positive,0.7898417711257935
67103e4ed56cde03a0f2476b_audio_missing_utopia_1780152799804_transcript,3,"pollution, working on making the air quality better, and us",neutral,0.6094510555267334
67103e4ed56cde03a0f2476b_audio_missing_utopia_1780152799804_transcript,4,"all practicing sustainability, and also innovating science and bringing about",positive,0.6199297308921814
67103e4ed56cde03a0f2476b_audio_ranking_explanation_1780152764284_transcript,0,I chose them how I did because religion and AI-centered,neutral,0.759619414806366
67103e4ed56cde03a0f2476b_audio_ranking_explanation_1780152764284_transcript,1,utopias and also rule of law just didn't really seem,negative,0.7453956007957458
67103e4ed56cde03a0f2476b_audio_ranking_explanation_1780152764284_transcript,2,fair. I don't feel like religion benefits everybody. The AI-centered,neutral,0.5158066153526306
67103e4ed56cde03a0f2476b_audio_ranking_explanation_1780152764284_transcript,3,utopia also did not really benefit any humans. And the,negative,0.9192152619361877
67103e4ed56cde03a0f2476b_audio_ranking_explanation_1780152764284_transcript,4,rule of law really only benefited security guards or people,negative,0.48804306983947754
67103e4ed56cde03a0f2476b_audio_ranking_explanation_1780152764284_transcript,5,in power. The only ones that seemed okay for human,neutral,0.5925799012184143
67103e4ed56cde03a0f2476b_audio_ranking_explanation_1780152764284_transcript,6,beings would be like a modern green utopia or a,neutral,0.6173829436302185
67103e4ed56cde03a0f2476b_audio_ranking_explanation_1780152764284_transcript,7,futurist one where the humans still matter and we have,neutral,0.7442148923873901
6715b46f9f59f9e05837029a_audio_missing_utopia_1780191431770_transcript,0,no i i think that a society based on um,neutral,0.7238154411315918
6715b46f9f59f9e05837029a_audio_missing_utopia_1780191431770_transcript,1,morality and a combination of i think morality and law,neutral,0.8446596264839172
6715b46f9f59f9e05837029a_audio_missing_utopia_1780191431770_transcript,2,um and then a focus on like the climate and,neutral,0.8957054018974304
6715b46f9f59f9e05837029a_audio_missing_utopia_1780191431770_transcript,3,um just like overall like energy is is the most,neutral,0.826302170753479
6715b46f9f59f9e05837029a_audio_ranking_explanation_1780191386549_transcript,0,I think a society that promotes sustainability and morality is,positive,0.5647481679916382
6715b46f9f59f9e05837029a_audio_ranking_explanation_1780191386549_transcript,1,the most like utopia that we could attain. And I,positive,0.7054091095924377
6715b46f9f59f9e05837029a_audio_ranking_explanation_1780191386549_transcript,2,don't know that an AI-centered economy would be very beneficial,negative,0.519097089767456
6715b46f9f59f9e05837029a_audio_ranking_explanation_1780191386549_transcript,3,"considering the impact that it's having on us already, just",neutral,0.49210432171821594
6715b46f9f59f9e05837029a_audio_ranking_explanation_1780191386549_transcript,4,in terms of the loss of jobs and the economic,negative,0.6881330013275146
671ce7ade7a5cd2edc847b94_audio_missing_utopia_1780191577026_transcript,0,I just feel like you need a little more technology,neutral,0.7317151427268982
671ce7ade7a5cd2edc847b94_audio_missing_utopia_1780191577026_transcript,1,to be based on different things because it didn't have,neutral,0.625083327293396
671ce7ade7a5cd2edc847b94_audio_missing_utopia_1780191577026_transcript,2,"a lot, so I definitely feel like you just need",positive,0.5307118892669678
671ce7ade7a5cd2edc847b94_audio_ranking_explanation_1780191523519_transcript,0,I write it like that because I feel like it,neutral,0.7732503414154053
672012673e8f6646800bf45c_audio_missing_utopia_1780172365370_transcript,0,I don't think there was anything missing from the seven,neutral,0.744305431842804
672012673e8f6646800bf45c_audio_missing_utopia_1780172365370_transcript,1,societies that I just ranked. I think it kind of,neutral,0.8671603798866272
672012673e8f6646800bf45c_audio_missing_utopia_1780172365370_transcript,2,touched on all of them. I know a type of,neutral,0.7163922190666199
672012673e8f6646800bf45c_audio_missing_utopia_1780172365370_transcript,3,"future society that I can envision would be, of course,",neutral,0.8320590257644653
672012673e8f6646800bf45c_audio_missing_utopia_1780172365370_transcript,4,morals. And still having laws that you have to follow.,neutral,0.5569005012512207
672012673e8f6646800bf45c_audio_missing_utopia_1780172365370_transcript,5,Still having a government. But the government isn't made up,neutral,0.5806710720062256
672012673e8f6646800bf45c_audio_missing_utopia_1780172365370_transcript,6,of rich people. and it's to help people and make,neutral,0.625329852104187
672012673e8f6646800bf45c_audio_missing_utopia_1780172365370_transcript,7,sure that everybody can kind of live in harmony and,neutral,0.5488535761833191
672012673e8f6646800bf45c_audio_missing_utopia_1780172365370_transcript,8,And to be able to ensure that everybody has what,neutral,0.7757461667060852
672012673e8f6646800bf45c_audio_ranking_explanation_1780172300521_transcript,0,I ranked them this way because I think the moral,neutral,0.7233633995056152
672012673e8f6646800bf45c_audio_ranking_explanation_1780172300521_transcript,1,"commonwealth, somebody's inner morality, needs to come first. Being able",neutral,0.7651855945587158
672012673e8f6646800bf45c_audio_ranking_explanation_1780172300521_transcript,2,"to always do the right thing no matter what. Secondly,",neutral,0.638824462890625
672012673e8f6646800bf45c_audio_ranking_explanation_1780172300521_transcript,3,"I chose the institutional utopia because, of course, we always",neutral,0.6320242285728455
672012673e8f6646800bf45c_audio_ranking_explanation_1780172300521_transcript,4,"have to have rules, laws, and regulations. Because even though",neutral,0.7534842491149902
672012673e8f6646800bf45c_audio_ranking_explanation_1780172300521_transcript,5,"we have inner morality, not everybody does the right thing.",neutral,0.6859253644943237
672012673e8f6646800bf45c_audio_ranking_explanation_1780172300521_transcript,6,And there has to be consequences to doing the wrong,negative,0.6217612624168396
672012673e8f6646800bf45c_audio_ranking_explanation_1780172300521_transcript,7,"thing. And then with the primitivist utopia, I mean, that's",neutral,0.8270652890205383
672012673e8f6646800bf45c_audio_ranking_explanation_1780172300521_transcript,8,"nice, you know, because using technology to live life, I",positive,0.8060817122459412
672012673e8f6646800bf45c_audio_ranking_explanation_1780172300521_transcript,9,"mean, technology is everywhere and we have to have it",neutral,0.5144243836402893
672012673e8f6646800bf45c_audio_ranking_explanation_1780172300521_transcript,10,nowadays no matter what. but it's on a much smaller,neutral,0.7520349025726318
672012673e8f6646800bf45c_audio_ranking_explanation_1780172300521_transcript,11,scale and then I choose Futurist Utopia for number 4,neutral,0.8313783407211304
672012673e8f6646800bf45c_audio_ranking_explanation_1780172300521_transcript,12,letting science and innovation kind of lead the way Modern,positive,0.5874253511428833
672012673e8f6646800bf45c_audio_ranking_explanation_1780172300521_transcript,13,"Green Utopia, sustainable and secure that's nice because people need",positive,0.9282634258270264
672012673e8f6646800bf45c_audio_ranking_explanation_1780172300521_transcript,14,"to be more sustainable but at the same time, that's",neutral,0.6661308407783508
672012673e8f6646800bf45c_audio_ranking_explanation_1780172300521_transcript,15,not always a possibility uh number six i chose for,neutral,0.8245738744735718
672012673e8f6646800bf45c_audio_ranking_explanation_1780172300521_transcript,16,ai-centered utopia um because to me that's not an ideal,negative,0.8175704479217529
672012673e8f6646800bf45c_audio_ranking_explanation_1780172300521_transcript,17,world to live in um i don't think that the,negative,0.5505713224411011
672012673e8f6646800bf45c_audio_ranking_explanation_1780172300521_transcript,18,government needs to be data-driven um ai is helpful for,neutral,0.7546547651290894
672012673e8f6646800bf45c_audio_ranking_explanation_1780172300521_transcript,19,some things but then other things it's it's not and,negative,0.6910356283187866
672012673e8f6646800bf45c_audio_ranking_explanation_1780172300521_transcript,20,it's almost scary and the last one is religious utopia,negative,0.8412588834762573
672012673e8f6646800bf45c_audio_ranking_explanation_1780172300521_transcript,21,which is a faith based order I chose that for,neutral,0.8531229496002197
672012673e8f6646800bf45c_audio_ranking_explanation_1780172300521_transcript,22,last because I feel that religion doesn't really need to,neutral,0.683644711971283
672012673e8f6646800bf45c_audio_ranking_explanation_1780172300521_transcript,23,be hammered down somebody's throat and just because you maybe,neutral,0.5288770198822021
672012673e8f6646800bf45c_audio_ranking_explanation_1780172300521_transcript,24,believe something different than somebody else does it doesn't make,neutral,0.5541509389877319
672012673e8f6646800bf45c_audio_ranking_explanation_1780172300521_transcript,25,you a bad person or you shouldn't be treated any,negative,0.8883259892463684
6727af89081bd9f0e0d0973d_audio_missing_utopia_1780200765862_transcript,0,I think they were pretty well representative of everything I,positive,0.879067599773407
6727af89081bd9f0e0d0973d_audio_missing_utopia_1780200765862_transcript,1,can think of I might like a blend of some,neutral,0.6433128118515015
6727af89081bd9f0e0d0973d_audio_missing_utopia_1780200765862_transcript,2,of them like the AI and green and moral ones,neutral,0.8403960466384888
6727af89081bd9f0e0d0973d_audio_ranking_explanation_1780200707791_transcript,0,uh i think i've written them that way there's a,neutral,0.8854822516441345
6727af89081bd9f0e0d0973d_audio_ranking_explanation_1780200707791_transcript,1,bunch of reasons first off the moral commonwealth i see,negative,0.7092804312705994
6727af89081bd9f0e0d0973d_audio_ranking_explanation_1780200707791_transcript,2,it as humanity has somehow conquered their inner greed and,neutral,0.6237286925315857
6727af89081bd9f0e0d0973d_audio_ranking_explanation_1780200707791_transcript,3,i see that as the closest to utopia uh next,neutral,0.4961757957935333
6727af89081bd9f0e0d0973d_audio_ranking_explanation_1780200707791_transcript,4,being the modern green utopia uh i see it as,neutral,0.7557499408721924
6727af89081bd9f0e0d0973d_audio_ranking_explanation_1780200707791_transcript,5,mankind has become balanced with nature and i see that,positive,0.6768231987953186
6727af89081bd9f0e0d0973d_audio_ranking_explanation_1780200707791_transcript,6,as better than many of the others where we're scraping,positive,0.4809132218360901
6727af89081bd9f0e0d0973d_audio_ranking_explanation_1780200707791_transcript,7,"by or just pushing off the consequences, which is where",neutral,0.7189760804176331
6727af89081bd9f0e0d0973d_audio_ranking_explanation_1780200707791_transcript,8,AI-centered utopia comes in. Assuming this future has somehow fully,neutral,0.5147154927253723
6727af89081bd9f0e0d0973d_audio_ranking_explanation_1780200707791_transcript,9,conquered AI and made it stable and reliable and works,positive,0.5328935384750366
6727af89081bd9f0e0d0973d_audio_ranking_explanation_1780200707791_transcript,10,"for us, it seems like a very fair option. which",positive,0.6798304915428162
6727af89081bd9f0e0d0973d_audio_ranking_explanation_1780200707791_transcript,11,is leads into the fourth one institutional which i see,neutral,0.890129804611206
6727af89081bd9f0e0d0973d_audio_ranking_explanation_1780200707791_transcript,12,as not the worst but easily corruptible then there's futurist,negative,0.6763949394226074
6727af89081bd9f0e0d0973d_audio_ranking_explanation_1780200707791_transcript,13,utopia which seem to be constantly kicking the can down,negative,0.7436410784721375
6727af89081bd9f0e0d0973d_audio_ranking_explanation_1780200707791_transcript,14,the road and relying on science to save us what,neutral,0.5734043717384338
6727af89081bd9f0e0d0973d_audio_ranking_explanation_1780200707791_transcript,15,it's kind of like right now then primitive which is,neutral,0.8426291346549988
6727af89081bd9f0e0d0973d_audio_ranking_explanation_1780200707791_transcript,16,where this technology has basically been wiped out and i,negative,0.8609328866004944
6727af89081bd9f0e0d0973d_audio_ranking_explanation_1780200707791_transcript,17,put faith based as less because it seemed almost the,negative,0.48298826813697815
6727af89081bd9f0e0d0973d_audio_ranking_explanation_1780200707791_transcript,18,same except it demanded faith as the keystone of all,neutral,0.7521880269050598
673e5fc42cbf961c153d09d3_audio_missing_utopia_1780154055552_transcript,0,It would be maybe a utopia that solves the scarcity,neutral,0.5355697274208069
673e5fc42cbf961c153d09d3_audio_missing_utopia_1780154055552_transcript,1,"that has been shown in every single of these descriptions,",neutral,0.8301095366477966
673e5fc42cbf961c153d09d3_audio_missing_utopia_1780154055552_transcript,2,ways that we can ration meals until we have innovated,neutral,0.7746431827545166
673e5fc42cbf961c153d09d3_audio_missing_utopia_1780154055552_transcript,3,and created a stability where food doesn't become an issue.,neutral,0.7232020497322083
673e5fc42cbf961c153d09d3_audio_missing_utopia_1780154055552_transcript,4,No one goes hungry. Everyone is maybe assigned a place,neutral,0.7423431873321533
673e5fc42cbf961c153d09d3_audio_missing_utopia_1780154055552_transcript,5,"to live, so they have a roof over their head,",positive,0.5038576126098633
673e5fc42cbf961c153d09d3_audio_missing_utopia_1780154055552_transcript,6,"and we have time for passions and work, which, while",neutral,0.7292584776878357
673e5fc42cbf961c153d09d3_audio_missing_utopia_1780154055552_transcript,7,"maybe mandatory, is essentially your passion, whatever you would like",neutral,0.6194288730621338
673e5fc42cbf961c153d09d3_audio_missing_utopia_1780154055552_transcript,8,to do. that is my uh ideal utopian society i,neutral,0.6629390716552734
673e5fc42cbf961c153d09d3_audio_missing_utopia_1780154055552_transcript,9,suppose a civilization where culture is exemplified and differences and,neutral,0.8498120903968811
673e5fc42cbf961c153d09d3_audio_missing_utopia_1780154055552_transcript,10,distinctions are while emphasized are celebrated and praised that's essentially,neutral,0.6439462304115295
673e5fc42cbf961c153d09d3_audio_ranking_explanation_1780153918926_transcript,0,"When I look at the religious-based utopia, it seemed solely",neutral,0.6462855339050293
673e5fc42cbf961c153d09d3_audio_ranking_explanation_1780153918926_transcript,1,"reliant on a higher power or a, it was, as",neutral,0.8641198873519897
673e5fc42cbf961c153d09d3_audio_ranking_explanation_1780153918926_transcript,2,"it said, a faith-based utopia. I am just not interested",negative,0.8666472434997559
673e5fc42cbf961c153d09d3_audio_ranking_explanation_1780153918926_transcript,3,"in something like that, the restrictions and the ways that",neutral,0.7010771036148071
673e5fc42cbf961c153d09d3_audio_ranking_explanation_1780153918926_transcript,4,it will harm you mentally. And I feel as though,negative,0.8795506358146667
673e5fc42cbf961c153d09d3_audio_ranking_explanation_1780153918926_transcript,5,it would be a rigid kind of place to live.,negative,0.7434080839157104
673e5fc42cbf961c153d09d3_audio_ranking_explanation_1780153918926_transcript,6,The society of low tech and small scale also wasn't,negative,0.49928414821624756
673e5fc42cbf961c153d09d3_audio_ranking_explanation_1780153918926_transcript,7,"something that I really, really appealed to me. Um, simply",positive,0.851122260093689
673e5fc42cbf961c153d09d3_audio_ranking_explanation_1780153918926_transcript,8,because I find that technology has advanced life in such,positive,0.7660074830055237
673e5fc42cbf961c153d09d3_audio_ranking_explanation_1780153918926_transcript,9,a way where it is harmful should it ever disappear,negative,0.8698752522468567
673e5fc42cbf961c153d09d3_audio_ranking_explanation_1780153918926_transcript,10,"or should we be breathed without it, or breathed of",neutral,0.8699855804443359
673e5fc42cbf961c153d09d3_audio_ranking_explanation_1780153918926_transcript,11,"it. Um, and I just, I feel like without technology,",negative,0.5537198185920715
673e5fc42cbf961c153d09d3_audio_ranking_explanation_1780153918926_transcript,12,we would be primitive again. The rule of law is,negative,0.74705970287323
673e5fc42cbf961c153d09d3_audio_ranking_explanation_1780153918926_transcript,13,also just a very rigid and extremely kind. It's something,neutral,0.505314290523529
673e5fc42cbf961c153d09d3_audio_ranking_explanation_1780153918926_transcript,14,where it doesn't really have too much community. It feels,negative,0.5635941624641418
673e5fc42cbf961c153d09d3_audio_ranking_explanation_1780153918926_transcript,15,"as though it's essentially a dystopia, one that is very",negative,0.7466504573822021
673e5fc42cbf961c153d09d3_audio_ranking_explanation_1780153918926_transcript,16,similar to something you might see in science fiction. And,neutral,0.9166280031204224
673e5fc42cbf961c153d09d3_audio_ranking_explanation_1780153918926_transcript,17,it feels very fascist to me. When I look at,negative,0.9118751883506775
673e5fc42cbf961c153d09d3_audio_ranking_explanation_1780153918926_transcript,18,"the Commonwealth of Intermorality, I think this is where we",neutral,0.705414891242981
673e5fc42cbf961c153d09d3_audio_ranking_explanation_1780153918926_transcript,19,"start to get societies that sound good on paper, but",neutral,0.5760783553123474
673e5fc42cbf961c153d09d3_audio_ranking_explanation_1780153918926_transcript,20,may be a little bit difficult to execute. um morally,negative,0.6312422156333923
673e5fc42cbf961c153d09d3_audio_ranking_explanation_1780153918926_transcript,21,a lot of people might not have the best interest,negative,0.5117526054382324
673e5fc42cbf961c153d09d3_audio_ranking_explanation_1780153918926_transcript,22,for you so the idea of a community a communal,neutral,0.870841920375824
673e5fc42cbf961c153d09d3_audio_ranking_explanation_1780153918926_transcript,23,um way to keep everyone accountable on paper it sounds,neutral,0.6706047058105469
673e5fc42cbf961c153d09d3_audio_ranking_explanation_1780153918926_transcript,24,good but who's to say this would actually enact the,negative,0.5568025708198547
673e5fc42cbf961c153d09d3_audio_ranking_explanation_1780153918926_transcript,25,way that people would think um a green utopia for,neutral,0.7639929056167603
673e5fc42cbf961c153d09d3_audio_ranking_explanation_1780153918926_transcript,26,sustainability sounds great to me as recycling and continuing to,positive,0.928981602191925
673e5fc42cbf961c153d09d3_audio_ranking_explanation_1780153918926_transcript,27,relieve the pressure on climate is something that's important to,neutral,0.6109169125556946
673e5fc42cbf961c153d09d3_audio_ranking_explanation_1780153918926_transcript,28,"me. In data-driven governance, I think that AI is essentially",neutral,0.7835702300071716
673e5fc42cbf961c153d09d3_audio_ranking_explanation_1780153918926_transcript,29,"the future. I think that it will, while it may",positive,0.6074672341346741
673e5fc42cbf961c153d09d3_audio_ranking_explanation_1780153918926_transcript,30,be used in very peculiar ways and It may need,neutral,0.5866502523422241
673e5fc42cbf961c153d09d3_audio_ranking_explanation_1780153918926_transcript,31,"governance, and we might need to put legality around it.",neutral,0.7421630024909973
673e5fc42cbf961c153d09d3_audio_ranking_explanation_1780153918926_transcript,32,The idea of AI being a push for the future,neutral,0.5188753008842468
673e5fc42cbf961c153d09d3_audio_ranking_explanation_1780153918926_transcript,33,is always something that resonates deeply with me. And for,positive,0.9389931559562683
673e5fc42cbf961c153d09d3_audio_ranking_explanation_1780153918926_transcript,34,"the futurist utopia, I think that is essentially just the",neutral,0.7088143825531006
673e5fc42cbf961c153d09d3_audio_ranking_explanation_1780153918926_transcript,35,"best one from here, simply because it's how we continuously",positive,0.9459079504013062
673e5fc42cbf961c153d09d3_audio_ranking_explanation_1780153918926_transcript,36,progress anyway. through science and innovation. It's something that is,positive,0.6645791530609131
673e5fc42cbf961c153d09d3_audio_ranking_explanation_1780153918926_transcript,37,essentially our society now. So it's almost like going back,neutral,0.5967824459075928
694c445f53e37c412593c79a_audio_missing_utopia_1780173049029_transcript,0,I think a self-generating or self-sustaining society would have been,neutral,0.8159381747245789
694c445f53e37c412593c79a_audio_missing_utopia_1780173049029_transcript,1,"smart to include in a model society list, maybe even",neutral,0.5843400955200195
694c445f53e37c412593c79a_audio_missing_utopia_1780173049029_transcript,2,having factors of law and governance based around equal spiritual,neutral,0.8151730298995972
694c445f53e37c412593c79a_audio_missing_utopia_1780173049029_transcript,3,principles that everyone is united under the same kind of,neutral,0.8213440775871277
694c445f53e37c412593c79a_audio_missing_utopia_1780173049029_transcript,4,common code or creed. I think that could have been,neutral,0.8418639898300171
694c445f53e37c412593c79a_audio_ranking_explanation_1780172794196_transcript,0,I think having a high-ranking society that's based on morals,neutral,0.5980349779129028
694c445f53e37c412593c79a_audio_ranking_explanation_1780172794196_transcript,1,is really smart because everyone can be accountable for themselves,positive,0.8344636559486389
694c445f53e37c412593c79a_audio_ranking_explanation_1780172794196_transcript,2,and have a high degree of respect and common care,neutral,0.5765645503997803
694c445f53e37c412593c79a_audio_ranking_explanation_1780172794196_transcript,3,for one another. I think the worst out of them,negative,0.9298360347747803
694c445f53e37c412593c79a_audio_ranking_explanation_1780172794196_transcript,4,"all would be an AI-driven or centric society, which would",neutral,0.792400598526001
694c445f53e37c412593c79a_audio_ranking_explanation_1780172794196_transcript,5,mean that the technology that people have created It would,neutral,0.7833886742591858
694c445f53e37c412593c79a_audio_ranking_explanation_1780172794196_transcript,6,start to make up laws and rules and governance on,neutral,0.8404132723808289
694c445f53e37c412593c79a_audio_ranking_explanation_1780172794196_transcript,7,how to disperse and split up the little bit of,neutral,0.6191664338111877
694c445f53e37c412593c79a_audio_ranking_explanation_1780172794196_transcript,8,resources that everyone is trying so hard to ration properly.,neutral,0.6762943863868713
694c445f53e37c412593c79a_audio_ranking_explanation_1780172794196_transcript,9,So I tried to rank the societies in order of,neutral,0.885642945766449
694c445f53e37c412593c79a_audio_ranking_explanation_1780172794196_transcript,10,"what could be most beneficial for humanity, even if it",positive,0.6877478361129761
694c445f53e37c412593c79a_audio_ranking_explanation_1780172794196_transcript,11,seemed kind of authoritative. But I also tried to rank,neutral,0.8488457798957825
694c445f53e37c412593c79a_audio_ranking_explanation_1780172794196_transcript,12,the least preferred in a way that would be maybe,negative,0.5970869064331055
694c445f53e37c412593c79a_audio_ranking_explanation_1780172794196_transcript,13,like the worst stuff for humanity in terms of knowledge,negative,0.9309003353118896
69614f58c570d5c7dddaee3c_audio_missing_utopia_1780204525837_transcript,0,"So, I do feel all important values were already represented,",neutral,0.5926924347877502
69614f58c570d5c7dddaee3c_audio_missing_utopia_1780204525837_transcript,1,"but if there was anything additional, I would say there",neutral,0.8066908717155457
69614f58c570d5c7dddaee3c_audio_missing_utopia_1780204525837_transcript,2,"should be a kindness utopia, just where people are focused",positive,0.5294767618179321
69614f58c570d5c7dddaee3c_audio_missing_utopia_1780204525837_transcript,3,"on being kind to one another, and that's the primary",positive,0.5271134972572327
69614f58c570d5c7dddaee3c_audio_ranking_explanation_1780204489463_transcript,0,so my order of society started with religious utopia i,neutral,0.8165310621261597
69614f58c570d5c7dddaee3c_audio_ranking_explanation_1780204489463_transcript,1,chose that because my faith is very important to me,positive,0.9287139773368835
69614f58c570d5c7dddaee3c_audio_ranking_explanation_1780204489463_transcript,2,and i think that's a good way of living for,positive,0.8743225336074829
69614f58c570d5c7dddaee3c_audio_ranking_explanation_1780204489463_transcript,3,society then i chose moral commonwealth because i think morals,neutral,0.8079499006271362
69614f58c570d5c7dddaee3c_audio_ranking_explanation_1780204489463_transcript,4,have a lot to do with society and being uh,neutral,0.8572601675987244
69614f58c570d5c7dddaee3c_audio_ranking_explanation_1780204489463_transcript,5,highly successful individuals i think we all need to have,positive,0.9324054718017578
69614f58c570d5c7dddaee3c_audio_ranking_explanation_1780204489463_transcript,6,morals and a foundation of morals then it comes to,neutral,0.8096083402633667
69614f58c570d5c7dddaee3c_audio_ranking_explanation_1780204489463_transcript,7,rule of law or institutional utopia i say that as,neutral,0.7281400561332703
69614f58c570d5c7dddaee3c_audio_ranking_explanation_1780204489463_transcript,8,third because i think rules should be set in place,neutral,0.8136229515075684
69614f58c570d5c7dddaee3c_audio_ranking_explanation_1780204489463_transcript,9,then i chose the primitivist utopia because i think some,neutral,0.8232926726341248
69614f58c570d5c7dddaee3c_audio_ranking_explanation_1780204489463_transcript,10,things like living off the grid and being low-tech just,neutral,0.7781559228897095
69614f58c570d5c7dddaee3c_audio_ranking_explanation_1780204489463_transcript,11,kind of make things feel a little more natural and,neutral,0.4843598008155823
69614f58c570d5c7dddaee3c_audio_ranking_explanation_1780204489463_transcript,12,then i chose modern green utopia next because i think,neutral,0.7648190259933472
69614f58c570d5c7dddaee3c_audio_ranking_explanation_1780204489463_transcript,13,while i said low tech part of that i think,neutral,0.8597095012664795
69614f58c570d5c7dddaee3c_audio_ranking_explanation_1780204489463_transcript,14,sustainability is important for being eco-friendly and then sixth i,neutral,0.5214905142784119
69614f58c570d5c7dddaee3c_audio_ranking_explanation_1780204489463_transcript,15,chose futuristic futurist utopia i chose that because uh while,neutral,0.7893247604370117
69614f58c570d5c7dddaee3c_audio_ranking_explanation_1780204489463_transcript,16,i am all for low tech being natural more holistic,positive,0.6972299814224243
69614f58c570d5c7dddaee3c_audio_ranking_explanation_1780204489463_transcript,17,i do think that there is some science behind a,neutral,0.8206168413162231
69614f58c570d5c7dddaee3c_audio_ranking_explanation_1780204489463_transcript,18,lot of things that could help form discoveries and better,positive,0.7975523471832275
69614f58c570d5c7dddaee3c_audio_ranking_explanation_1780204489463_transcript,19,societies and then last i chose the ai-centered utopia that's,neutral,0.8539754748344421
69614f58c570d5c7dddaee3c_audio_ranking_explanation_1780204489463_transcript,20,my least preferred just because i don't want technology controlling,negative,0.4936799705028534
698fc4a662ab7f88d0993602_audio_missing_utopia_1780189174607_transcript,0,"No, I don't think there was anything missing or absent",neutral,0.7502588033676147
698fc4a662ab7f88d0993602_audio_missing_utopia_1780189174607_transcript,1,from them. You pretty much covered all the societies that,neutral,0.8276082873344421
698fc4a662ab7f88d0993602_audio_ranking_explanation_1780189153979_transcript,0,"Um, the reason why I chose these societies is because",neutral,0.7553845643997192
698fc4a662ab7f88d0993602_audio_ranking_explanation_1780189153979_transcript,1,"I think, um, the futuristic utopia is a more society",neutral,0.7795225381851196
698fc4a662ab7f88d0993602_audio_ranking_explanation_1780189153979_transcript,2,"that aligns with, um, people's values and also for the",neutral,0.7622341513633728
698fc4a662ab7f88d0993602_audio_ranking_explanation_1780189153979_transcript,3,greater good of people and also for the greater good,positive,0.9215241074562073
698fc4a662ab7f88d0993602_audio_ranking_explanation_1780189153979_transcript,4,"of our earth. Um, it has alignments with, um, it",neutral,0.886721134185791
698fc4a662ab7f88d0993602_audio_ranking_explanation_1780189153979_transcript,5,"has alignments with human values, but also nature values. My",neutral,0.9013668894767761
698fc4a662ab7f88d0993602_audio_ranking_explanation_1780189153979_transcript,6,least preferred society was religious utopia because it was something,neutral,0.6182620525360107
698fc4a662ab7f88d0993602_audio_ranking_explanation_1780189153979_transcript,7,"that would probably be more forceful than the average society,",neutral,0.6022586822509766
698fc4a662ab7f88d0993602_audio_ranking_explanation_1780189153979_transcript,8,which would cause widespread killings and religious crime and religious,negative,0.8931386470794678
698fc4a662ab7f88d0993602_audio_ranking_explanation_1780189153979_transcript,9,overzealousness. I also rated the AI Center Utopia at 6,neutral,0.6373794674873352
698fc4a662ab7f88d0993602_audio_ranking_explanation_1780189153979_transcript,10,because I don't feel like our society being ran by,negative,0.8046693801879883
698fc4a662ab7f88d0993602_audio_ranking_explanation_1780189153979_transcript,11,automatic robots would make society any better and make it,negative,0.7665331363677979
698fc4a662ab7f88d0993602_audio_ranking_explanation_1780189153979_transcript,12,"more flawed. For example, some companies have used AI systems",negative,0.7642713785171509
698fc4a662ab7f88d0993602_audio_ranking_explanation_1780189153979_transcript,13,"to run certain system policies and insurances, like insurance companies",neutral,0.8876356482505798
698fc4a662ab7f88d0993602_audio_ranking_explanation_1780189153979_transcript,14,"and such, and have made widespread mistakes that have caused",negative,0.8362846970558167
699ea1c2d6cea42a4be1baad_audio_missing_utopia_1780184299958_transcript,0,"I feel like a society, not that, um, the diplomatic",neutral,0.5991860628128052
699ea1c2d6cea42a4be1baad_audio_missing_utopia_1780184299958_transcript,1,"society for me is, I wouldn't say perfect, but it's",neutral,0.4605974853038788
699ea1c2d6cea42a4be1baad_audio_missing_utopia_1780184299958_transcript,2,"the most functional and with the most opportunities, at least",positive,0.8782773613929749
699ea1c2d6cea42a4be1baad_audio_ranking_explanation_1780184247777_transcript,0,"Um, I think personally that, uh, the way I ranked",neutral,0.8216304183006287
699ea1c2d6cea42a4be1baad_audio_ranking_explanation_1780184247777_transcript,1,"the societies, uh, I did it based on the, um,",neutral,0.9064058065414429
699ea1c2d6cea42a4be1baad_audio_ranking_explanation_1780184247777_transcript,2,how I feel the societies would be entertaining to be,positive,0.4959779381752014
699ea1c2d6cea42a4be1baad_audio_ranking_explanation_1780184247777_transcript,3,"a part of, um, and how it would benefit the",neutral,0.8657343983650208
699ea1c2d6cea42a4be1baad_audio_ranking_explanation_1780184247777_transcript,4,"majority of society. I think low-tech, small-scale would be beneficial",positive,0.49746859073638916
699ea1c2d6cea42a4be1baad_audio_ranking_explanation_1780184247777_transcript,5,for a large group of people invested in that society.,neutral,0.7344028353691101
699ea1c2d6cea42a4be1baad_audio_ranking_explanation_1780184247777_transcript,6,and AI-centered utopia would be interesting if we knew how,positive,0.7836620211601257
699ea1c2d6cea42a4be1baad_audio_ranking_explanation_1780184247777_transcript,7,it would affect humanity. If we can be guaranteed a,neutral,0.709157407283783
699ea1c2d6cea42a4be1baad_audio_ranking_explanation_1780184247777_transcript,8,safe passage through the new AI-driven future that we're currently,neutral,0.6803346872329712
69a46403d8ee3370aefc523f_audio_missing_utopia_1780201432923_transcript,0,"I feel like a society, you know, where high advanced",neutral,0.60934978723526
69a46403d8ee3370aefc523f_audio_missing_utopia_1780201432923_transcript,1,"technology helps us reuse, reduce and recycle more efficiently. I",positive,0.8280308246612549
69a46403d8ee3370aefc523f_audio_ranking_explanation_1780201405785_transcript,0,"I think a modern green utopia is way better, you",positive,0.6389106512069702
69a46403d8ee3370aefc523f_audio_ranking_explanation_1780201405785_transcript,1,"know, because I love a sustainable and secure society, you",positive,0.9167712330818176
69a46403d8ee3370aefc523f_audio_ranking_explanation_1780201405785_transcript,2,"know, it's more reuse, reduce, recycle, and of course the",neutral,0.580092191696167
69a46403d8ee3370aefc523f_audio_ranking_explanation_1780201405785_transcript,3,"AI-centered utopia sounds, you know, crazy as it is, you",neutral,0.5413806438446045
69a46403d8ee3370aefc523f_audio_ranking_explanation_1780201405785_transcript,4,"know, I wouldn't want to be controlled by AI telling",neutral,0.5613065361976624
69a46403d8ee3370aefc523f_audio_ranking_explanation_1780201405785_transcript,5,"us what to do and how to think, how to",neutral,0.8799905180931091
69a46403d8ee3370aefc523f_audio_ranking_explanation_1780201405785_transcript,6,"live, you know, just don't think that's the way to",negative,0.6142135858535767
69a4b67351c86f1665010c28_audio_missing_utopia_1780198955309_transcript,0,I think a society based purely on autonomy and human,neutral,0.8056328892707825
69a4b67351c86f1665010c28_audio_missing_utopia_1780198955309_transcript,1,rights was missing. This would be an ideal society and,neutral,0.6252468824386597
69a4b67351c86f1665010c28_audio_ranking_explanation_1780198827616_transcript,0,My personal worldview and values are based on science. A,neutral,0.7272223234176636
69a4b67351c86f1665010c28_audio_ranking_explanation_1780198827616_transcript,1,society mostly focused on science and innovation is very appealing,positive,0.9026975035667419
69a4b67351c86f1665010c28_audio_ranking_explanation_1780198827616_transcript,2,to me. A religious-based society would conflict with my personal,negative,0.5616209506988525
69a89c0955605fb10a4fff5e_audio_ranking_explanation_1780168460912_transcript,0,There was in every way a kind of symbol of,neutral,0.7936996221542358
69b2fc05f91b3889d80e9d4f_audio_ranking_explanation_1780209516878_transcript,0,"My above ranks is because I prefer innovation, I prefer",positive,0.6439375281333923
69b2fc05f91b3889d80e9d4f_audio_ranking_explanation_1780209516878_transcript,1,"progress, and I prefer technology. I rank these societies the",positive,0.5376181602478027
69b2fc05f91b3889d80e9d4f_audio_ranking_explanation_1780209516878_transcript,2,"way they appear, because I'd like to live in a",neutral,0.7337778210639954
69b2fc05f91b3889d80e9d4f_audio_ranking_explanation_1780209516878_transcript,3,"society which values science, innovation, and progress. That's why futuristic",positive,0.7250797748565674
69b2fc05f91b3889d80e9d4f_audio_ranking_explanation_1780209516878_transcript,4,utopia comes first. I believe new technology and discoveries can,positive,0.8567423224449158
69b2fc05f91b3889d80e9d4f_audio_ranking_explanation_1780209516878_transcript,5,"always improve health care, education, jobs, and the overall quality",positive,0.8140289783477783
69b2fc05f91b3889d80e9d4f_audio_ranking_explanation_1780209516878_transcript,6,of life. AI-centered utopia comes second because I believe that,positive,0.659122884273529
69b2fc05f91b3889d80e9d4f_audio_ranking_explanation_1780209516878_transcript,7,this will help leaders to make better decisions. But the,neutral,0.6166690587997437
69b2fc05f91b3889d80e9d4f_audio_ranking_explanation_1780209516878_transcript,8,modern green utopia is the third. Since I believe that,neutral,0.6103485822677612
69b2fc05f91b3889d80e9d4f_audio_ranking_explanation_1780209516878_transcript,9,sustainability and security are important for long-term well-being. For moral,positive,0.6391804218292236
69b2fc05f91b3889d80e9d4f_audio_ranking_explanation_1780209516878_transcript,10,"and institutional, utopia were placed at the middle because this",neutral,0.5617839694023132
69b2fc05f91b3889d80e9d4f_audio_ranking_explanation_1780209516878_transcript,11,"brings a balance, and the respectful laws help create a",positive,0.5308265089988708
69b2fc05f91b3889d80e9d4f_audio_ranking_explanation_1780209516878_transcript,12,fair and sustainable society. religious utopia comes at the lower,neutral,0.5206502079963684
69b2fc05f91b3889d80e9d4f_audio_ranking_explanation_1780209516878_transcript,13,end because i believe there are different beliefs from people,neutral,0.8128888607025146
69b2fc05f91b3889d80e9d4f_audio_ranking_explanation_1780209516878_transcript,14,and therefore i prefer society that allows more personal freedom,positive,0.5997265577316284
69b2fc05f91b3889d80e9d4f_audio_ranking_explanation_1780209516878_transcript,15,and in this area it has prioritized more on innovation,positive,0.5475301146507263
69b2fc05f91b3889d80e9d4f_audio_ranking_explanation_1780209516878_transcript,16,and less on religious on the last of the my,neutral,0.7513784170150757
69b2fc05f91b3889d80e9d4f_audio_ranking_explanation_1780209516878_transcript,17,priority or on my ranking list i mentioned pre primitivist,neutral,0.8984386920928955
69b2fc05f91b3889d80e9d4f_audio_ranking_explanation_1780209516878_transcript,18,modern a primitivist utopia is the last because it will,neutral,0.5892579555511475
69b2fc05f91b3889d80e9d4f_audio_ranking_explanation_1780209516878_transcript,19,not want to give up modern technology and medical advances,neutral,0.5925933718681335
69b2fc05f91b3889d80e9d4f_audio_ranking_explanation_1780209516878_transcript,20,and it just gives the bare minimum and this convinces,negative,0.5365687608718872
69b2fc05f91b3889d80e9d4f_audio_ranking_explanation_1780209516878_transcript,21,me that my ranking is good and i'm comfortable with,positive,0.8956933617591858
69b34be60a7d5e72daf5d5c0_audio_missing_utopia_1780187565731_transcript,0,I would say that a future society that was missing.,negative,0.5459638833999634
69b34be60a7d5e72daf5d5c0_audio_missing_utopia_1780187565731_transcript,1,"Honestly, I feel like the one with the environment was",neutral,0.7552444338798523
69b34be60a7d5e72daf5d5c0_audio_missing_utopia_1780187565731_transcript,2,kind of close to what I would want. But I,neutral,0.7028830051422119
69b34be60a7d5e72daf5d5c0_audio_missing_utopia_1780187565731_transcript,3,feel like an important value or approach that I would,neutral,0.5566936731338501
69b34be60a7d5e72daf5d5c0_audio_missing_utopia_1780187565731_transcript,4,"really like is one of equity. It talked, there were",positive,0.8016011714935303
69b34be60a7d5e72daf5d5c0_audio_missing_utopia_1780187565731_transcript,5,"a few different societies that talked about like, oh, kind",neutral,0.8683264851570129
69b34be60a7d5e72daf5d5c0_audio_missing_utopia_1780187565731_transcript,6,"of subsistence level living, like enough is enough, like having",negative,0.5767500400543213
69b34be60a7d5e72daf5d5c0_audio_missing_utopia_1780187565731_transcript,7,just enough is good enough. And I almost feel like,positive,0.7908434271812439
69b34be60a7d5e72daf5d5c0_audio_missing_utopia_1780187565731_transcript,8,"having a society that is equity based, like if you're",neutral,0.726639986038208
69b34be60a7d5e72daf5d5c0_audio_missing_utopia_1780187565731_transcript,9,"disabled, you know, people tend to your needs. Or if",neutral,0.7961692214012146
69b34be60a7d5e72daf5d5c0_audio_missing_utopia_1780187565731_transcript,10,"you had more resources before, the ideal is like you'll",positive,0.4864329397678375
69b34be60a7d5e72daf5d5c0_audio_missing_utopia_1780187565731_transcript,11,share. So I think that having a society where that's,neutral,0.8519864082336426
69b34be60a7d5e72daf5d5c0_audio_missing_utopia_1780187565731_transcript,12,kind of the basis of kind of help your neighbor,neutral,0.7226327061653137
69b34be60a7d5e72daf5d5c0_audio_missing_utopia_1780187565731_transcript,13,do onto each other as you would like to be,neutral,0.8102976679801941
69b34be60a7d5e72daf5d5c0_audio_missing_utopia_1780187565731_transcript,14,done onto you from each according to their ability to,neutral,0.8605921268463135
69b34be60a7d5e72daf5d5c0_audio_missing_utopia_1780187565731_transcript,15,each according to their need. I think those are kind,positive,0.4985261559486389
69b34be60a7d5e72daf5d5c0_audio_missing_utopia_1780187565731_transcript,16,of values that I agree with. So that's kind of,neutral,0.6070852279663086
69b34be60a7d5e72daf5d5c0_audio_missing_utopia_1780187565731_transcript,17,the most important part of a society for me. and,positive,0.7639548182487488
69b34be60a7d5e72daf5d5c0_audio_missing_utopia_1780187565731_transcript,18,I feel like the kind of value that that would,neutral,0.6067357063293457
69b34be60a7d5e72daf5d5c0_audio_ranking_explanation_1780187492769_transcript,0,I ranked the modern green utopia as being my most,positive,0.7727012038230896
69b34be60a7d5e72daf5d5c0_audio_ranking_explanation_1780187492769_transcript,1,preferred kind of society because I myself care a lot,neutral,0.6883683204650879
69b34be60a7d5e72daf5d5c0_audio_ranking_explanation_1780187492769_transcript,2,"about the environment, and particularly if we're talking about a",neutral,0.7660287618637085
69b34be60a7d5e72daf5d5c0_audio_ranking_explanation_1780187492769_transcript,3,world where we're recovering from some type of crisis. I,neutral,0.7518259286880493
69b34be60a7d5e72daf5d5c0_audio_ranking_explanation_1780187492769_transcript,4,think that that is probably the best example that will,positive,0.6037578582763672
69b34be60a7d5e72daf5d5c0_audio_ranking_explanation_1780187492769_transcript,5,keep us from going back into crisis. Then I have,neutral,0.6648303866386414
69b34be60a7d5e72daf5d5c0_audio_ranking_explanation_1780187492769_transcript,6,"the futurist utopia, which was the science and innovation one,",neutral,0.6825747489929199
69b34be60a7d5e72daf5d5c0_audio_ranking_explanation_1780187492769_transcript,7,kind of similar to the modern green one. It also,neutral,0.8637728691101074
69b34be60a7d5e72daf5d5c0_audio_ranking_explanation_1780187492769_transcript,8,"talked about, like, having respect for the environment, which I",neutral,0.6670272350311279
69b34be60a7d5e72daf5d5c0_audio_ranking_explanation_1780187492769_transcript,9,appreciated. And it talked about trusting science and different kinds,positive,0.885299801826477
69b34be60a7d5e72daf5d5c0_audio_ranking_explanation_1780187492769_transcript,10,"of technology, which I also think is really important if",positive,0.7639198899269104
69b34be60a7d5e72daf5d5c0_audio_ranking_explanation_1780187492769_transcript,11,you're trying to not go back into some form of,neutral,0.7784832715988159
69b34be60a7d5e72daf5d5c0_audio_ranking_explanation_1780187492769_transcript,12,dark ages. Then I have the primitivist utopia. I didn't,neutral,0.6520528793334961
69b34be60a7d5e72daf5d5c0_audio_ranking_explanation_1780187492769_transcript,13,"love that it was considered to be, like, low tech,",positive,0.843517005443573
69b34be60a7d5e72daf5d5c0_audio_ranking_explanation_1780187492769_transcript,14,but I did like the small scale kind of community,positive,0.7403196692466736
69b34be60a7d5e72daf5d5c0_audio_ranking_explanation_1780187492769_transcript,15,"situation without, like, hard levels of outside governance. I think",neutral,0.7366973757743835
69b34be60a7d5e72daf5d5c0_audio_ranking_explanation_1780187492769_transcript,16,"that communities like that tend to do well, especially if",positive,0.7073105573654175
69b34be60a7d5e72daf5d5c0_audio_ranking_explanation_1780187492769_transcript,17,people have similar values. Then I have the institutional utopia.,neutral,0.617805540561676
69b34be60a7d5e72daf5d5c0_audio_ranking_explanation_1780187492769_transcript,18,This was kind of middle of the road for me.,neutral,0.6759255528450012
69b34be60a7d5e72daf5d5c0_audio_ranking_explanation_1780187492769_transcript,19,I feel like this is kind of where our society,negative,0.7316189408302307
69b34be60a7d5e72daf5d5c0_audio_ranking_explanation_1780187492769_transcript,20,"is today, where we believe in rule of law and",neutral,0.5285755395889282
69b34be60a7d5e72daf5d5c0_audio_ranking_explanation_1780187492769_transcript,21,things aren't as subjective as they are in the moral,neutral,0.6912534236907959
69b34be60a7d5e72daf5d5c0_audio_ranking_explanation_1780187492769_transcript,22,commonwealth. I didn't love that just because I feel like,negative,0.8836309313774109
69b34be60a7d5e72daf5d5c0_audio_ranking_explanation_1780187492769_transcript,23,people have different examples and different feelings of what morality,neutral,0.7820131182670593
69b34be60a7d5e72daf5d5c0_audio_ranking_explanation_1780187492769_transcript,24,is. And if we're living in a society that's based,neutral,0.6332449316978455
69b34be60a7d5e72daf5d5c0_audio_ranking_explanation_1780187492769_transcript,25,"on inner morality, I don't feel like we would all",neutral,0.5763053297996521
69b34be60a7d5e72daf5d5c0_audio_ranking_explanation_1780187492769_transcript,26,have the same ideas of what that means and in,neutral,0.858306348323822
69b34be60a7d5e72daf5d5c0_audio_ranking_explanation_1780187492769_transcript,27,the rule of law society in the institutional utopia at,neutral,0.7824559211730957
69b34be60a7d5e72daf5d5c0_audio_ranking_explanation_1780187492769_transcript,28,least you know like what the laws are it's straightforward,neutral,0.7688614726066589
69b34be60a7d5e72daf5d5c0_audio_ranking_explanation_1780187492769_transcript,29,whereas the other one i feel like that could almost,neutral,0.8024815320968628
69b34be60a7d5e72daf5d5c0_audio_ranking_explanation_1780187492769_transcript,30,be one person does a crime and gets punished one,neutral,0.5394733548164368
69b34be60a7d5e72daf5d5c0_audio_ranking_explanation_1780187492769_transcript,31,way and then another person does a crime and is,negative,0.6784419417381287
69b34be60a7d5e72daf5d5c0_audio_ranking_explanation_1780187492769_transcript,32,punished another and i personally believe that that's not fair,negative,0.9114848375320435
69b34be60a7d5e72daf5d5c0_audio_ranking_explanation_1780187492769_transcript,33,um ai-centered utopia i don't like at all um i,negative,0.9228244423866272
69b34be60a7d5e72daf5d5c0_audio_ranking_explanation_1780187492769_transcript,34,felt like that's you know not human-centered it talked about,negative,0.5093604922294617
69b34be60a7d5e72daf5d5c0_audio_ranking_explanation_1780187492769_transcript,35,wanting everything to just be like data driven and then,neutral,0.5473827123641968
69b34be60a7d5e72daf5d5c0_audio_ranking_explanation_1780187492769_transcript,36,I think the word that it used was like precise,neutral,0.8280790448188782
69b34be60a7d5e72daf5d5c0_audio_ranking_explanation_1780187492769_transcript,37,or accurate or something and I just don't think that,negative,0.7015038132667542
69b34be60a7d5e72daf5d5c0_audio_ranking_explanation_1780187492769_transcript,38,that's how humans function um and then religious utopia is,neutral,0.7117703557014465
69b34be60a7d5e72daf5d5c0_audio_ranking_explanation_1780187492769_transcript,39,my last one I myself am not religious um I,neutral,0.7638257741928101
69b34be60a7d5e72daf5d5c0_audio_ranking_explanation_1780187492769_transcript,40,feel like religion sometimes does more harm than good and,negative,0.84120112657547
69b34be60a7d5e72daf5d5c0_audio_ranking_explanation_1780187492769_transcript,41,uh I just I don't believe in in that kind,negative,0.7316639423370361
69b34be60a7d5e72daf5d5c0_audio_ranking_explanation_1780187492769_transcript,42,of society it talked about not believing in science and,negative,0.6725361943244934
69b34be60a7d5e72daf5d5c0_audio_ranking_explanation_1780187492769_transcript,43,technology not really caring about the environment seeing people as,negative,0.6619490385055542
69b34be60a7d5e72daf5d5c0_audio_ranking_explanation_1780187492769_transcript,44,like supernatural beings I just I don't really agree with,negative,0.7499856352806091
69b34be60a7d5e72daf5d5c0_audio_ranking_explanation_1780187492769_transcript,45,that and they think that that could cause harm especially,negative,0.8944504261016846
69b34be60a7d5e72daf5d5c0_audio_ranking_explanation_1780187492769_transcript,46,to people who don't believe in the religion of the,neutral,0.5275123715400696
69befc993638fae95321d387_audio_missing_utopia_1780174909931_transcript,0,um ideally i believe a society would have components of,neutral,0.8001100420951843
69befc993638fae95321d387_audio_missing_utopia_1780174909931_transcript,1,um a moral utopia where individuals are looking out for,neutral,0.654545783996582
69befc993638fae95321d387_audio_missing_utopia_1780174909931_transcript,2,their neighbors and their neighbor's best interests um however i,neutral,0.8371375799179077
69befc993638fae95321d387_audio_missing_utopia_1780174909931_transcript,3,do believe there should be a component of law enforcement,neutral,0.7973067164421082
69befc993638fae95321d387_audio_missing_utopia_1780174909931_transcript,4,um that happens since humans are naturally selfish and do,negative,0.7500965595245361
69befc993638fae95321d387_audio_missing_utopia_1780174909931_transcript,5,not necessarily look out for the best interest of others.,neutral,0.6150920987129211
69befc993638fae95321d387_audio_ranking_explanation_1780174847991_transcript,0,I chose Modern Green Utopia for its sustainability as it,neutral,0.5426927804946899
69befc993638fae95321d387_audio_ranking_explanation_1780174847991_transcript,1,is looking to take care of ordinary citizens in a,neutral,0.7634775042533875
69befc993638fae95321d387_audio_ranking_explanation_1780174847991_transcript,2,way that is sustainable and will ensure a longer future,positive,0.8418321013450623
69befc993638fae95321d387_audio_ranking_explanation_1780174847991_transcript,3,for citizens. um ideally a um moral commonwealth would be,neutral,0.7760379910469055
69befc993638fae95321d387_audio_ranking_explanation_1780174847991_transcript,4,the ideal society however it is not as realistic as,negative,0.5213053226470947
69befc993638fae95321d387_audio_ranking_explanation_1780174847991_transcript,5,a green utopia sustainability um i chose a religious utopia,neutral,0.7803493738174438
69befc993638fae95321d387_audio_ranking_explanation_1780174847991_transcript,6,as my least preferred as religion should be a personal,negative,0.7564210891723633
69befc993638fae95321d387_audio_ranking_explanation_1780174847991_transcript,7,choice and society should be governed by morality rather than,neutral,0.6726261377334595
69c1697f0df8e94cfb806f7a_audio_missing_utopia_1780166191739_transcript,0,I think that a society that would balance environmental sustainability,neutral,0.5965932011604309
69c1697f0df8e94cfb806f7a_audio_missing_utopia_1780166191739_transcript,1,and adherence to law and some sort of science and,neutral,0.7636922597885132
69c1697f0df8e94cfb806f7a_audio_missing_utopia_1780166191739_transcript,2,innovation would be the most ideal. I think heavily relying,positive,0.710935115814209
69c1697f0df8e94cfb806f7a_audio_missing_utopia_1780166191739_transcript,3,on only one of these wouldn't be an ideal future,negative,0.8293117880821228
69c1697f0df8e94cfb806f7a_audio_ranking_explanation_1780166155474_transcript,0,I ranked the societies this way because I think that,neutral,0.7117427587509155
69c1697f0df8e94cfb806f7a_audio_ranking_explanation_1780166155474_transcript,1,a modern green utopia will help with environmental challenges and,positive,0.5534616708755493
69c1697f0df8e94cfb806f7a_audio_ranking_explanation_1780166155474_transcript,2,it will also provide some security. I think that the,positive,0.6788262724876404
69c1697f0df8e94cfb806f7a_audio_ranking_explanation_1780166155474_transcript,3,AI-centered utopia is the least desirable because it removes humans,negative,0.7585559487342834
69c1697f0df8e94cfb806f7a_audio_ranking_explanation_1780166155474_transcript,4,from the government and it can result in a loss,negative,0.6916942596435547
69c1697f0df8e94cfb806f7a_audio_ranking_explanation_1780166155474_transcript,5,of jobs in the long run and a lack of,neutral,0.5189592838287354
69c22b2562a236eed8f9c1e1_audio_missing_utopia_1780181389351_transcript,0,"I mean, most of all of the societies had a",neutral,0.8158139586448669
69c22b2562a236eed8f9c1e1_audio_missing_utopia_1780181389351_transcript,1,little bit of what I pictured into what is important,neutral,0.5537552237510681
69c22b2562a236eed8f9c1e1_audio_missing_utopia_1780181389351_transcript,2,of a future society. The main thing that I would,neutral,0.7460464239120483
69c22b2562a236eed8f9c1e1_audio_missing_utopia_1780181389351_transcript,3,"look for, and I hope other people do too, is",positive,0.6613879203796387
69c22b2562a236eed8f9c1e1_audio_missing_utopia_1780181389351_transcript,4,just fairness and equality for all. um of course there's,positive,0.7102969288825989
69c22b2562a236eed8f9c1e1_audio_missing_utopia_1780181389351_transcript,5,going to be like some sort of hierarchy because it'll,neutral,0.5817700028419495
69c22b2562a236eed8f9c1e1_audio_missing_utopia_1780181389351_transcript,6,cause it'll cause clash because no one would want to,negative,0.7994480133056641
69c22b2562a236eed8f9c1e1_audio_missing_utopia_1780181389351_transcript,7,do the dirty jobs but just to be happy and,neutral,0.511071503162384
69c22b2562a236eed8f9c1e1_audio_missing_utopia_1780181389351_transcript,8,healthier and everyone you know has at least what they,positive,0.6744400858879089
69c22b2562a236eed8f9c1e1_audio_ranking_explanation_1780181331295_transcript,0,"Disregarding my previous recording, I ranked these societies the way",neutral,0.8250724077224731
69c22b2562a236eed8f9c1e1_audio_ranking_explanation_1780181331295_transcript,1,I did just based off of my ideas and what,neutral,0.8711647391319275
69c22b2562a236eed8f9c1e1_audio_ranking_explanation_1780181331295_transcript,2,I think would work best and to make it fair,positive,0.5810530185699463
69c22b2562a236eed8f9c1e1_audio_ranking_explanation_1780181331295_transcript,3,for everybody and everyone will be able to gain and,positive,0.6305073499679565
69c4160ec318cfcd7d4f37a4_audio_missing_utopia_1780153517199_transcript,0,um while i'm thinking about this i don't think that,neutral,0.572636067867279
69c4160ec318cfcd7d4f37a4_audio_missing_utopia_1780153517199_transcript,1,there's anything in particular that's missing what i think would,neutral,0.6635153293609619
69c4160ec318cfcd7d4f37a4_audio_missing_utopia_1780153517199_transcript,2,be most ideal for my personal perspective um and again,positive,0.5293577909469604
69c4160ec318cfcd7d4f37a4_audio_missing_utopia_1780153517199_transcript,3,i mean it's just based on a whim here and,neutral,0.8105509877204895
69c4160ec318cfcd7d4f37a4_audio_missing_utopia_1780153517199_transcript,4,what i've what i've read over the last 15 minutes,neutral,0.9351294040679932
69c4160ec318cfcd7d4f37a4_audio_missing_utopia_1780153517199_transcript,5,um i think that it would be most ideal to,positive,0.6739808320999146
69c4160ec318cfcd7d4f37a4_audio_missing_utopia_1780153517199_transcript,6,take certain factors probably from like my top three or,neutral,0.9058260917663574
69c4160ec318cfcd7d4f37a4_audio_missing_utopia_1780153517199_transcript,7,four choices and i would kind to mix and match,neutral,0.8300530910491943
69c4160ec318cfcd7d4f37a4_audio_missing_utopia_1780153517199_transcript,8,and collaborate a few of those together to get an,neutral,0.8764197826385498
69c4160ec318cfcd7d4f37a4_audio_missing_utopia_1780153517199_transcript,9,adaptation of the best of all those things I think,neutral,0.680233359336853
69c4160ec318cfcd7d4f37a4_audio_missing_utopia_1780153517199_transcript,10,we should be look for sustainability but I think technology,neutral,0.6823900938034058
69c4160ec318cfcd7d4f37a4_audio_missing_utopia_1780153517199_transcript,11,has a place you know I think religion has a,neutral,0.8766880631446838
69c4160ec318cfcd7d4f37a4_audio_missing_utopia_1780153517199_transcript,12,place I think that it's good to get down to,positive,0.7621223330497742
69c4160ec318cfcd7d4f37a4_audio_missing_utopia_1780153517199_transcript,13,our roots and be a little bit primitive if we,neutral,0.616864800453186
69c4160ec318cfcd7d4f37a4_audio_missing_utopia_1780153517199_transcript,14,were broken down into you know there's a lot of,neutral,0.6720510721206665
69c4160ec318cfcd7d4f37a4_audio_missing_utopia_1780153517199_transcript,15,different factors but yeah I think mix and matching a,neutral,0.8718361854553223
69c4160ec318cfcd7d4f37a4_audio_missing_utopia_1780153517199_transcript,16,couple of the best aspects of the top couple groups,positive,0.9541640877723694
69c4160ec318cfcd7d4f37a4_audio_ranking_explanation_1780153331642_transcript,0,uh yeah so I was trying to think about that,neutral,0.8511700630187988
69c4160ec318cfcd7d4f37a4_audio_ranking_explanation_1780153331642_transcript,1,in my head as well um while I am excited,positive,0.8827877640724182
69c4160ec318cfcd7d4f37a4_audio_ranking_explanation_1780153331642_transcript,2,for the new innovations that science and technology have brought,positive,0.8588209748268127
69c4160ec318cfcd7d4f37a4_audio_ranking_explanation_1780153331642_transcript,3,us as I am a pretty big fan of science,positive,0.9272093176841736
69c4160ec318cfcd7d4f37a4_audio_ranking_explanation_1780153331642_transcript,4,not only does it interest me but I think it,positive,0.8245689868927002
69c4160ec318cfcd7d4f37a4_audio_ranking_explanation_1780153331642_transcript,5,does have a place in making society better um I,neutral,0.7824910879135132
69c4160ec318cfcd7d4f37a4_audio_ranking_explanation_1780153331642_transcript,6,don't know that I would go to the point of,negative,0.5225092768669128
69c4160ec318cfcd7d4f37a4_audio_ranking_explanation_1780153331642_transcript,7,wanting it AI centered um and data driven by the,neutral,0.8509489297866821
69c4160ec318cfcd7d4f37a4_audio_ranking_explanation_1780153331642_transcript,8,government governance but um so that's number three i think,neutral,0.8726999163627625
69c4160ec318cfcd7d4f37a4_audio_ranking_explanation_1780153331642_transcript,9,number number one would be the futurist utopia because i,neutral,0.6752843260765076
69c4160ec318cfcd7d4f37a4_audio_ranking_explanation_1780153331642_transcript,10,do have a lot of support and respect for science,positive,0.7113579511642456
69c4160ec318cfcd7d4f37a4_audio_ranking_explanation_1780153331642_transcript,11,and innovation um i think the moral commonwealth i mean,neutral,0.7560924887657166
69c4160ec318cfcd7d4f37a4_audio_ranking_explanation_1780153331642_transcript,12,i think it seems a little unrealistic because you're always,negative,0.5048224329948425
69c4160ec318cfcd7d4f37a4_audio_ranking_explanation_1780153331642_transcript,13,gonna have people who want to do their own thing,neutral,0.6693062782287598
69c4160ec318cfcd7d4f37a4_audio_ranking_explanation_1780153331642_transcript,14,um and no one's moral levels i i mean it,negative,0.8671122789382935
69c4160ec318cfcd7d4f37a4_audio_ranking_explanation_1780153331642_transcript,15,would be interesting to see how that would work but,neutral,0.7967671751976013
69c4160ec318cfcd7d4f37a4_audio_ranking_explanation_1780153331642_transcript,16,if it could i think that would be great um,positive,0.9206481575965881
69c4160ec318cfcd7d4f37a4_audio_ranking_explanation_1780153331642_transcript,17,three would be the data centers because um I think,neutral,0.894889771938324
69c4160ec318cfcd7d4f37a4_audio_ranking_explanation_1780153331642_transcript,18,that we can get to a point with AI as,neutral,0.8269773721694946
69c4160ec318cfcd7d4f37a4_audio_ranking_explanation_1780153331642_transcript,19,long I mean that's take as long as it doesn't,negative,0.5885459184646606
69c4160ec318cfcd7d4f37a4_audio_ranking_explanation_1780153331642_transcript,20,kill us is really the thing because that's what it's,negative,0.851721465587616
69c4160ec318cfcd7d4f37a4_audio_ranking_explanation_1780153331642_transcript,21,about um if that's taken out as a factor then,neutral,0.8339221477508545
69c4160ec318cfcd7d4f37a4_audio_ranking_explanation_1780153331642_transcript,22,yeah I think AI you know centered utopia would be,neutral,0.7800012826919556
69c4160ec318cfcd7d4f37a4_audio_ranking_explanation_1780153331642_transcript,23,would be great aside from that um modern green utopia,positive,0.7770282626152039
69c4160ec318cfcd7d4f37a4_audio_ranking_explanation_1780153331642_transcript,24,followed by primitivist utopia I could live happily in both,positive,0.8230414390563965
69c4160ec318cfcd7d4f37a4_audio_ranking_explanation_1780153331642_transcript,25,"of those lives. I mean, we would be foregoing some",neutral,0.6547960638999939
69c4160ec318cfcd7d4f37a4_audio_ranking_explanation_1780153331642_transcript,26,"amenities that I think everyone enjoys, but it would bring",positive,0.6512274742126465
69c4160ec318cfcd7d4f37a4_audio_ranking_explanation_1780153331642_transcript,27,us back to our roots in nature. Below that is,neutral,0.8516956567764282
69c4160ec318cfcd7d4f37a4_audio_ranking_explanation_1780153331642_transcript,28,"institutional utopia, which is basically like where we're living right",neutral,0.7593721747398376
69c4160ec318cfcd7d4f37a4_audio_ranking_explanation_1780153331642_transcript,29,"now, which isn't awesome, but still better than religious based",negative,0.3953905999660492
69c4160ec318cfcd7d4f37a4_audio_ranking_explanation_1780153331642_transcript,30,"utopia. I mean, and that would really depend on what",neutral,0.7362492680549622
69c4160ec318cfcd7d4f37a4_audio_ranking_explanation_1780153331642_transcript,31,religion we're talking about. Are we talking about religion that,neutral,0.8625394701957703
69c4160ec318cfcd7d4f37a4_audio_ranking_explanation_1780153331642_transcript,32,has been adulterated over the last century or so or,neutral,0.5352946519851685
69c4160ec318cfcd7d4f37a4_audio_ranking_explanation_1780153331642_transcript,33,you know actual you know religion that can mean a,neutral,0.8469898700714111
69c4160ec318cfcd7d4f37a4_audio_ranking_explanation_1780153331642_transcript,34,lot of different things so that's my reasoning and why,neutral,0.7794607281684875
69cb8bf56b4681853352046a_audio_missing_utopia_1780190061761_transcript,0,"Looking back at the society that I just learned, there",neutral,0.7987964749336243
69cb8bf56b4681853352046a_audio_missing_utopia_1780190061761_transcript,1,were some important approaches that were absent from all of,neutral,0.6391920447349548
69cb8bf56b4681853352046a_audio_missing_utopia_1780190061761_transcript,2,"them. I feel like, to me, a future society that",neutral,0.5449621677398682
69cb8bf56b4681853352046a_audio_missing_utopia_1780190061761_transcript,3,"is to be successful, of course, it should be order.",neutral,0.6423317790031433
69cb8bf56b4681853352046a_audio_missing_utopia_1780190061761_transcript,4,And I also believe that the best form of government,positive,0.815584123134613
69cb8bf56b4681853352046a_audio_missing_utopia_1780190061761_transcript,5,is capitalist as anyone can work and earn more money.,neutral,0.6920102834701538
69cb8bf56b4681853352046a_audio_missing_utopia_1780190061761_transcript,6,"They're for a society where not exactly everyone's equal, but",neutral,0.6372774243354797
69cb8bf56b4681853352046a_audio_missing_utopia_1780190061761_transcript,7,everyone follows the law and everyone is going at their,neutral,0.7872766852378845
69cb8bf56b4681853352046a_audio_missing_utopia_1780190061761_transcript,8,own pace. What I didn't see in any of these,neutral,0.7844337821006775
69cb8bf56b4681853352046a_audio_missing_utopia_1780190061761_transcript,9,"societies is an individual's personal freedom, because I feel like",neutral,0.7912651896476746
69cb8bf56b4681853352046a_audio_missing_utopia_1780190061761_transcript,10,"nowadays society is a lot more diverse and open, but",positive,0.5180495977401733
69cb8bf56b4681853352046a_audio_missing_utopia_1780190061761_transcript,11,I still feel like it lacks in some areas. And,negative,0.8183180093765259
69cb8bf56b4681853352046a_audio_missing_utopia_1780190061761_transcript,12,"therefore, if everyone were to come together and agree to",neutral,0.7034485340118408
69cb8bf56b4681853352046a_audio_missing_utopia_1780190061761_transcript,13,"a certain behavior or like a change, normality, where you're",neutral,0.8867905735969543
69cb8bf56b4681853352046a_audio_missing_utopia_1780190061761_transcript,14,free to express yourself in whichever way you want is,neutral,0.6294094324111938
69cb8bf56b4681853352046a_audio_ranking_explanation_1780189962641_transcript,0,I gave it this ranking because I believe that in,positive,0.6638948917388916
69cb8bf56b4681853352046a_audio_ranking_explanation_1780189962641_transcript,1,"institutional utopia, therefore, a society where the top priority is",neutral,0.62080317735672
69cb8bf56b4681853352046a_audio_ranking_explanation_1780189962641_transcript,2,the role of law should be the most important. As,neutral,0.6234875321388245
69cb8bf56b4681853352046a_audio_ranking_explanation_1780189962641_transcript,3,"of right now, it has always been important to follow",positive,0.7658189535140991
69cb8bf56b4681853352046a_audio_ranking_explanation_1780189962641_transcript,4,the law. And I feel like in order for society,neutral,0.7986983060836792
69cb8bf56b4681853352046a_audio_ranking_explanation_1780189962641_transcript,5,"to be successful and for there to be order, there",positive,0.7159501910209656
69cb8bf56b4681853352046a_audio_ranking_explanation_1780189962641_transcript,6,must be some sort of law and for the people,neutral,0.6868280172348022
69cb8bf56b4681853352046a_audio_ranking_explanation_1780189962641_transcript,7,to follow the laws that there is as for my,neutral,0.8470803499221802
69cb8bf56b4681853352046a_audio_ranking_explanation_1780189962641_transcript,8,least preferred society which is religious utopia i don't believe,negative,0.5467095971107483
69cb8bf56b4681853352046a_audio_ranking_explanation_1780189962641_transcript,9,that religious beliefs or even something that has been written,neutral,0.6146590709686279
69cb8bf56b4681853352046a_audio_ranking_explanation_1780189962641_transcript,10,and changed over the years such as the bible there's,neutral,0.8852605819702148
69cb8bf56b4681853352046a_audio_ranking_explanation_1780189962641_transcript,11,"so many different forms, interpretations of the Bible. I don't",negative,0.5118741989135742
69cb8bf56b4681853352046a_audio_ranking_explanation_1780189962641_transcript,12,think that laws should be made based off of a,neutral,0.6522828936576843
69cb8bf56b4681853352046a_audio_ranking_explanation_1780189962641_transcript,13,book or even a group or a certain society's idea,neutral,0.7535383105278015
69e39e2d7c072270cb7e0b21_audio_missing_utopia_1780184891265_transcript,0,"Um, I guess if there was a way to combine",neutral,0.8767813444137573
69e39e2d7c072270cb7e0b21_audio_missing_utopia_1780184891265_transcript,1,"components or concepts from each future society, like, it'd be",neutral,0.8904256224632263
69e39e2d7c072270cb7e0b21_audio_missing_utopia_1780184891265_transcript,2,"ideal to combine the science and innovation with the green,",positive,0.6981135606765747
69e39e2d7c072270cb7e0b21_audio_missing_utopia_1780184891265_transcript,3,"sustainable future society, just because I feel like those two",neutral,0.5294538140296936
69e39e2d7c072270cb7e0b21_audio_missing_utopia_1780184891265_transcript,4,combined together would make for a really ideal missing utopia.,positive,0.8129856586456299
69e39e2d7c072270cb7e0b21_audio_missing_utopia_1780184891265_transcript,5,That's really the only thing I had in mind. I,neutral,0.6631288528442383
69e39e2d7c072270cb7e0b21_audio_ranking_explanation_1780184833112_transcript,0,yeah so i mean i guess this is based off,neutral,0.9061212539672852
69e39e2d7c072270cb7e0b21_audio_ranking_explanation_1780184833112_transcript,1,of my personal beliefs but i feel like science and,neutral,0.8227514624595642
69e39e2d7c072270cb7e0b21_audio_ranking_explanation_1780184833112_transcript,2,innovation um make the most sense because i just i,positive,0.6013057827949524
69e39e2d7c072270cb7e0b21_audio_ranking_explanation_1780184833112_transcript,3,believe in the scientific method um science can't be really,neutral,0.7379195094108582
69e39e2d7c072270cb7e0b21_audio_ranking_explanation_1780184833112_transcript,4,refuted scientific fact is um i mean science i mean,neutral,0.8547042608261108
69e39e2d7c072270cb7e0b21_audio_ranking_explanation_1780184833112_transcript,5,you can't really yeah refute that with mere opinions um,negative,0.5275381207466125
69e39e2d7c072270cb7e0b21_audio_ranking_explanation_1780184833112_transcript,6,and then seconds uh little second small scale i just,neutral,0.6894167065620422
69e39e2d7c072270cb7e0b21_audio_ranking_explanation_1780184833112_transcript,7,feel like um i feel like it's nice to kind,positive,0.7491074204444885
69e39e2d7c072270cb7e0b21_audio_ranking_explanation_1780184833112_transcript,8,of keep i mean if if we're able to just,neutral,0.8257366418838501
69e39e2d7c072270cb7e0b21_audio_ranking_explanation_1780184833112_transcript,9,try to stay away from technology and just kind of,neutral,0.75556880235672
69e39e2d7c072270cb7e0b21_audio_ranking_explanation_1780184833112_transcript,10,depend on you know sharing resources and you know trusting,neutral,0.6692212224006653
69e39e2d7c072270cb7e0b21_audio_ranking_explanation_1780184833112_transcript,11,each other and then modern green utopia um being sustainable,neutral,0.5910589098930359
69e39e2d7c072270cb7e0b21_audio_ranking_explanation_1780184833112_transcript,12,and secure uh just being smart with our resources um,neutral,0.659598171710968
69e39e2d7c072270cb7e0b21_audio_ranking_explanation_1780184833112_transcript,13,uh and i just think uh i'm not a religious,neutral,0.6684026122093201
69e39e2d7c072270cb7e0b21_audio_ranking_explanation_1780184833112_transcript,14,person so you can see why i rank that last,neutral,0.8166759610176086
69e4126124a34f38d0732741_audio_missing_utopia_1780199236475_transcript,0,so i think the society that i put at the,neutral,0.8269060254096985
69e4126124a34f38d0732741_audio_missing_utopia_1780199236475_transcript,1,top was the one that was um ecological and technologically,neutral,0.7229229807853699
69e4126124a34f38d0732741_audio_missing_utopia_1780199236475_transcript,2,advanced so i do think those are probably important points,positive,0.7226999402046204
69e4126124a34f38d0732741_audio_missing_utopia_1780199236475_transcript,3,of things that i i would want in a society,neutral,0.7617039084434509
69e4126124a34f38d0732741_audio_missing_utopia_1780199236475_transcript,4,um i do think that technological advancements can be very,positive,0.5988646745681763
69e4126124a34f38d0732741_audio_missing_utopia_1780199236475_transcript,5,beneficial to society i i even feel like they they,neutral,0.6078915596008301
69e4126124a34f38d0732741_audio_missing_utopia_1780199236475_transcript,6,could be used right for agriculture and medicine medical advances,positive,0.5647068023681641
69e4126124a34f38d0732741_audio_missing_utopia_1780199236475_transcript,7,which would be very important sectors right for sustaining ourselves,positive,0.6253412961959839
69e4126124a34f38d0732741_audio_missing_utopia_1780199236475_transcript,8,uh food wise and and and combating right like illnesses,neutral,0.7054347395896912
69e4126124a34f38d0732741_audio_missing_utopia_1780199236475_transcript,9,and and things like that so those are two things,neutral,0.8036379814147949
69e4126124a34f38d0732741_audio_missing_utopia_1780199236475_transcript,10,that i do think are important uh it also mentioned,neutral,0.5502722263336182
69e4126124a34f38d0732741_audio_missing_utopia_1780199236475_transcript,11,i think in that society specifically that laws were kind,neutral,0.7023054957389832
69e4126124a34f38d0732741_audio_missing_utopia_1780199236475_transcript,12,of uh i guess co-created with the majority of society,neutral,0.8590572476387024
69e4126124a34f38d0732741_audio_missing_utopia_1780199236475_transcript,13,kind of inputting so it was kind of for the,neutral,0.8882348537445068
69e4126124a34f38d0732741_audio_missing_utopia_1780199236475_transcript,14,common good of everyone interacting there um i think i've,neutral,0.6105809211730957
69e4126124a34f38d0732741_audio_missing_utopia_1780199236475_transcript,15,that's the society that i would mostly align with i,neutral,0.6426339149475098
69e4126124a34f38d0732741_audio_missing_utopia_1780199236475_transcript,16,do however think that there might be a few things,neutral,0.9015117883682251
69e4126124a34f38d0732741_audio_missing_utopia_1780199236475_transcript,17,missing there when we talked about the other society that,neutral,0.6986379623413086
69e4126124a34f38d0732741_audio_missing_utopia_1780199236475_transcript,18,was like you know kind of guiding themselves to do,neutral,0.8671027421951294
69e4126124a34f38d0732741_audio_missing_utopia_1780199236475_transcript,19,what was morally or uh i guess they decided what,neutral,0.8517147302627563
69e4126124a34f38d0732741_audio_missing_utopia_1780199236475_transcript,20,was morally correct or not um and not having any,neutral,0.6476912498474121
69e4126124a34f38d0732741_audio_missing_utopia_1780199236475_transcript,21,laws enforced i guess maybe as like a detail explain,neutral,0.8997913599014282
69e4126124a34f38d0732741_audio_missing_utopia_1780199236475_transcript,22,a little bit further i would probably like you know,neutral,0.8427514433860779
69e4126124a34f38d0732741_audio_missing_utopia_1780199236475_transcript,23,um maybe some sort of um like rehabilitation i think,neutral,0.9209301471710205
69e4126124a34f38d0732741_audio_missing_utopia_1780199236475_transcript,24,rehabilitation spaces for maybe people who who fit outside of,neutral,0.8870388269424438
69e4126124a34f38d0732741_audio_missing_utopia_1780199236475_transcript,25,the norms right for i guess what is like maybe,neutral,0.8816169500350952
69e4126124a34f38d0732741_audio_missing_utopia_1780199236475_transcript,26,people that have difficulty um kind of deciding what is,neutral,0.6135830283164978
69e4126124a34f38d0732741_audio_missing_utopia_1780199236475_transcript,27,morally correct or not right um this might be like,neutral,0.6105743050575256
69e4126124a34f38d0732741_audio_missing_utopia_1780199236475_transcript,28,such a broad example but i was even thinking about,neutral,0.7361289858818054
69e4126124a34f38d0732741_audio_missing_utopia_1780199236475_transcript,29,like um like people that um you know have say,neutral,0.8912030458450317
69e4126124a34f38d0732741_audio_missing_utopia_1780199236475_transcript,30,like um are psychopaths or sociopaths right uh schizophrenic people,negative,0.5746325850486755
69e4126124a34f38d0732741_audio_missing_utopia_1780199236475_transcript,31,um maybe a mention of uh mental health services right,neutral,0.8756783604621887
69e4126124a34f38d0732741_audio_missing_utopia_1780199236475_transcript,32,um rehabilitation because i wouldn't really like gels or that,negative,0.6925604343414307
69e4126124a34f38d0732741_audio_missing_utopia_1780199236475_transcript,33,kind of enforcement as like punishment for not following um,neutral,0.6553524136543274
69e4126124a34f38d0732741_audio_missing_utopia_1780199236475_transcript,34,like the laws or the rules i guess in this,neutral,0.8785624504089355
69e4126124a34f38d0732741_audio_missing_utopia_1780199236475_transcript,35,sense um and what else what else would i mention,neutral,0.8544625043869019
69e4126124a34f38d0732741_audio_missing_utopia_1780199236475_transcript,36,here yes that i i would like there to be,positive,0.5319138765335083
69e4126124a34f38d0732741_audio_missing_utopia_1780199236475_transcript,37,maybe more mention about like food sustainability uh like i,neutral,0.8568766117095947
69e4126124a34f38d0732741_audio_missing_utopia_1780199236475_transcript,38,said um uh i do like that everyone has like,neutral,0.7138277888298035
69e4126124a34f38d0732741_audio_missing_utopia_1780199236475_transcript,39,their basic needs met um maybe like free housing right,neutral,0.8214893341064453
69e4126124a34f38d0732741_audio_missing_utopia_1780199236475_transcript,40,um i did wonder about what kind of jobs were,neutral,0.8518821001052856
69e4126124a34f38d0732741_audio_missing_utopia_1780199236475_transcript,41,sort of how does that work in or how would,neutral,0.8779129981994629
69e4126124a34f38d0732741_audio_missing_utopia_1780199236475_transcript,42,that work i think i would like mention of that,positive,0.499569833278656
69e4126124a34f38d0732741_audio_missing_utopia_1780199236475_transcript,43,so i do think all societies would end up working,neutral,0.8080795407295227
69e4126124a34f38d0732741_audio_missing_utopia_1780199236475_transcript,44,maybe it wouldn't be like a system like a monetary,neutral,0.7018523216247559
69e4126124a34f38d0732741_audio_missing_utopia_1780199236475_transcript,45,system right like like the one we have but it,neutral,0.7903209924697876
69e4126124a34f38d0732741_audio_missing_utopia_1780199236475_transcript,46,would be more more so everybody kind of participating in,neutral,0.6151449680328369
69e4126124a34f38d0732741_audio_missing_utopia_1780199236475_transcript,47,some sort of labor um so things like that um,neutral,0.8585098385810852
69e4126124a34f38d0732741_audio_missing_utopia_1780199236475_transcript,48,other than that i think that's pretty much it so,neutral,0.8058741688728333
69e4126124a34f38d0732741_audio_missing_utopia_1780199236475_transcript,49,i mean like food sustainability rehabilitation um you know medical,neutral,0.838571310043335
69e4126124a34f38d0732741_audio_missing_utopia_1780199236475_transcript,50,advancements as well and and mental health services free housing,neutral,0.6430038809776306
69e4126124a34f38d0732741_audio_missing_utopia_1780199236475_transcript,51,uh free medical care um what else walkable cities so,neutral,0.7712808847427368
69e4126124a34f38d0732741_audio_missing_utopia_1780199236475_transcript,52,no highways probably more if they're if we have advancements,neutral,0.7372995615005493
69e4126124a34f38d0732741_audio_missing_utopia_1780199236475_transcript,53,in technology probably having good uh public transportation so that,neutral,0.568324625492096
69e4126124a34f38d0732741_audio_missing_utopia_1780199236475_transcript,54,people can move around cities um what else just kind,neutral,0.8809786438941956
69e4126124a34f38d0732741_audio_missing_utopia_1780199236475_transcript,55,of finding ways to to renew resources so renewable energy,neutral,0.8131662607192993
69e4126124a34f38d0732741_audio_missing_utopia_1780199236475_transcript,56,probably having using more solar energy uh to power a,neutral,0.887143611907959
69e4126124a34f38d0732741_audio_missing_utopia_1780199236475_transcript,57,lot of these things uh yeah i would want the,neutral,0.6606319546699524
69e4126124a34f38d0732741_audio_missing_utopia_1780199236475_transcript,58,technology to be um as eco-friendly as possible uh what,neutral,0.6993980407714844
69e4126124a34f38d0732741_audio_missing_utopia_1780199236475_transcript,59,else what else uh i'd probably want a society where,neutral,0.7452861070632935
69e4126124a34f38d0732741_audio_missing_utopia_1780199236475_transcript,60,"not everything is for profit it. Especially for big corporations,",neutral,0.5528542995452881
69e4126124a34f38d0732741_audio_missing_utopia_1780199236475_transcript,61,"so nothing like that. Yeah, I think that would kind",neutral,0.7326409816741943
69e4126124a34f38d0732741_audio_ranking_explanation_1780198797604_transcript,0,okay so i put the modern green utopia at the,neutral,0.8345363736152649
69e4126124a34f38d0732741_audio_ranking_explanation_1780198797604_transcript,1,top because it seems like it had a good balance,positive,0.8241819739341736
69e4126124a34f38d0732741_audio_ranking_explanation_1780198797604_transcript,2,to me of caring about the people that were in,neutral,0.7288778424263
69e4126124a34f38d0732741_audio_ranking_explanation_1780198797604_transcript,3,the society so they had just enough to sustain themselves,neutral,0.7535966634750366
69e4126124a34f38d0732741_audio_ranking_explanation_1780198797604_transcript,4,uh i guess feed themselves kind of basic necessities and,neutral,0.8289808630943298
69e4126124a34f38d0732741_audio_ranking_explanation_1780198797604_transcript,5,they were still advancing technologically which i think is important,positive,0.8035629987716675
69e4126124a34f38d0732741_audio_ranking_explanation_1780198797604_transcript,6,um especially for such a big human population that i,neutral,0.6188200116157532
69e4126124a34f38d0732741_audio_ranking_explanation_1780198797604_transcript,7,i guess we have so i don't know i think,neutral,0.8910267353057861
69e4126124a34f38d0732741_audio_ranking_explanation_1780198797604_transcript,8,i i thought that that it had a good balance,neutral,0.6223439574241638
69e4126124a34f38d0732741_audio_ranking_explanation_1780198797604_transcript,9,they were still limiting you know trying to be conscious,neutral,0.6690448522567749
69e4126124a34f38d0732741_audio_ranking_explanation_1780198797604_transcript,10,of the environment which we sit which we should and,neutral,0.8527623414993286
69e4126124a34f38d0732741_audio_ranking_explanation_1780198797604_transcript,11,in these examples um it did state that you know,neutral,0.893501341342926
69e4126124a34f38d0732741_audio_ranking_explanation_1780198797604_transcript,12,resources were limited so i think that is why i,neutral,0.5718425512313843
69e4126124a34f38d0732741_audio_ranking_explanation_1780198797604_transcript,13,put that at the top i also really liked that,positive,0.9639853239059448
69e4126124a34f38d0732741_audio_ranking_explanation_1780198797604_transcript,14,they they had they had rules um or laws but,neutral,0.8660058379173279
69e4126124a34f38d0732741_audio_ranking_explanation_1780198797604_transcript,15,you know they were kind of laws that were like,neutral,0.8320547342300415
69e4126124a34f38d0732741_audio_ranking_explanation_1780198797604_transcript,16,socially and morally adequate for the population like it was,neutral,0.7730149030685425
69e4126124a34f38d0732741_audio_ranking_explanation_1780198797604_transcript,17,it was basically um social laws it wasn't anything that,neutral,0.6332800984382629
69e4126124a34f38d0732741_audio_ranking_explanation_1780198797604_transcript,18,was being imposed into the population so that is why,neutral,0.7051950693130493
69e4126124a34f38d0732741_audio_ranking_explanation_1780198797604_transcript,19,i chose that as my first answer um and then,neutral,0.8471117615699768
69e4126124a34f38d0732741_audio_ranking_explanation_1780198797604_transcript,20,primitive primitivist utopia so i think i chose this one,neutral,0.6845008134841919
69e4126124a34f38d0732741_audio_ranking_explanation_1780198797604_transcript,21,because it it still um was conscious about the environment,neutral,0.8044355511665344
69e4126124a34f38d0732741_audio_ranking_explanation_1780198797604_transcript,22,and the resources available um and because there was still,neutral,0.8358271718025208
69e4126124a34f38d0732741_audio_ranking_explanation_1780198797604_transcript,23,like a communal sort of environment between the people in,neutral,0.8697559833526611
69e4126124a34f38d0732741_audio_ranking_explanation_1780198797604_transcript,24,this society um it might not be you know as,neutral,0.6920377016067505
69e4126124a34f38d0732741_audio_ranking_explanation_1780198797604_transcript,25,technologically advanced um but i think it it would still,neutral,0.8251197338104248
69e4126124a34f38d0732741_audio_ranking_explanation_1780198797604_transcript,26,serve as a I mean as a good social environment,neutral,0.540274441242218
69e4126124a34f38d0732741_audio_ranking_explanation_1780198797604_transcript,27,or community that's still kind of trying to take care,neutral,0.7911773324012756
69e4126124a34f38d0732741_audio_ranking_explanation_1780198797604_transcript,28,of of the people in these communities even even if,neutral,0.6104445457458496
69e4126124a34f38d0732741_audio_ranking_explanation_1780198797604_transcript,29,they are small and I also like they just kind,positive,0.7667657732963562
69e4126124a34f38d0732741_audio_ranking_explanation_1780198797604_transcript,30,of took what what they needed um more commonwealth moral,neutral,0.7577127814292908
69e4126124a34f38d0732741_audio_ranking_explanation_1780198797604_transcript,31,commonwealth sorry i think this was the one um that,neutral,0.7094613909721375
69e4126124a34f38d0732741_audio_ranking_explanation_1780198797604_transcript,32,that talked about um what was it oh people just,neutral,0.6251482963562012
69e4126124a34f38d0732741_audio_ranking_explanation_1780198797604_transcript,33,kind of making decisions about what was morally right or,neutral,0.7078468799591064
69e4126124a34f38d0732741_audio_ranking_explanation_1780198797604_transcript,34,"wrong for them um Um, I mean, I think what",neutral,0.49744316935539246
69e4126124a34f38d0732741_audio_ranking_explanation_1780198797604_transcript,35,I liked about this is that there wasn't any laws,positive,0.8633535504341125
69e4126124a34f38d0732741_audio_ranking_explanation_1780198797604_transcript,36,being imposed into people. Everyone was just kind of deciding,neutral,0.7765455842018127
69e4126124a34f38d0732741_audio_ranking_explanation_1780198797604_transcript,37,"what it is that, that they, that they wanted. So",neutral,0.8364631533622742
69e4126124a34f38d0732741_audio_ranking_explanation_1780198797604_transcript,38,I feel like there is more freedom of choice still,neutral,0.5582298636436462
69e4126124a34f38d0732741_audio_ranking_explanation_1780198797604_transcript,39,in that choice. And I think as I go further,neutral,0.7602575421333313
69e4126124a34f38d0732741_audio_ranking_explanation_1780198797604_transcript,40,"down, I start to think that there's more of it",neutral,0.7873081564903259
69e4126124a34f38d0732741_audio_ranking_explanation_1780198797604_transcript,41,being imposed in one way or another. So it might,neutral,0.7383964657783508
69e4126124a34f38d0732741_audio_ranking_explanation_1780198797604_transcript,42,"not be as free as the modern green utopia, but",neutral,0.7392740845680237
69e4126124a34f38d0732741_audio_ranking_explanation_1780198797604_transcript,43,I still think at least the citizens or the people,neutral,0.7535161972045898
69e4126124a34f38d0732741_audio_ranking_explanation_1780198797604_transcript,44,"that are participating in that society get to decide, right?",neutral,0.7191526889801025
69e4126124a34f38d0732741_audio_ranking_explanation_1780198797604_transcript,45,um and then we have futurist utopia science and innovation,neutral,0.6558587551116943
69e4126124a34f38d0732741_audio_ranking_explanation_1780198797604_transcript,46,i believe this one um they had a lot of,neutral,0.8307836055755615
69e4126124a34f38d0732741_audio_ranking_explanation_1780198797604_transcript,47,technological advances um but there are still kind of uh,neutral,0.8329851031303406
69e4126124a34f38d0732741_audio_ranking_explanation_1780198797604_transcript,48,limited resources so i think i kind of saw it,neutral,0.8968812823295593
69e4126124a34f38d0732741_audio_ranking_explanation_1780198797604_transcript,49,as yes they're advancing technologically but they are going to,neutral,0.651905357837677
69e4126124a34f38d0732741_audio_ranking_explanation_1780198797604_transcript,50,run out of resources so it's it doesn't it didn't,negative,0.7693769931793213
69e4126124a34f38d0732741_audio_ranking_explanation_1780198797604_transcript,51,really seem sustainable religious utopia and you know faith-based order,neutral,0.5617997050285339
69e4126124a34f38d0732741_audio_ranking_explanation_1780198797604_transcript,52,i just i think i have a problem with this,negative,0.7634329795837402
69e4126124a34f38d0732741_audio_ranking_explanation_1780198797604_transcript,53,because i feel like everybody would i don't know if,neutral,0.7429333329200745
69e4126124a34f38d0732741_audio_ranking_explanation_1780198797604_transcript,54,it's again i don't know if it's sustainable if if,negative,0.8299658894538879
69e4126124a34f38d0732741_audio_ranking_explanation_1780198797604_transcript,55,everybody is going to have different thoughts about um what,neutral,0.8518510460853577
69e4126124a34f38d0732741_audio_ranking_explanation_1780198797604_transcript,56,is morally correct or not uh it it doesn't i,negative,0.5826712846755981
69e4126124a34f38d0732741_audio_ranking_explanation_1780198797604_transcript,57,mean there's no mention of like technological advances it does,neutral,0.5379379987716675
69e4126124a34f38d0732741_audio_ranking_explanation_1780198797604_transcript,58,seem maybe like it could be spiritual maybe not like,neutral,0.6861713528633118
69e4126124a34f38d0732741_audio_ranking_explanation_1780198797604_transcript,59,in a religious sense yeah but But I think I,neutral,0.782981276512146
69e4126124a34f38d0732741_audio_ranking_explanation_1780198797604_transcript,60,"would have to have more details, but really just off",neutral,0.8280260562896729
69e4126124a34f38d0732741_audio_ranking_explanation_1780198797604_transcript,61,"the bat, I think it made me think about a",neutral,0.89633709192276
69e4126124a34f38d0732741_audio_ranking_explanation_1780198797604_transcript,62,cult. I think that is as honest as I can,neutral,0.7635676264762878
69e4126124a34f38d0732741_audio_ranking_explanation_1780198797604_transcript,63,be with that answer. An institutional utopia as my sixth,neutral,0.7027901411056519
69e4126124a34f38d0732741_audio_ranking_explanation_1780198797604_transcript,64,place rule of law. again a lot of impositions uh,negative,0.7513980865478516
69e4126124a34f38d0732741_audio_ranking_explanation_1780198797604_transcript,65,with the citizens and not really being able to make,negative,0.5286805629730225
69e4126124a34f38d0732741_audio_ranking_explanation_1780198797604_transcript,66,conscious decisions uh or the majority of people aren't really,neutral,0.6509389281272888
69e4126124a34f38d0732741_audio_ranking_explanation_1780198797604_transcript,67,making conscious decisions about how they want to move forward,neutral,0.8327323794364929
69e4126124a34f38d0732741_audio_ranking_explanation_1780198797604_transcript,68,with society it would just be again being imposed laws,negative,0.5498387813568115
69e4126124a34f38d0732741_audio_ranking_explanation_1780198797604_transcript,69,and then and then also getting punished for them which,negative,0.7923314571380615
69e4126124a34f38d0732741_audio_ranking_explanation_1780198797604_transcript,70,i don't really think helps in the long run to,negative,0.7529206871986389
69e4126124a34f38d0732741_audio_ranking_explanation_1780198797604_transcript,71,try to enforce laws um because then you don't really,negative,0.5265340805053711
69e4126124a34f38d0732741_audio_ranking_explanation_1780198797604_transcript,72,have people acting for the greater good of the society,neutral,0.5809797644615173
69e4126124a34f38d0732741_audio_ranking_explanation_1780198797604_transcript,73,or your community you have people that are kind of,neutral,0.7144563794136047
69e4126124a34f38d0732741_audio_ranking_explanation_1780198797604_transcript,74,just doing what they're told to do um and it,neutral,0.7015570402145386
69e4126124a34f38d0732741_audio_ranking_explanation_1780198797604_transcript,75,kind of leaves space for well if if the laws,neutral,0.7541942596435547
69e4126124a34f38d0732741_audio_ranking_explanation_1780198797604_transcript,76,are created by an institution when they get to decide,neutral,0.8101071119308472
69e4126124a34f38d0732741_audio_ranking_explanation_1780198797604_transcript,77,what laws are what laws are what laws get passed,neutral,0.8541018962860107
69e4126124a34f38d0732741_audio_ranking_explanation_1780198797604_transcript,78,essentially they get a choice in what is lawful and,neutral,0.853760302066803
69e4126124a34f38d0732741_audio_ranking_explanation_1780198797604_transcript,79,unlawful and that gives an institution or these institutions way,negative,0.8089582324028015
69e4126124a34f38d0732741_audio_ranking_explanation_1780198797604_transcript,80,too much power um to control the the majority of,neutral,0.6536659002304077
69e4126124a34f38d0732741_audio_ranking_explanation_1780198797604_transcript,81,the population and then seventh ai-centered utopia i mean i,neutral,0.8504031300544739
69e4126124a34f38d0732741_audio_ranking_explanation_1780198797604_transcript,82,think i chose this one last because we already know,neutral,0.7903692722320557
69e4126124a34f38d0732741_audio_ranking_explanation_1780198797604_transcript,83,that ai uses a lot of water so it uses,neutral,0.8082365393638611
69e4126124a34f38d0732741_audio_ranking_explanation_1780198797604_transcript,84,a lot of resources um so if you say resources,neutral,0.8180521726608276
69e4126124a34f38d0732741_audio_ranking_explanation_1780198797604_transcript,85,are limited right off the bat it's just not probably,neutral,0.7750534415245056
69e4126124a34f38d0732741_audio_ranking_explanation_1780198797604_transcript,86,not a good idea uh and then they're making all,negative,0.8750529885292053
69e4126124a34f38d0732741_audio_ranking_explanation_1780198797604_transcript,87,of the choices and we also know ai can make,neutral,0.8571668863296509
69e4126124a34f38d0732741_audio_ranking_explanation_1780198797604_transcript,88,mistakes right um it did say something about not having,neutral,0.6436276435852051
69e4126124a34f38d0732741_audio_ranking_explanation_1780198797604_transcript,89,like any biases but like who creates these ai systems,negative,0.5965103507041931
69e4126124a34f38d0732741_audio_ranking_explanation_1780198797604_transcript,90,i think they're always going to be filled with bias,negative,0.6993662118911743
69e4126124a34f38d0732741_audio_ranking_explanation_1780198797604_transcript,91,right um depending on who created them and obviously someone,neutral,0.8666978478431702
69e4126124a34f38d0732741_audio_ranking_explanation_1780198797604_transcript,92,someone is is handling them right um and it just,neutral,0.604537308216095
69e4126124a34f38d0732741_audio_ranking_explanation_1780198797604_transcript,93,feels very inhumane to have technology deciding over over how,negative,0.898389995098114
69e4126124a34f38d0732741_audio_ranking_explanation_1780198797604_transcript,94,to manage uh maybe not manage but decisions that mankind,neutral,0.8342785835266113
69e4126124a34f38d0732741_audio_ranking_explanation_1780198797604_transcript,95,humans should should be taking into into their own hands,neutral,0.6591734290122986
69e4255d8aed7c574034e515_audio_missing_utopia_1780190651402_transcript,0,"I think the biggest value that was, well, it was",positive,0.7086319327354431
69e4255d8aed7c574034e515_audio_missing_utopia_1780190651402_transcript,1,represented with the modern green utopia that kind of put,neutral,0.7972365021705627
69e4255d8aed7c574034e515_audio_ranking_explanation_1780190611696_transcript,0,I ranked the top one as modern green because it,positive,0.562484860420227
69e4255d8aed7c574034e515_audio_ranking_explanation_1780190611696_transcript,1,"seems the most reliable in our current social, current social,",positive,0.6199184656143188
69e4255d8aed7c574034e515_audio_ranking_explanation_1780190611696_transcript,2,"whatchamacallit, space. if we keep this world alive, sustainable, and",neutral,0.7371699213981628
69e4255d8aed7c574034e515_audio_ranking_explanation_1780190611696_transcript,3,"we secure those green energy-making stuff, we can continue to",positive,0.6149613857269287
69e4255d8aed7c574034e515_audio_ranking_explanation_1780190611696_transcript,4,thrive as a species on this planet without hurting the,neutral,0.6596022844314575
69e4255d8aed7c574034e515_audio_ranking_explanation_1780190611696_transcript,5,"planet. Whereas with a primitive utopia, it's low-tech, small-scale, it's",neutral,0.5934244990348816
69e4255d8aed7c574034e515_audio_ranking_explanation_1780190611696_transcript,6,"very much like locked to certain areas of the world,",neutral,0.687112033367157
69e4255d8aed7c574034e515_audio_ranking_explanation_1780190611696_transcript,7,especially with the low-tech. like i was thinking going back,neutral,0.6723588705062866
69e4255d8aed7c574034e515_audio_ranking_explanation_1780190611696_transcript,8,to cord phones um rotary phones that's what was kind,neutral,0.8001587986946106
69e4255d8aed7c574034e515_audio_ranking_explanation_1780190611696_transcript,9,of going through my brain with the primitive utopia kind,neutral,0.7315531969070435
69e7959ed48cfd369a5f0da5_audio_missing_utopia_1780154840735_transcript,0,I don't think so. I think obviously my number one,neutral,0.7313876152038574
69e7959ed48cfd369a5f0da5_audio_missing_utopia_1780154840735_transcript,1,"pick would be faith-based, and I think if everybody could",neutral,0.5120896697044373
69e7959ed48cfd369a5f0da5_audio_missing_utopia_1780154840735_transcript,2,accept Jesus and live by the moral code of his,positive,0.6317344307899475
69e7959ed48cfd369a5f0da5_audio_missing_utopia_1780154840735_transcript,3,"teachings, then there wouldn't really be any issues. So I",neutral,0.7144266366958618
69e7959ed48cfd369a5f0da5_audio_ranking_explanation_1780154807039_transcript,0,i think that ultimate morality comes from faith so i,positive,0.5716091394424438
69e7959ed48cfd369a5f0da5_audio_ranking_explanation_1780154807039_transcript,1,think that would be the most important and everybody would,positive,0.6536043286323547
69e7959ed48cfd369a5f0da5_audio_ranking_explanation_1780154807039_transcript,2,have inner convictions to do the right thing in that,neutral,0.6447664499282837
69e7959ed48cfd369a5f0da5_audio_ranking_explanation_1780154807039_transcript,3,order and next would be inner morality which i think,neutral,0.9115336537361145
69e7959ed48cfd369a5f0da5_audio_ranking_explanation_1780154807039_transcript,4,we automatically get from our creator and then rule of,neutral,0.8711096048355103
69e7959ed48cfd369a5f0da5_audio_ranking_explanation_1780154807039_transcript,5,law would just makes sense people follow laws because of,neutral,0.7788470983505249
69e7959ed48cfd369a5f0da5_audio_ranking_explanation_1780154807039_transcript,6,repercussions and then sustainable and secure science small scale those,neutral,0.7433759570121765
69e7959ed48cfd369a5f0da5_audio_ranking_explanation_1780154807039_transcript,7,are kind of interchangeable but data-driven i don't believe in,negative,0.5905670523643494
69e7959ed48cfd369a5f0da5_audio_ranking_explanation_1780154807039_transcript,8,that seems unsustainable and the amount of resources needed to,negative,0.8621041774749756
69e7959ed48cfd369a5f0da5_audio_ranking_explanation_1780154807039_transcript,9,"have ai-centered data-driven governance would be unsustainable to even, I",negative,0.6957994103431702
69e7959ed48cfd369a5f0da5_audio_ranking_explanation_1780154807039_transcript,10,"mean, if the resources are already limited, how are we",negative,0.5347774624824524
69e7b09e471d548512e69bf9_audio_missing_utopia_1780192260023_transcript,0,if anything was missing I feel like if for me,negative,0.4951959252357483
69e7b09e471d548512e69bf9_audio_missing_utopia_1780192260023_transcript,1,the only thing that kind of pops up is like,neutral,0.6273232102394104
69e7b09e471d548512e69bf9_audio_missing_utopia_1780192260023_transcript,2,a society built on like community and just looking out,neutral,0.7238324284553528
69e7b09e471d548512e69bf9_audio_missing_utopia_1780192260023_transcript,3,for each other and what does the community need as,neutral,0.9154399037361145
69e7b09e471d548512e69bf9_audio_missing_utopia_1780192260023_transcript,4,a whole but I also feel in some ways it,neutral,0.7710999846458435
69e7b09e471d548512e69bf9_audio_missing_utopia_1780192260023_transcript,5,just kind of encapsulates um some of the other ranked,neutral,0.8490809202194214
69e7b09e471d548512e69bf9_audio_missing_utopia_1780192260023_transcript,6,societies and I feel like that's where I would go,neutral,0.6488935947418213
69e7b09e471d548512e69bf9_audio_missing_utopia_1780192260023_transcript,7,was kind of like merging some of those societies more,neutral,0.8060858249664307
69e7b09e471d548512e69bf9_audio_missing_utopia_1780192260023_transcript,8,so than like creating a fully new one because as,neutral,0.8544231653213501
69e7b09e471d548512e69bf9_audio_missing_utopia_1780192260023_transcript,9,I mentioned previously just the principles of sustainability um and,neutral,0.8849301934242249
69e7b09e471d548512e69bf9_audio_missing_utopia_1780192260023_transcript,10,innovation are very strong for me but also this idea,positive,0.962998628616333
69e7b09e471d548512e69bf9_audio_missing_utopia_1780192260023_transcript,11,of like community and connection um i think is the,neutral,0.8684103488922119
69e7b09e471d548512e69bf9_audio_missing_utopia_1780192260023_transcript,12,glue and fabric of kind of our species and that,neutral,0.8682637810707092
69e7b09e471d548512e69bf9_audio_missing_utopia_1780192260023_transcript,13,it would just work to encapsulate the best values as,neutral,0.6027047634124756
69e7b09e471d548512e69bf9_audio_missing_utopia_1780192260023_transcript,14,a society um using that connection to better innovate. That's,neutral,0.7395520210266113
69e7b09e471d548512e69bf9_audio_ranking_explanation_1780192091725_transcript,0,um i put the sustainable first mainly because i feel,neutral,0.6718022227287292
69e7b09e471d548512e69bf9_audio_ranking_explanation_1780192091725_transcript,1,like sustainability should be key of a lot of global,neutral,0.5731901526451111
69e7b09e471d548512e69bf9_audio_ranking_explanation_1780192091725_transcript,2,influence that we don't always see if we're not looking,neutral,0.6583483219146729
69e7b09e471d548512e69bf9_audio_ranking_explanation_1780192091725_transcript,3,after the planet how are we planning for the future,neutral,0.8057083487510681
69e7b09e471d548512e69bf9_audio_ranking_explanation_1780192091725_transcript,4,i think the security behind it too it just goes,neutral,0.8081462979316711
69e7b09e471d548512e69bf9_audio_ranking_explanation_1780192091725_transcript,5,to protect the planet ideal uh science and innovation i,neutral,0.6676855683326721
69e7b09e471d548512e69bf9_audio_ranking_explanation_1780192091725_transcript,6,also put up there just because um i believe innovation,positive,0.6104522943496704
69e7b09e471d548512e69bf9_audio_ranking_explanation_1780192091725_transcript,7,is also similar to sustainability constantly needed and needed for,neutral,0.6794019341468811
69e7b09e471d548512e69bf9_audio_ranking_explanation_1780192091725_transcript,8,society to kind of progress in a way intermorality i,neutral,0.8059580326080322
69e7b09e471d548512e69bf9_audio_ranking_explanation_1780192091725_transcript,9,gotta be really for real i kind of forgot um,neutral,0.5926068425178528
69e7b09e471d548512e69bf9_audio_ranking_explanation_1780192091725_transcript,10,some of the description for that one um but it,neutral,0.6094439625740051
69e7b09e471d548512e69bf9_audio_ranking_explanation_1780192091725_transcript,11,just kind of sounded better than some of the other,positive,0.494833767414093
69e7b09e471d548512e69bf9_audio_ranking_explanation_1780192091725_transcript,12,ones on here especially law law i kind of was,neutral,0.7553176283836365
69e7b09e471d548512e69bf9_audio_ranking_explanation_1780192091725_transcript,13,just neutral on a lot because yes it's good to,positive,0.7594087719917297
69e7b09e471d548512e69bf9_audio_ranking_explanation_1780192091725_transcript,14,enforce rules but also if that's the only thing that's,neutral,0.7141252160072327
69e7b09e471d548512e69bf9_audio_ranking_explanation_1780192091725_transcript,15,guiding society it just feels minimal and just not innovative,negative,0.7387778759002686
69e7b09e471d548512e69bf9_audio_ranking_explanation_1780192091725_transcript,16,i think innovation was one of my key just traits,positive,0.7390212416648865
69e7b09e471d548512e69bf9_audio_ranking_explanation_1780192091725_transcript,17,overall with this because i'm good to the primivist utopia,positive,0.5563345551490784
69e7b09e471d548512e69bf9_audio_ranking_explanation_1780192091725_transcript,18,and just low tech and small scale it's fine to,neutral,0.5416375994682312
69e7b09e471d548512e69bf9_audio_ranking_explanation_1780192091725_transcript,19,be okay but i always feel like humanity is searching,negative,0.6808274984359741
69e7b09e471d548512e69bf9_audio_ranking_explanation_1780192091725_transcript,20,for like the next big step and so keeping innovation,neutral,0.5130485892295837
69e7b09e471d548512e69bf9_audio_ranking_explanation_1780192091725_transcript,21,there and sustainability like though we need a little more,neutral,0.7320311069488525
69e7b09e471d548512e69bf9_audio_ranking_explanation_1780192091725_transcript,22,tech than that we need to be looking for the,neutral,0.7434853315353394
69e7b09e471d548512e69bf9_audio_ranking_explanation_1780192091725_transcript,23,next way to make it happen sort of deal ai,neutral,0.8986156582832336
69e7b09e471d548512e69bf9_audio_ranking_explanation_1780192091725_transcript,24,centered utopia i do not want this this is one,negative,0.9327934980392456
69e7b09e471d548512e69bf9_audio_ranking_explanation_1780192091725_transcript,25,of my fears but i couldn't put it above religion,negative,0.5314149260520935
69e7b09e471d548512e69bf9_audio_ranking_explanation_1780192091725_transcript,26,for another reason um ai centered just the idea that,neutral,0.8631567358970642
69e7b09e471d548512e69bf9_audio_ranking_explanation_1780192091725_transcript,27,technology progresses us why it just reduces the ability to,neutral,0.6644806861877441
69e7b09e471d548512e69bf9_audio_ranking_explanation_1780192091725_transcript,28,think and it doesn't uh give us that sort of,negative,0.6489986777305603
69e7b09e471d548512e69bf9_audio_ranking_explanation_1780192091725_transcript,29,freedom of free thinking that was my main reason there,neutral,0.6401060819625854
69e7b09e471d548512e69bf9_audio_ranking_explanation_1780192091725_transcript,30,i feel like i've been talking forever uh the religious,neutral,0.6504795551300049
69e7b09e471d548512e69bf9_audio_ranking_explanation_1780192091725_transcript,31,utopia i just faith-based i'm not a very religious person,neutral,0.6115311980247498
69e7b09e471d548512e69bf9_audio_ranking_explanation_1780192091725_transcript,32,myself and so just the idea that that would be,neutral,0.7795036435127258
69e91fd1a613772e648e565a_audio_missing_utopia_1780153851261_transcript,0,I believe the societies provided covered all that would be,neutral,0.8417544960975647
69e91fd1a613772e648e565a_audio_missing_utopia_1780153851261_transcript,1,"expected, but what I share was missing is a society",negative,0.6083544492721558
69e91fd1a613772e648e565a_audio_missing_utopia_1780153851261_transcript,2,where some futures could be incorporated. Maybe a society that,neutral,0.864342212677002
69e91fd1a613772e648e565a_audio_missing_utopia_1780153851261_transcript,3,"uses the sustainability and technology, or maybe the one that",neutral,0.8230357766151428
69e91fd1a613772e648e565a_audio_missing_utopia_1780153851261_transcript,4,uses the institutional and AI center together. I think the,neutral,0.9075732827186584
69e91fd1a613772e648e565a_audio_ranking_explanation_1780153689923_transcript,0,I believe that a society that is sustainable and safe,positive,0.7074206471443176
69e91fd1a613772e648e565a_audio_ranking_explanation_1780153689923_transcript,1,"will be the best for the society, irrespective of where",positive,0.7311261892318726
69e91fd1a613772e648e565a_audio_ranking_explanation_1780153689923_transcript,2,"the resources will be abundant, good sleep will be good,",positive,0.9695776104927063
69e91fd1a613772e648e565a_audio_ranking_explanation_1780153689923_transcript,3,"people will be healthy so diseases will be less, that",positive,0.601902961730957
69e91fd1a613772e648e565a_audio_ranking_explanation_1780153689923_transcript,4,is a role in which people can live up to.,neutral,0.65776526927948
69e91fd1a613772e648e565a_audio_ranking_explanation_1780153689923_transcript,5,"I chose the second one as for the moral commonwealth,",neutral,0.8604166507720947
69e91fd1a613772e648e565a_audio_ranking_explanation_1780153689923_transcript,6,because I believe people in themselves can find the heart,positive,0.5100973844528198
69e91fd1a613772e648e565a_audio_ranking_explanation_1780153689923_transcript,7,to live with each other harmoniously and govern themselves. Unlike,neutral,0.7808970212936401
69e91fd1a613772e648e565a_audio_ranking_explanation_1780153689923_transcript,8,for the institutional where we have to buy trust to,neutral,0.8573769927024841
69e91fd1a613772e648e565a_audio_ranking_explanation_1780153689923_transcript,9,institutional and a question of trust a licensure to who,neutral,0.8951829075813293
69e91fd1a613772e648e565a_audio_ranking_explanation_1780153689923_transcript,10,governs those institutions the ai the ai one is centuries,neutral,0.8497605919837952
69e91fd1a613772e648e565a_audio_ranking_explanation_1780153689923_transcript,11,have a question of privacy the possibility as who controls,neutral,0.8617478013038635
69e91fd1a613772e648e565a_audio_ranking_explanation_1780153689923_transcript,12,it so that we can be learned for the science,neutral,0.8379603028297424
69e91fd1a613772e648e565a_audio_ranking_explanation_1780153689923_transcript,13,and innovation it will be difficult to have a trust,negative,0.5465829968452454
69e91fd1a613772e648e565a_audio_ranking_explanation_1780153689923_transcript,14,"on AI systems and a whole. And for the primitives,",neutral,0.8704714775085449
69e91fd1a613772e648e565a_audio_ranking_explanation_1780153689923_transcript,15,"primitivist and religious, that's quite difficult because I believe there",neutral,0.5735745429992676
69e91fd1a613772e648e565a_audio_ranking_explanation_1780153689923_transcript,16,would be a lot of bias and a lot of,negative,0.7220296263694763
69efd6b0a093516b899d9ff2_audio_missing_utopia_1780198259961_transcript,0,I feel like the religious one makes the most sense,positive,0.48571449518203735
69efd6b0a093516b899d9ff2_audio_missing_utopia_1780198259961_transcript,1,if everyone was faith-based and if everything revolved around love,positive,0.668212354183197
69efd6b0a093516b899d9ff2_audio_missing_utopia_1780198259961_transcript,2,"because you're being more selfless and loving towards others, everyone",positive,0.8741398453712463
69efd6b0a093516b899d9ff2_audio_missing_utopia_1780198259961_transcript,3,"took care of each other, then there wouldn't be evil",neutral,0.5720447897911072
69efd6b0a093516b899d9ff2_audio_missing_utopia_1780198259961_transcript,4,"in that way, and I don't think anything was really",neutral,0.5224639773368835
69efd6b0a093516b899d9ff2_audio_missing_utopia_1780198259961_transcript,5,"missing from that, so maybe a combination of some of",neutral,0.8470290303230286
69efd6b0a093516b899d9ff2_audio_missing_utopia_1780198259961_transcript,6,those and take out all the negatives of the rest.,neutral,0.7201195359230042
69efd6b0a093516b899d9ff2_audio_ranking_explanation_1780198217925_transcript,0,i picked the religious utopia because it's face-based order everyone,neutral,0.5560988187789917
69efd6b0a093516b899d9ff2_audio_ranking_explanation_1780198217925_transcript,1,would be treating each other with love versus the ai-centered,neutral,0.6593332290649414
69efd6b0a093516b899d9ff2_audio_ranking_explanation_1780198217925_transcript,2,one um we would rely on ai and updating those,neutral,0.8852204084396362
69efd6b0a093516b899d9ff2_audio_ranking_explanation_1780198217925_transcript,3,servers updating maintaining servers and no one people cannot maintain,neutral,0.6248123049736023
69efd6b0a093516b899d9ff2_audio_ranking_explanation_1780198217925_transcript,4,it because it's too complex the versus the science innovation,neutral,0.6195908188819885
69efd6b0a093516b899d9ff2_audio_ranking_explanation_1780198217925_transcript,5,"would be a little bit better inner morality, everyone be,",positive,0.7062409520149231
69efd6b0a093516b899d9ff2_audio_ranking_explanation_1780198217925_transcript,6,"you know, be more selfless in that way. Everyone's maintaining",neutral,0.5577072501182556
69efd6b0a093516b899d9ff2_audio_ranking_explanation_1780198217925_transcript,7,themselves. The rule of law is not ideal because government,negative,0.792935848236084
69efd6b0a093516b899d9ff2_audio_ranking_explanation_1780198217925_transcript,8,be running everything. So the baby one's secure would be,neutral,0.7582768797874451
69efd6b0a093516b899d9ff2_audio_ranking_explanation_1780198217925_transcript,9,pretty good for the world. But the low tech and,positive,0.6880598068237305
69efd6b0a093516b899d9ff2_audio_ranking_explanation_1780198217925_transcript,10,small scale will be kind of like going back to,neutral,0.7864612340927124
69f45c14285f90281ed9122f_audio_missing_utopia_1780171289731_transcript,0,honestly i don't really think any values or approaches were,negative,0.7397106885910034
69f45c14285f90281ed9122f_audio_missing_utopia_1780171289731_transcript,1,missing um my perfect would mostly involve around the first,negative,0.4970601499080658
69f45c14285f90281ed9122f_audio_missing_utopia_1780171289731_transcript,2,one um i feel like a lot of the issues,negative,0.6067242622375488
69f45c14285f90281ed9122f_audio_missing_utopia_1780171289731_transcript,3,today it's just that everybody has a different opinion but,neutral,0.6603614091873169
69f45c14285f90281ed9122f_audio_missing_utopia_1780171289731_transcript,4,you can't voice your opinion without getting ridiculed or in,negative,0.789172351360321
69f45c14285f90281ed9122f_audio_missing_utopia_1780171289731_transcript,5,trouble for it or canceled for it. And I feel,negative,0.7757489085197449
69f45c14285f90281ed9122f_audio_missing_utopia_1780171289731_transcript,6,"like if it's more of a commonwealth situation as presented,",neutral,0.8676214814186096
69f45c14285f90281ed9122f_audio_missing_utopia_1780171289731_transcript,7,I feel like it would work better because everybody would,positive,0.7059235572814941
69f45c14285f90281ed9122f_audio_missing_utopia_1780171289731_transcript,8,be working together and it would be more of a,neutral,0.640586793422699
69f45c14285f90281ed9122f_audio_missing_utopia_1780171289731_transcript,9,community and not so much as division of different types,neutral,0.7898633480072021
69f45c14285f90281ed9122f_audio_ranking_explanation_1780171225250_transcript,0,okay so i ranked this the way i did because,neutral,0.8299446105957031
69f45c14285f90281ed9122f_audio_ranking_explanation_1780171225250_transcript,1,i feel like the first one would be the best,positive,0.9577341675758362
69f45c14285f90281ed9122f_audio_ranking_explanation_1780171225250_transcript,2,type for a society the only issue i feel like,negative,0.6159659624099731
69f45c14285f90281ed9122f_audio_ranking_explanation_1780171225250_transcript,3,a lot of people have different definitions of morality so,neutral,0.682460367679596
69f45c14285f90281ed9122f_audio_ranking_explanation_1780171225250_transcript,4,i feel like getting everyone to agree or have a,neutral,0.8298236727714539
69f45c14285f90281ed9122f_audio_ranking_explanation_1780171225250_transcript,5,common sense of it would be very very hard to,negative,0.7569566369056702
69f45c14285f90281ed9122f_audio_ranking_explanation_1780171225250_transcript,6,get under control but if in this future society that,neutral,0.7544581890106201
69f45c14285f90281ed9122f_audio_ranking_explanation_1780171225250_transcript,7,could happen then that would be great because I feel,positive,0.9839898347854614
69f45c14285f90281ed9122f_audio_ranking_explanation_1780171225250_transcript,8,like there would be a community and people who share,neutral,0.6932106614112854
69f45c14285f90281ed9122f_audio_ranking_explanation_1780171225250_transcript,9,ideals and it would be great but it wouldn't be,positive,0.41271770000457764
69f45c14285f90281ed9122f_audio_ranking_explanation_1780171225250_transcript,10,so crazy I feel like that would be great um,positive,0.8404026627540588
69f45c14285f90281ed9122f_audio_ranking_explanation_1780171225250_transcript,11,the primitive one I really really liked because I feel,positive,0.9580691456794739
69f45c14285f90281ed9122f_audio_ranking_explanation_1780171225250_transcript,12,like you know if you're starting out like that like,neutral,0.8703598380088806
69f45c14285f90281ed9122f_audio_ranking_explanation_1780171225250_transcript,13,with all the characteristics it was I felt like it,neutral,0.6825843453407288
69f45c14285f90281ed9122f_audio_ranking_explanation_1780171225250_transcript,14,would be really really cool and could fix things and,positive,0.9082947373390198
69f45c14285f90281ed9122f_audio_ranking_explanation_1780171225250_transcript,15,then as a religious person I think the religious one,neutral,0.8273417353630066
69f45c14285f90281ed9122f_audio_ranking_explanation_1780171225250_transcript,16,was cool so that was my third one um and,positive,0.8451856374740601
69f45c14285f90281ed9122f_audio_ranking_explanation_1780171225250_transcript,17,then going down from there um the rule of law,neutral,0.8621089458465576
69f45c14285f90281ed9122f_audio_ranking_explanation_1780171225250_transcript,18,one was very interesting and I feel like a very,positive,0.9770013689994812
69f45c14285f90281ed9122f_audio_ranking_explanation_1780171225250_transcript,19,I really do have a great feeling of need for,positive,0.9273098111152649
69f45c14285f90281ed9122f_audio_ranking_explanation_1780171225250_transcript,20,justice so like I feel like that would be fine,positive,0.5060879588127136
69f45c14285f90281ed9122f_audio_ranking_explanation_1780171225250_transcript,21,but then when you go down it honestly all depends,neutral,0.8439145684242249
69f45c14285f90281ed9122f_audio_ranking_explanation_1780171225250_transcript,22,like with the science and innovation it depends on how,neutral,0.7862251996994019
69f45c14285f90281ed9122f_audio_ranking_explanation_1780171225250_transcript,23,scientifically rule bound it is like i agree with science,positive,0.5453417301177979
69f45c14285f90281ed9122f_audio_ranking_explanation_1780171225250_transcript,24,and feel like we need science but yet if it,neutral,0.6224035620689392
69f45c14285f90281ed9122f_audio_ranking_explanation_1780171225250_transcript,25,becomes science is the only way as in like you,neutral,0.7627764344215393
69f45c14285f90281ed9122f_audio_ranking_explanation_1780171225250_transcript,26,know you can't be religious or anything like that then,neutral,0.5414968132972717
69f45c14285f90281ed9122f_audio_ranking_explanation_1780171225250_transcript,27,i'd have a problem with it um the ai i,neutral,0.49184176325798035
69f45c14285f90281ed9122f_audio_ranking_explanation_1780171225250_transcript,28,like but you know i don't want ai to kind,negative,0.6887170076370239
69f45c14285f90281ed9122f_audio_ranking_explanation_1780171225250_transcript,29,of take over the humanity of it so that's why,neutral,0.6660411953926086
69f45c14285f90281ed9122f_audio_ranking_explanation_1780171225250_transcript,30,that's lower and then the modern green is at the,neutral,0.8476716876029968
69f45c14285f90281ed9122f_audio_ranking_explanation_1780171225250_transcript,31,"bottom because I feel a need to protect the environment,",neutral,0.6881506443023682
69f45c14285f90281ed9122f_audio_ranking_explanation_1780171225250_transcript,32,but not so much as to make it a part,neutral,0.7277463674545288
69f45c14285f90281ed9122f_audio_ranking_explanation_1780171225250_transcript,33,of the government or systems as a whole. So I,neutral,0.7874823212623596
69f45c14285f90281ed9122f_audio_ranking_explanation_1780171225250_transcript,34,don't feel like that's needed. So that would be at,neutral,0.5109889507293701
69f45c14285f90281ed9122f_audio_ranking_explanation_1780171225250_transcript,35,my bottom just because it's something that I don't think,neutral,0.5410962700843811
69f663add8c27375de2ae11c_audio_missing_utopia_1780193742984_transcript,0,I can't think of another utopia that is significantly different,negative,0.5730553269386292
69f663add8c27375de2ae11c_audio_missing_utopia_1780193742984_transcript,1,from those seven of them. I can come up with,neutral,0.8643892407417297
69f663add8c27375de2ae11c_audio_missing_utopia_1780193742984_transcript,2,"a thousand of dystopia, but not really a utopia, but",negative,0.49953800439834595
69f663add8c27375de2ae11c_audio_missing_utopia_1780193742984_transcript,3,"I think those seven societies are just being too extreme,",negative,0.7166125178337097
69f663add8c27375de2ae11c_audio_missing_utopia_1780193742984_transcript,4,"you know, leaning on one side. i i think mix",neutral,0.8801844120025635
69f663add8c27375de2ae11c_audio_missing_utopia_1780193742984_transcript,5,of them could really be a you know uh utopia,positive,0.48662301898002625
69f663add8c27375de2ae11c_audio_missing_utopia_1780193742984_transcript,6,where people base their you know decision on the the,neutral,0.6327965259552002
69f663add8c27375de2ae11c_audio_missing_utopia_1780193742984_transcript,7,system based on data and evidence and focus on science,neutral,0.772430956363678
69f663add8c27375de2ae11c_audio_missing_utopia_1780193742984_transcript,8,and technology for the development for the optimization to reduce,neutral,0.7844529747962952
69f663add8c27375de2ae11c_audio_missing_utopia_1780193742984_transcript,9,the the all those unnecessary part to make people's life,negative,0.735390305519104
69f663add8c27375de2ae11c_audio_missing_utopia_1780193742984_transcript,10,better at the same time we have faith and we,positive,0.9121184945106506
69f663add8c27375de2ae11c_audio_missing_utopia_1780193742984_transcript,11,have morality risen while also keeping a minimal amount of,neutral,0.7219145894050598
69f663add8c27375de2ae11c_audio_missing_utopia_1780193742984_transcript,12,law for a very visible tangible guidance um and also,neutral,0.7809025049209595
69f663add8c27375de2ae11c_audio_missing_utopia_1780193742984_transcript,13,for some of the people who don't have um at,neutral,0.7329829931259155
69f663add8c27375de2ae11c_audio_missing_utopia_1780193742984_transcript,14,the same time caring for the the environment uh i,neutral,0.7495532035827637
69f663add8c27375de2ae11c_audio_missing_utopia_1780193742984_transcript,15,think the having all those parts taking the the good,neutral,0.5037011504173279
69f663add8c27375de2ae11c_audio_missing_utopia_1780193742984_transcript,16,parts from each of the society that would be the,neutral,0.8663341403007507
69f663add8c27375de2ae11c_audio_ranking_explanation_1780193399724_transcript,0,"The first I chose was Futurist Utopia, as it sounds",neutral,0.7903533577919006
69f663add8c27375de2ae11c_audio_ranking_explanation_1780193399724_transcript,1,"evidence-based, science and innovation, technology advancement. It sounds like a",positive,0.8127463459968567
69f663add8c27375de2ae11c_audio_ranking_explanation_1780193399724_transcript,2,"society where people, it's an art of civilization, the science",neutral,0.7994368672370911
69f663add8c27375de2ae11c_audio_ranking_explanation_1780193399724_transcript,3,and innovation. just keep putting it forward to optimize things,positive,0.6958008408546448
69f663add8c27375de2ae11c_audio_ranking_explanation_1780193399724_transcript,4,for the new things for the advancement for a to,positive,0.5371349453926086
69f663add8c27375de2ae11c_audio_ranking_explanation_1780193399724_transcript,5,to optimize the society and I think I'm memory set,neutral,0.7697415947914124
69f663add8c27375de2ae11c_audio_ranking_explanation_1780193399724_transcript,6,to keep everyone in a good shape in a structure,positive,0.5961509346961975
69f663add8c27375de2ae11c_audio_ranking_explanation_1780193399724_transcript,7,for everyone's well-being so I i think that is a,neutral,0.5871865153312683
69f663add8c27375de2ae11c_audio_ranking_explanation_1780193399724_transcript,8,very um ideal and pretty objective standard to pursue um,positive,0.6023154258728027
69f663add8c27375de2ae11c_audio_ranking_explanation_1780193399724_transcript,9,the second one was religious um that only applies to,neutral,0.8451547622680664
69f663add8c27375de2ae11c_audio_ranking_explanation_1780193399724_transcript,10,christianity i would say as as a christian myself because,neutral,0.8345556855201721
69f663add8c27375de2ae11c_audio_ranking_explanation_1780193399724_transcript,11,that all already has a set of rules written very,neutral,0.6728187203407288
69f663add8c27375de2ae11c_audio_ranking_explanation_1780193399724_transcript,12,clear not a subject to change at all So it's,negative,0.4844244122505188
69f663add8c27375de2ae11c_audio_ranking_explanation_1780193399724_transcript,13,not like one human being can try to dictate this,negative,0.537641704082489
69f663add8c27375de2ae11c_audio_ranking_explanation_1780193399724_transcript,14,"and that, rewrite the scripture. It's already been there for",neutral,0.5036612749099731
69f663add8c27375de2ae11c_audio_ranking_explanation_1780193399724_transcript,15,"thousands of years. So a very strict, objective set of",neutral,0.8286678791046143
69f663add8c27375de2ae11c_audio_ranking_explanation_1780193399724_transcript,16,rules that can govern people. And if everyone follows all,neutral,0.8228824734687805
69f663add8c27375de2ae11c_audio_ranking_explanation_1780193399724_transcript,17,"the moral values and the laws within the Christian scripture,",neutral,0.8971105217933655
69f663add8c27375de2ae11c_audio_ranking_explanation_1780193399724_transcript,18,I don't think any problem will arise. and that is,neutral,0.5379008054733276
69f663add8c27375de2ae11c_audio_ranking_explanation_1780193399724_transcript,19,what as a creation um people expect you know after,neutral,0.8896885514259338
69f663add8c27375de2ae11c_audio_ranking_explanation_1780193399724_transcript,20,that or the future world basically um the third one,neutral,0.8673738837242126
69f663add8c27375de2ae11c_audio_ranking_explanation_1780193399724_transcript,21,was institutional utopia that's basically the world right now i'll,neutral,0.7076430916786194
69f663add8c27375de2ae11c_audio_ranking_explanation_1780193399724_transcript,22,say except that laws might be a stronger priority. Not,neutral,0.654773473739624
69f663add8c27375de2ae11c_audio_ranking_explanation_1780193399724_transcript,23,all people are good so having a written out a,positive,0.8436537384986877
69f663add8c27375de2ae11c_audio_ranking_explanation_1780193399724_transcript,24,set of law to govern people i think that that,neutral,0.7664675712585449
69f663add8c27375de2ae11c_audio_ranking_explanation_1780193399724_transcript,25,is a very good practice for the consistency for the,positive,0.8898744583129883
69f663add8c27375de2ae11c_audio_ranking_explanation_1780193399724_transcript,26,quality integrity um to minimize the chaos basically um the,neutral,0.7021543383598328
69f663add8c27375de2ae11c_audio_ranking_explanation_1780193399724_transcript,27,next is moral commonwealth i mean if i can assume,neutral,0.8457090258598328
69f663add8c27375de2ae11c_audio_ranking_explanation_1780193399724_transcript,28,everyone is effing out of their moral values and if,negative,0.9068089127540588
69f663add8c27375de2ae11c_audio_ranking_explanation_1780193399724_transcript,29,everyone has a a pretty good ethics that would be,positive,0.8148037195205688
69f663add8c27375de2ae11c_audio_ranking_explanation_1780193399724_transcript,30,a number one i mean nobody needs a regulations laws,neutral,0.6850779056549072
69f663add8c27375de2ae11c_audio_ranking_explanation_1780193399724_transcript,31,penalties everyone will just act in good faith everyone will,positive,0.48735591769218445
69f663add8c27375de2ae11c_audio_ranking_explanation_1780193399724_transcript,32,care for another that sounds like a utopia but the,neutral,0.5587741732597351
69f663add8c27375de2ae11c_audio_ranking_explanation_1780193399724_transcript,33,problem is it sounds too much like utopia um not,negative,0.7380678057670593
69f663add8c27375de2ae11c_audio_ranking_explanation_1780193399724_transcript,34,like i said again not everyone is good inherently and,neutral,0.5189760327339172
69f663add8c27375de2ae11c_audio_ranking_explanation_1780193399724_transcript,35,um moral commonwealth without laws that could lead to um,neutral,0.6969865560531616
69f663add8c27375de2ae11c_audio_ranking_explanation_1780193399724_transcript,36,a a disaster like a i'm pretty sure it will,negative,0.870593786239624
69f663add8c27375de2ae11c_audio_ranking_explanation_1780193399724_transcript,37,"be a cacophony The next is modern green utopia, sustainability.",neutral,0.6615117788314819
69f663add8c27375de2ae11c_audio_ranking_explanation_1780193399724_transcript,38,"Everyone talked about it. It's important. Yes, we have to",positive,0.6513186693191528
69f663add8c27375de2ae11c_audio_ranking_explanation_1780193399724_transcript,39,preserve the nature. It's essential for human civilization and our,neutral,0.5328047275543213
69f663add8c27375de2ae11c_audio_ranking_explanation_1780193399724_transcript,40,life and our successors. yes but it just sounds not,negative,0.6251101493835449
69f663add8c27375de2ae11c_audio_ranking_explanation_1780193399724_transcript,41,so much attractive compared to other utopias discussed above um,positive,0.7159571051597595
69f663add8c27375de2ae11c_audio_ranking_explanation_1780193399724_transcript,42,the sixth was ai center utopia or the ai driven,neutral,0.9150822162628174
69f663add8c27375de2ae11c_audio_ranking_explanation_1780193399724_transcript,43,result i mean the entire system could work in a,neutral,0.7291060090065002
69f663add8c27375de2ae11c_audio_ranking_explanation_1780193399724_transcript,44,in a mechanically optimized way but there is simply no,negative,0.6704449653625488
69f663add8c27375de2ae11c_audio_ranking_explanation_1780193399724_transcript,45,human in it and like people don't always follow the,neutral,0.5124974846839905
69f663add8c27375de2ae11c_audio_ranking_explanation_1780193399724_transcript,46,data I mean there people have hearts people have emotions,neutral,0.8819364905357361
69f663add8c27375de2ae11c_audio_ranking_explanation_1780193399724_transcript,47,sometimes that it's why you know made people and that's,neutral,0.7512732744216919
69f663add8c27375de2ae11c_audio_ranking_explanation_1780193399724_transcript,48,what made changes less that's why has driven sometimes innovations,neutral,0.7404106259346008
69f663add8c27375de2ae11c_audio_ranking_explanation_1780193399724_transcript,49,and or improve the quality of the society like the,neutral,0.7240779399871826
69f663add8c27375de2ae11c_audio_ranking_explanation_1780193399724_transcript,50,human it is it looks like it's very inefficient ineffective,negative,0.9098187685012817
69f663add8c27375de2ae11c_audio_ranking_explanation_1780193399724_transcript,51,crazy decision against the social norm and all those you,negative,0.6881986260414124
69f663add8c27375de2ae11c_audio_ranking_explanation_1780193399724_transcript,52,know like the the better good but sometimes those kind,positive,0.5001233220100403
69f663add8c27375de2ae11c_audio_ranking_explanation_1780193399724_transcript,53,of decision and no from nowadays standard a great choice,positive,0.6828756332397461
69f663add8c27375de2ae11c_audio_ranking_explanation_1780193399724_transcript,54,where machines wait you know rational thinking cannot achieve and,negative,0.7265443205833435
69f663add8c27375de2ae11c_audio_ranking_explanation_1780193399724_transcript,55,uh well simply ai center to utopia just sounds like,neutral,0.7253082394599915
69f663add8c27375de2ae11c_audio_ranking_explanation_1780193399724_transcript,56,one i would see in the movie matrix it's undesirable,negative,0.7833366990089417
69f663add8c27375de2ae11c_audio_ranking_explanation_1780193399724_transcript,57,highly um the last is primitive utopia i don't really,neutral,0.6619862914085388
69f663add8c27375de2ae11c_audio_ranking_explanation_1780193399724_transcript,58,know what to say about this it's it's just saying,neutral,0.6080232858657837
69f663add8c27375de2ae11c_audio_ranking_explanation_1780193399724_transcript,59,that hey let's all go to mountains right now and,neutral,0.5593161582946777
69f663add8c27375de2ae11c_audio_ranking_explanation_1780193399724_transcript,60,forget about the society and civilization and work like those,neutral,0.5063390135765076
69f663add8c27375de2ae11c_audio_ranking_explanation_1780193399724_transcript,61,ancient people i mean i i don't see the point,negative,0.5227900147438049
69f663add8c27375de2ae11c_audio_ranking_explanation_1780193399724_transcript,62,of doing that i mean if it sounds like the,neutral,0.729304850101471
69f663add8c27375de2ae11c_audio_ranking_explanation_1780193399724_transcript,63,the society after a nuclear war and when the entire,neutral,0.5384020209312439
69f663add8c27375de2ae11c_audio_ranking_explanation_1780193399724_transcript,64,civilization is into ashes just how it sounds like to,negative,0.7961413860321045
69f67debc343491ee99f43ef_audio_missing_utopia_1780182723211_transcript,0,I think that the green utopia meets the vast majority,positive,0.5835450291633606
69f67debc343491ee99f43ef_audio_missing_utopia_1780182723211_transcript,1,"of requirements, in my opinion, to legitimately be a utopia.",neutral,0.7310612201690674
69f67debc343491ee99f43ef_audio_missing_utopia_1780182723211_transcript,2,I do think that there needs to be a balance,neutral,0.7738088369369507
69f67debc343491ee99f43ef_audio_missing_utopia_1780182723211_transcript,3,between preserving nature and preserving technological progress in the world.,neutral,0.7430956959724426
69f67debc343491ee99f43ef_audio_missing_utopia_1780182723211_transcript,4,Especially since there's pros and cons to everything. And sometimes,neutral,0.672494649887085
69f67debc343491ee99f43ef_audio_missing_utopia_1780182723211_transcript,5,a con is unfortunately necessary for the society to be,negative,0.5517753958702087
69f67debc343491ee99f43ef_audio_missing_utopia_1780182723211_transcript,6,okay. There also wasn't any mention of continued education. A,neutral,0.6752951741218567
69f67debc343491ee99f43ef_audio_missing_utopia_1780182723211_transcript,7,lot of people think that in utopias that means that,neutral,0.6751375794410706
69f67debc343491ee99f43ef_audio_missing_utopia_1780182723211_transcript,8,"there isn't any need to work or to be educated,",negative,0.5694112181663513
69f67debc343491ee99f43ef_audio_missing_utopia_1780182723211_transcript,9,"that it's just kumbaya, but a functioning society is when",neutral,0.6929816603660583
69f67debc343491ee99f43ef_audio_missing_utopia_1780182723211_transcript,10,"people have purpose, when they have education, and that could",positive,0.5441733002662659
69f67debc343491ee99f43ef_audio_missing_utopia_1780182723211_transcript,11,"be a job, a trade, a hobby, really anything. I'd",neutral,0.5056568384170532
69f67debc343491ee99f43ef_audio_missing_utopia_1780182723211_transcript,12,be interested in what style of family planning this utopia,neutral,0.7919878959655762
69f67debc343491ee99f43ef_audio_missing_utopia_1780182723211_transcript,13,"considers to be okay, because you've got people that want",positive,0.6563497185707092
69f67debc343491ee99f43ef_audio_missing_utopia_1780182723211_transcript,14,to have a numerous amount of children and others that,neutral,0.8662949800491333
69f67debc343491ee99f43ef_audio_missing_utopia_1780182723211_transcript,15,"don't, would that be okay in the grand scheme of",neutral,0.6616017818450928
69f67debc343491ee99f43ef_audio_ranking_explanation_1780182525792_transcript,0,I ranked the modern green utopia as my most preferred,positive,0.7919459939002991
69f67debc343491ee99f43ef_audio_ranking_explanation_1780182525792_transcript,1,and the religious utopia as my least preferred. The reason,negative,0.812766432762146
69f67debc343491ee99f43ef_audio_ranking_explanation_1780182525792_transcript,2,"for this is because in a religious utopia, man can",neutral,0.7097310423851013
69f67debc343491ee99f43ef_audio_ranking_explanation_1780182525792_transcript,3,manipulate the doctrine and the beliefs and the moral codes,neutral,0.8388926982879639
69f67debc343491ee99f43ef_audio_ranking_explanation_1780182525792_transcript,4,that they decide to follow. So the risk with that,neutral,0.8162673115730286
69f67debc343491ee99f43ef_audio_ranking_explanation_1780182525792_transcript,5,is it ends up ultimately becoming morally flawed where the,negative,0.785990834236145
69f67debc343491ee99f43ef_audio_ranking_explanation_1780182525792_transcript,6,leader is creating the rules to benefit themselves rather than,neutral,0.5807851552963257
69f67debc343491ee99f43ef_audio_ranking_explanation_1780182525792_transcript,7,to benefit the collective in a green utopia there's technology,positive,0.7019303441047668
69f67debc343491ee99f43ef_audio_ranking_explanation_1780182525792_transcript,8,science all of that is included in the analysis of,neutral,0.8434818387031555
69f67debc343491ee99f43ef_audio_ranking_explanation_1780182525792_transcript,9,how to make the world better for the people that,positive,0.5504719614982605
69f67debc343491ee99f43ef_audio_ranking_explanation_1780182525792_transcript,10,"live in it. Um, it'll be a lot more, um,",neutral,0.5229304432868958
69f67debc343491ee99f43ef_audio_ranking_explanation_1780182525792_transcript,11,pluralistic rather than individualist. And then green utopias will be,neutral,0.7204945683479309
69f67debc343491ee99f43ef_audio_ranking_explanation_1780182525792_transcript,12,more adaptable than a religious one. Adaptable to continuing environmental,neutral,0.7790444493293762
69f67debc343491ee99f43ef_audio_ranking_explanation_1780182525792_transcript,13,"changes. especially since there had already been, in this scenario,",neutral,0.855302631855011
69fce5f3543a5fb23a96fd38_audio_missing_utopia_1780169406603_transcript,0,"So looking at the societies that I listed, I feel",neutral,0.8240840435028076
69fce5f3543a5fb23a96fd38_audio_missing_utopia_1780169406603_transcript,1,that a collaborative human-centric society is missing. While the others,neutral,0.4930439293384552
69fce5f3543a5fb23a96fd38_audio_missing_utopia_1780169406603_transcript,2,"prioritize either technology, nature, or rigid institutional roles, this missing",neutral,0.6711534261703491
69fce5f3543a5fb23a96fd38_audio_missing_utopia_1780169406603_transcript,3,vision would focus on more of a co-evolution of human,neutral,0.8507596850395203
69fce5f3543a5fb23a96fd38_audio_missing_utopia_1780169406603_transcript,4,"creativity and, pardon me, augmented support. what really would matter",neutral,0.6177431344985962
69fce5f3543a5fb23a96fd38_audio_missing_utopia_1780169406603_transcript,5,most in a society like this is balance where technology,neutral,0.7662575840950012
69fce5f3543a5fb23a96fd38_audio_missing_utopia_1780169406603_transcript,6,acts as an invisible non-intrusive foundation automating menial tasks and,neutral,0.830939531326294
69fce5f3543a5fb23a96fd38_audio_missing_utopia_1780169406603_transcript,7,optimizing resource distribution to allow humans to dedicate themselves entirely,neutral,0.7459713220596313
69fce5f3543a5fb23a96fd38_audio_missing_utopia_1780169406603_transcript,8,to artistic or interpersonal or philosophical pursuits it's not just,neutral,0.7999709844589233
69fce5f3543a5fb23a96fd38_audio_missing_utopia_1780169406603_transcript,9,about data-driven governance or institutional order it's about Not a,neutral,0.6009486317634583
69fce5f3543a5fb23a96fd38_audio_missing_utopia_1780169406603_transcript,10,society where the primary metric of success is the expansion,neutral,0.5241694450378418
69fce5f3543a5fb23a96fd38_audio_missing_utopia_1780169406603_transcript,11,"of human potential and the depth of community connection, facilitated",positive,0.5329952239990234
69fce5f3543a5fb23a96fd38_audio_missing_utopia_1780169406603_transcript,12,by a technology rather than governed by it. It moves,neutral,0.8404446840286255
69fce5f3543a5fb23a96fd38_audio_missing_utopia_1780169406603_transcript,13,away from the rule of law or faith-based order toward,neutral,0.7646254301071167
69fce5f3543a5fb23a96fd38_audio_ranking_explanation_1780169282539_transcript,0,I ranked these based on a preference for systems that,neutral,0.8618970513343811
69fce5f3543a5fb23a96fd38_audio_ranking_explanation_1780169282539_transcript,1,"prioritize human well-being, sustainable progress, and individual autonomy. I placed",positive,0.5778909921646118
69fce5f3543a5fb23a96fd38_audio_ranking_explanation_1780169282539_transcript,2,the moral commonwealth and modern green utopia at the top,positive,0.5557372570037842
69fce5f3543a5fb23a96fd38_audio_ranking_explanation_1780169282539_transcript,3,"because they emphasize internal ethics and long-term sustainability, which I",positive,0.6398633122444153
69fce5f3543a5fb23a96fd38_audio_ranking_explanation_1780169282539_transcript,4,believe are the most critical foundations for a thriving society.,positive,0.7310575246810913
69fce5f3543a5fb23a96fd38_audio_ranking_explanation_1780169282539_transcript,5,um conversely i ranked religious utopia lower because i favor,negative,0.5564936399459839
69fce5f3543a5fb23a96fd38_audio_ranking_explanation_1780169282539_transcript,6,governance models that rely on secular data-driven or pluralistic frameworks,neutral,0.8459720611572266
69fce5f3543a5fb23a96fd38_audio_ranking_explanation_1780169282539_transcript,7,rather than faith-based mandates which i feel can limit individual,neutral,0.5833529829978943
69fe9e67a20599144f688b50_audio_missing_utopia_1780153147993_transcript,0,I really don't think that there was a missing utopia.,negative,0.5968970656394958
69fe9e67a20599144f688b50_audio_missing_utopia_1780153147993_transcript,1,I think the seven that were presented kind of hit,positive,0.6404345035552979
69fe9e67a20599144f688b50_audio_missing_utopia_1780153147993_transcript,2,them all. I guess the only additional utopia maybe that,neutral,0.7885046005249023
69fe9e67a20599144f688b50_audio_missing_utopia_1780153147993_transcript,3,should have been included would be one in which technology,neutral,0.8138777017593384
69fe9e67a20599144f688b50_audio_missing_utopia_1780153147993_transcript,4,"was rejected, but religion was not accepted in its place.",negative,0.5507732629776001
69fe9e67a20599144f688b50_audio_missing_utopia_1780153147993_transcript,5,um so primitive but no guiding principle to live by,negative,0.8768279552459717
69fe9e67a20599144f688b50_audio_missing_utopia_1780153147993_transcript,6,like not really a law or religion or morality that,neutral,0.5957117080688477
69fe9e67a20599144f688b50_audio_missing_utopia_1780153147993_transcript,7,might have been covering the primitive utopia um i'm not,neutral,0.7250441908836365
69fe9e67a20599144f688b50_audio_missing_utopia_1780153147993_transcript,8,entirely sure but basically a rejection of technology but no,neutral,0.5163908004760742
69fe9e67a20599144f688b50_audio_missing_utopia_1780153147993_transcript,9,um corruptible human institution in its place um not really,negative,0.7384146451950073
69fe9e67a20599144f688b50_audio_ranking_explanation_1780153014058_transcript,0,"So, I ranked religious utopia last because I have seen",neutral,0.7583978176116943
69fe9e67a20599144f688b50_audio_ranking_explanation_1780153014058_transcript,1,"the terrible things that religion can do, and on a",negative,0.9131030440330505
69fe9e67a20599144f688b50_audio_ranking_explanation_1780153014058_transcript,2,"large scale, that would never be a utopia. For the",negative,0.8183975219726562
69fe9e67a20599144f688b50_audio_ranking_explanation_1780153014058_transcript,3,same reason that I put intermorality and rule of law,neutral,0.7692602276802063
69fe9e67a20599144f688b50_audio_ranking_explanation_1780153014058_transcript,4,"near the bottom, these involve too much of people that",negative,0.6075420379638672
69fe9e67a20599144f688b50_audio_ranking_explanation_1780153014058_transcript,5,"are easily corrupt. particularly in religion, there's always going to",negative,0.7811391353607178
69fe9e67a20599144f688b50_audio_ranking_explanation_1780153014058_transcript,6,be a leader that thinks they know more than anyone,neutral,0.5113571882247925
69fe9e67a20599144f688b50_audio_ranking_explanation_1780153014058_transcript,7,"else, which is the same thing that happens with the",neutral,0.8357359170913696
69fe9e67a20599144f688b50_audio_ranking_explanation_1780153014058_transcript,8,moral commonwealth and the institutional utopia. Someone is always going,neutral,0.806175172328949
69fe9e67a20599144f688b50_audio_ranking_explanation_1780153014058_transcript,9,"to screw that up for the people under them, particularly",negative,0.905834972858429
69fe9e67a20599144f688b50_audio_ranking_explanation_1780153014058_transcript,10,in religion where there is a larger chance of mania,neutral,0.6111879348754883
69fe9e67a20599144f688b50_audio_ranking_explanation_1780153014058_transcript,11,occurring. I put AI-centered utopia right in the middle because,neutral,0.7690777778625488
69fe9e67a20599144f688b50_audio_ranking_explanation_1780153014058_transcript,12,that seems a little too corruptible and also we don't,negative,0.7483050227165222
69fe9e67a20599144f688b50_audio_ranking_explanation_1780153014058_transcript,13,"know enough about AI, but I still thought that was",neutral,0.746503472328186
69fe9e67a20599144f688b50_audio_ranking_explanation_1780153014058_transcript,14,better than the three bottom tiers. Primitivist Utopia was number,neutral,0.6320644021034241
69fe9e67a20599144f688b50_audio_ranking_explanation_1780153014058_transcript,15,"three, low-tech, small-scale. I think that could go either way,",neutral,0.7467408776283264
69fe9e67a20599144f688b50_audio_ranking_explanation_1780153014058_transcript,16,but it seemed less dangerous than the the tiers near,neutral,0.502842903137207
69fe9e67a20599144f688b50_audio_ranking_explanation_1780153014058_transcript,17,the bottom my second and first were futurist utopia and,neutral,0.8389418125152588
69fe9e67a20599144f688b50_audio_ranking_explanation_1780153014058_transcript,18,modern green utopia modern green one for that word sustainable,positive,0.5542065501213074
69fe9e67a20599144f688b50_audio_ranking_explanation_1780153014058_transcript,19,sustainable and secure if we are looking at a society,neutral,0.7023851871490479
69fe9e67a20599144f688b50_audio_ranking_explanation_1780153014058_transcript,20,that has limited resources that needs to continue on as,negative,0.6705573201179504
69fe9e67a20599144f688b50_audio_ranking_explanation_1780153014058_transcript,21,long as possible sustainability is going to be the key,positive,0.6077322959899902
69fe9e67a20599144f688b50_audio_ranking_explanation_1780153014058_transcript,22,so that is why modern green utopia went in first,neutral,0.7915259599685669
69fe9e67a20599144f688b50_audio_ranking_explanation_1780153014058_transcript,23,place with futurist utopia slowly behind it because of its,neutral,0.6597201824188232
69fe9e67a20599144f688b50_audio_ranking_explanation_1780153014058_transcript,24,"reliance on science and innovation, meaning that if things started",neutral,0.6959789991378784
69fe9e67a20599144f688b50_audio_ranking_explanation_1780153014058_transcript,25,"to perhaps become less than ideal, the people in the",negative,0.7259766459465027
69fe9e67a20599144f688b50_audio_ranking_explanation_1780153014058_transcript,26,society could innovate and possibly get out of any problems,neutral,0.4790007472038269
69fe9e67a20599144f688b50_audio_ranking_explanation_1780153014058_transcript,27,"that they have. So yeah, that's why my ranking went",neutral,0.8029477000236511
69fe9e67a20599144f688b50_audio_ranking_explanation_1780153014058_transcript,28,the way it did. I'm always going to rank things,neutral,0.7531558871269226
69fe9e67a20599144f688b50_audio_ranking_explanation_1780153014058_transcript,29,that aren't as corruptible near the top and the things,neutral,0.5170513987541199
69fe9e67a20599144f688b50_audio_ranking_explanation_1780153014058_transcript,30,"that I view as extremely corruptible, such as religion or",negative,0.826372504234314
6a0158ba79527c0dc00b8153_audio_missing_utopia_1780200139424_transcript,0,i think the the first one was still my favorite,positive,0.9454782009124756
6a0158ba79527c0dc00b8153_audio_missing_utopia_1780200139424_transcript,1,and i think in terms of like describing my missing,neutral,0.82967609167099
6a0158ba79527c0dc00b8153_audio_missing_utopia_1780200139424_transcript,2,future would be me building up on that one i,neutral,0.6931330561637878
6a0158ba79527c0dc00b8153_audio_missing_utopia_1780200139424_transcript,3,think that one's such a good foundation um of just,positive,0.9258933067321777
6a0158ba79527c0dc00b8153_audio_missing_utopia_1780200139424_transcript,4,or maybe like combining the environment one with like the,neutral,0.9065839052200317
6a0158ba79527c0dc00b8153_audio_missing_utopia_1780200139424_transcript,5,inner morality and everyone just wanting to create a better,neutral,0.6109877228736877
6a0158ba79527c0dc00b8153_audio_missing_utopia_1780200139424_transcript,6,society together and thinking about the environment and the future,neutral,0.6411197185516357
6a0158ba79527c0dc00b8153_audio_missing_utopia_1780200139424_transcript,7,and kind of just working together for the better the,positive,0.493836909532547
6a0158ba79527c0dc00b8153_audio_missing_utopia_1780200139424_transcript,8,better good of society and to create better societies together,positive,0.769928514957428
6a0158ba79527c0dc00b8153_audio_missing_utopia_1780200139424_transcript,9,because that's what they want in their in their heart,neutral,0.5310173034667969
6a0158ba79527c0dc00b8153_audio_missing_utopia_1780200139424_transcript,10,and in their minds and again taking the environment into,neutral,0.6441851258277893
6a0158ba79527c0dc00b8153_audio_missing_utopia_1780200139424_transcript,11,consideration are there any important values reporters that were absent,neutral,0.6450115442276001
6a0158ba79527c0dc00b8153_audio_missing_utopia_1780200139424_transcript,12,I don't think so I think like I said just,neutral,0.7883720397949219
6a0158ba79527c0dc00b8153_audio_missing_utopia_1780200139424_transcript,13,maybe combining that yeah and what matters most again the,neutral,0.7412694096565247
6a0158ba79527c0dc00b8153_audio_missing_utopia_1780200139424_transcript,14,environment and just the society members feeling good about their,positive,0.6004053950309753
6a0158ba79527c0dc00b8153_audio_ranking_explanation_1780200032633_transcript,0,so this is why i chose the ones i chose,neutral,0.7664375901222229
6a0158ba79527c0dc00b8153_audio_ranking_explanation_1780200032633_transcript,1,for the modern green utopia i like that it is,positive,0.8718609809875488
6a0158ba79527c0dc00b8153_audio_ranking_explanation_1780200032633_transcript,2,focused on the environment because i do think we need,neutral,0.7011682391166687
6a0158ba79527c0dc00b8153_audio_ranking_explanation_1780200032633_transcript,3,a society that focuses on the environment and we want,neutral,0.6507956385612488
6a0158ba79527c0dc00b8153_audio_ranking_explanation_1780200032633_transcript,4,a sustainable future so i picked on as number one,positive,0.7566453218460083
6a0158ba79527c0dc00b8153_audio_ranking_explanation_1780200032633_transcript,5,i thought the moral commonwealth was nice because if everybody,neutral,0.5349221229553223
6a0158ba79527c0dc00b8153_audio_ranking_explanation_1780200032633_transcript,6,feels good about the decisions and i would kind of,positive,0.8517233729362488
6a0158ba79527c0dc00b8153_audio_ranking_explanation_1780200032633_transcript,7,like that type of society and it doesn't feel like,negative,0.8406262993812561
6a0158ba79527c0dc00b8153_audio_ranking_explanation_1780200032633_transcript,8,people are doing things out of because they're being forced,negative,0.5855334997177124
6a0158ba79527c0dc00b8153_audio_ranking_explanation_1780200032633_transcript,9,the futuristic utopia I think I chose it because I,positive,0.6531043648719788
6a0158ba79527c0dc00b8153_audio_ranking_explanation_1780200032633_transcript,10,just like the other ones more the low-tech and small,neutral,0.6911295056343079
6a0158ba79527c0dc00b8153_audio_ranking_explanation_1780200032633_transcript,11,space or permit permit to the primitivist utopia i didn't,neutral,0.7657290101051331
6a0158ba79527c0dc00b8153_audio_ranking_explanation_1780200032633_transcript,12,really love either so i put that one as number,positive,0.9505898952484131
6a0158ba79527c0dc00b8153_audio_ranking_explanation_1780200032633_transcript,13,four i didn't like that it's low tech and small,negative,0.8725502490997314
6a0158ba79527c0dc00b8153_audio_ranking_explanation_1780200032633_transcript,14,scale kind of reminds me of like amish communities in,neutral,0.838085412979126
6a0158ba79527c0dc00b8153_audio_ranking_explanation_1780200032633_transcript,15,america i'm like i'm really interested in that um the,positive,0.6019247770309448
6a0158ba79527c0dc00b8153_audio_ranking_explanation_1780200032633_transcript,16,rule of law i really didn't like i don't like,negative,0.8864051103591919
6a0158ba79527c0dc00b8153_audio_ranking_explanation_1780200032633_transcript,17,the government just telling everybody what to do and we're,negative,0.7503629922866821
6a0158ba79527c0dc00b8153_audio_ranking_explanation_1780200032633_transcript,18,just doing it for the sake of society i wasn't,neutral,0.5543027520179749
6a0158ba79527c0dc00b8153_audio_ranking_explanation_1780200032633_transcript,19,a fan of that um the face bath order i,neutral,0.7199693918228149
6a0158ba79527c0dc00b8153_audio_ranking_explanation_1780200032633_transcript,20,didn't really like either i remember i think that's something,negative,0.8753052949905396
6a0158ba79527c0dc00b8153_audio_ranking_explanation_1780200032633_transcript,21,along the lines of like rejecting like science and the,neutral,0.7604869604110718
6a0158ba79527c0dc00b8153_audio_ranking_explanation_1780200032633_transcript,22,environment which i strongly disagree with and the ai one,negative,0.8160277009010315
6a0158ba79527c0dc00b8153_audio_ranking_explanation_1780200032633_transcript,23,was my least favorite and i that's like the matrix,negative,0.8926778435707092
6a0158ba79527c0dc00b8153_audio_ranking_explanation_1780200032633_transcript,24,and i am not i do not like ai and,negative,0.9036644697189331
6a0158ba79527c0dc00b8153_audio_ranking_explanation_1780200032633_transcript,25,i don't i hope that that society does not come,negative,0.6926490068435669
6a01d4afbdb253690cf6bbfc_audio_missing_utopia_1780173577600_transcript,0,"I think that through the seven categories, largely all situations",neutral,0.8841569423675537
6a01d4afbdb253690cf6bbfc_audio_missing_utopia_1780173577600_transcript,1,"that I believe would exist were largely addressed, so I'm",neutral,0.7984156012535095
6a01d4afbdb253690cf6bbfc_audio_ranking_explanation_1780173533132_transcript,0,okay so for my society ranking here uh i think,neutral,0.9319173097610474
6a01d4afbdb253690cf6bbfc_audio_ranking_explanation_1780173533132_transcript,1,that the religious utopia tends to struggle because i think,negative,0.5963650941848755
6a01d4afbdb253690cf6bbfc_audio_ranking_explanation_1780173533132_transcript,2,that a lot of uh faith-based systems have historically led,neutral,0.7457782030105591
6a01d4afbdb253690cf6bbfc_audio_ranking_explanation_1780173533132_transcript,3,to a lot of discrimination um and consolidation of power,negative,0.6343662142753601
6a01d4afbdb253690cf6bbfc_audio_ranking_explanation_1780173533132_transcript,4,within various people which is generally not going to be,neutral,0.7173951268196106
6a01d4afbdb253690cf6bbfc_audio_ranking_explanation_1780173533132_transcript,5,good for the greatest of the overall society moral commonwealth,positive,0.8750806450843811
6a01d4afbdb253690cf6bbfc_audio_ranking_explanation_1780173533132_transcript,6,i just think you can't rely on people to make,negative,0.514427125453949
6a01d4afbdb253690cf6bbfc_audio_ranking_explanation_1780173533132_transcript,7,their own decisions um i think that people are flawed,negative,0.8851752281188965
6a01d4afbdb253690cf6bbfc_audio_ranking_explanation_1780173533132_transcript,8,you know uh primitive this utopia i think that's pretty,positive,0.9136213660240173
6a01d4afbdb253690cf6bbfc_audio_ranking_explanation_1780173533132_transcript,9,solid uh but also you know it might not be,neutral,0.6973394155502319
6a01d4afbdb253690cf6bbfc_audio_ranking_explanation_1780173533132_transcript,10,perfect for ai-centered utopia i mean i'm conflicted on current,neutral,0.49797937273979187
6a01d4afbdb253690cf6bbfc_audio_ranking_explanation_1780173533132_transcript,11,use of ai but i do believe that there is,neutral,0.7637774348258972
6a01d4afbdb253690cf6bbfc_audio_ranking_explanation_1780173533132_transcript,12,a way in which it could be used to handle,neutral,0.8720428347587585
6a01d4afbdb253690cf6bbfc_audio_ranking_explanation_1780173533132_transcript,13,significantly more complex problems than humans are able uh institutional,neutral,0.47971388697624207
6a01d4afbdb253690cf6bbfc_audio_ranking_explanation_1780173533132_transcript,14,utopia i would say that that tends to work a,neutral,0.5148480534553528
6a01d4afbdb253690cf6bbfc_audio_ranking_explanation_1780173533132_transcript,15,little bit well uh because if you have a strong,neutral,0.5638037323951721
6a01d4afbdb253690cf6bbfc_audio_ranking_explanation_1780173533132_transcript,16,governing body and you know a very clear picture of,neutral,0.7883431315422058
6a01d4afbdb253690cf6bbfc_audio_ranking_explanation_1780173533132_transcript,17,right and wrong you get the exact opposite problem of,negative,0.5035278797149658
6a01d4afbdb253690cf6bbfc_audio_ranking_explanation_1780173533132_transcript,18,the moral commonwealth where people are both going to be,neutral,0.832697331905365
6a01d4afbdb253690cf6bbfc_audio_ranking_explanation_1780173533132_transcript,19,able to rely on their own morality but also have,neutral,0.8450921773910522
6a01d4afbdb253690cf6bbfc_audio_ranking_explanation_1780173533132_transcript,20,a kind of set code that they can refer to,neutral,0.8930061459541321
6a01d4afbdb253690cf6bbfc_audio_ranking_explanation_1780173533132_transcript,21,uh modern green utopia i think is going to be,neutral,0.6981472969055176
6a01d4afbdb253690cf6bbfc_audio_ranking_explanation_1780173533132_transcript,22,just a long-term survival and i think and futurist utopia,neutral,0.79975426197052
6a01d4afbdb253690cf6bbfc_audio_ranking_explanation_1780173533132_transcript,23,is going to be a way of combining all of,neutral,0.8871464133262634
6a026b14fa26d03597f2dced_audio_missing_utopia_1780181953941_transcript,0,A participatory utopia is missing. This society will prioritize a,negative,0.6289359927177429
6a026b14fa26d03597f2dced_audio_missing_utopia_1780181953941_transcript,1,"radical, decentralized democracy where power rests in the hands of",neutral,0.7384400963783264
6a026b14fa26d03597f2dced_audio_missing_utopia_1780181953941_transcript,2,citizens through ongoing inclusive dialogue rather than top-down control. The,neutral,0.8106607794761658
6a026b14fa26d03597f2dced_audio_missing_utopia_1780181953941_transcript,3,"core value is collective agency, ensuring society evolves through direct",neutral,0.7048483490943909
6a026b14fa26d03597f2dced_audio_ranking_explanation_1780181825018_transcript,0,"I prioritize systems that balance environmental sustainability, fair governance, and",positive,0.6038369536399841
6a026b14fa26d03597f2dced_audio_ranking_explanation_1780181825018_transcript,1,human agency. I rank sustainable and institutional models highest because,positive,0.6549357771873474
6a026b14fa26d03597f2dced_audio_ranking_explanation_1780181825018_transcript,2,they provide the essential stability needed for human flourishing while,positive,0.635626494884491
6a026b14fa26d03597f2dced_audio_ranking_explanation_1780181825018_transcript,3,placing data-driven and extreme low-tech models last due to the,neutral,0.7300958633422852
6a026b14fa26d03597f2dced_audio_ranking_explanation_1780181825018_transcript,4,risk of either sacrificing human freedom or losing the benefits,negative,0.7550846934318542
6a026e182e8f80652216c041_audio_missing_utopia_1780184515029_transcript,0,i mean i feel like it would be combining the,neutral,0.8591635227203369
6a026e182e8f80652216c041_audio_missing_utopia_1780184515029_transcript,1,rule of law and the morality one i think those,neutral,0.8652762174606323
6a026e182e8f80652216c041_audio_missing_utopia_1780184515029_transcript,2,are the most important things like i do like a,positive,0.6930387616157532
6a026e182e8f80652216c041_audio_missing_utopia_1780184515029_transcript,3,big government i think just like having a government that's,neutral,0.680716872215271
6a026e182e8f80652216c041_audio_missing_utopia_1780184515029_transcript,4,based on morals and like the morals of the people,neutral,0.852696418762207
6a026e182e8f80652216c041_audio_missing_utopia_1780184515029_transcript,5,as long as the morals of the people are good,neutral,0.5630956292152405
6a026e182e8f80652216c041_audio_missing_utopia_1780184515029_transcript,6,and then they can trust the government have trust in,neutral,0.550277054309845
6a026e182e8f80652216c041_audio_missing_utopia_1780184515029_transcript,7,the government and have trust in an institution that could,neutral,0.7482355833053589
6a026e182e8f80652216c041_audio_missing_utopia_1780184515029_transcript,8,lead to a utopian society and like a good vision,positive,0.7436457872390747
6a026e182e8f80652216c041_audio_ranking_explanation_1780184471353_transcript,0,wait am i speaking into my um i would say,neutral,0.8980926871299744
6a026e182e8f80652216c041_audio_ranking_explanation_1780184471353_transcript,1,like morality i feel like would be my most preferred,neutral,0.6099536418914795
6a026e182e8f80652216c041_audio_ranking_explanation_1780184471353_transcript,2,society but that would depend if everyone has the same,neutral,0.8461516499519348
6a026e182e8f80652216c041_audio_ranking_explanation_1780184471353_transcript,3,morals as me i think like human nature like we,neutral,0.7718167901039124
6a026e182e8f80652216c041_audio_ranking_explanation_1780184471353_transcript,4,need to be most in true like you know we,neutral,0.70569908618927
6a026e182e8f80652216c041_audio_ranking_explanation_1780184471353_transcript,5,need to focus on human nature and i think having,neutral,0.7584854364395142
6a026e182e8f80652216c041_audio_ranking_explanation_1780184471353_transcript,6,like inner morals is what's more important but again like,neutral,0.7787625789642334
6a026e182e8f80652216c041_audio_ranking_explanation_1780184471353_transcript,7,not everyone has like those same morals so that's why,negative,0.49823054671287537
6a026e182e8f80652216c041_audio_ranking_explanation_1780184471353_transcript,8,it'd be like so utopian in a sense because it's,positive,0.8131969571113586
6a026e182e8f80652216c041_audio_ranking_explanation_1780184471353_transcript,9,so unrealistic and then i went with sustainability because i,negative,0.7356469035148621
6a026e182e8f80652216c041_audio_ranking_explanation_1780184471353_transcript,10,think like that's very important and could create a good,positive,0.8215537667274475
6a026e182e8f80652216c041_audio_ranking_explanation_1780184471353_transcript,11,society without like those morals but i feel like the,negative,0.49817928671836853
6a026e182e8f80652216c041_audio_ranking_explanation_1780184471353_transcript,12,top ones i listed like you have to have morals,neutral,0.7200157046318054
6a026e182e8f80652216c041_audio_ranking_explanation_1780184471353_transcript,13,to believe in sustainability these days and then i did,neutral,0.6375758051872253
6a026e182e8f80652216c041_audio_ranking_explanation_1780184471353_transcript,14,like the science and innovation one because i think like,neutral,0.6643479466438293
6a026e182e8f80652216c041_audio_ranking_explanation_1780184471353_transcript,15,trusting in science is very important and that could lead,positive,0.8429001569747925
6a026e182e8f80652216c041_audio_ranking_explanation_1780184471353_transcript,16,to like good decisions and then i did like the,positive,0.7676345705986023
6a026e182e8f80652216c041_audio_ranking_explanation_1780184471353_transcript,17,low tech small scale because you know what like that,neutral,0.5806517004966736
6a026e182e8f80652216c041_audio_ranking_explanation_1780184471353_transcript,18,could be good too and like i i just don't,negative,0.39649277925491333
6a026e182e8f80652216c041_audio_ranking_explanation_1780184471353_transcript,19,like having like rule of law even though i do,neutral,0.7384007573127747
6a026e182e8f80652216c041_audio_ranking_explanation_1780184471353_transcript,20,like big government and do like institutions i think that,neutral,0.7036200165748596
6a026e182e8f80652216c041_audio_ranking_explanation_1780184471353_transcript,21,like if there's no morality in it then there's no,negative,0.7942361831665039
6a026e182e8f80652216c041_audio_ranking_explanation_1780184471353_transcript,22,point and then like the ai one like data-driven governments,neutral,0.8554612994194031
6a026e182e8f80652216c041_audio_ranking_explanation_1780184471353_transcript,23,yeah that's okay i guess but like sometimes data is,neutral,0.7366051077842712
6a026e182e8f80652216c041_audio_ranking_explanation_1780184471353_transcript,24,like not very humane and it could lead to decisions,negative,0.8983454704284668
6a026e182e8f80652216c041_audio_ranking_explanation_1780184471353_transcript,25,that could harm do more harm than good i don't,negative,0.8194329738616943
6a026e182e8f80652216c041_audio_ranking_explanation_1780184471353_transcript,26,know saying the words ai like driven government scares me,negative,0.7581579685211182
6a026e182e8f80652216c041_audio_ranking_explanation_1780184471353_transcript,27,and then i have the rule of law one just,neutral,0.7670475244522095
6a026e182e8f80652216c041_audio_ranking_explanation_1780184471353_transcript,28,because like although i do like big government i just,negative,0.7226307988166809
6a026e182e8f80652216c041_audio_ranking_explanation_1780184471353_transcript,29,don't think it feels like a dictatorship and like you,negative,0.555411696434021
6a026e182e8f80652216c041_audio_ranking_explanation_1780184471353_transcript,30,feel like you're only doing something because you're being punished,negative,0.8441197276115417
6a026e182e8f80652216c041_audio_ranking_explanation_1780184471353_transcript,31,not because you have those morals like the top one,neutral,0.6096938848495483
6a026e182e8f80652216c041_audio_ranking_explanation_1780184471353_transcript,32,and then the religious one no no not following a,neutral,0.5500314831733704
6a026e182e8f80652216c041_audio_ranking_explanation_1780184471353_transcript,33,book i do not like the religious one like that's,negative,0.9053718447685242
6a026e182e8f80652216c041_audio_ranking_explanation_1780184471353_transcript,34,like your morals don't need to be come from a,neutral,0.49957919120788574
6a037281ac6ad91fede2d14d_audio_missing_utopia_1780169839800_transcript,0,"I feel like all important values were represented already, so",neutral,0.6106899380683899
6a037281ac6ad91fede2d14d_audio_ranking_explanation_1780169772339_transcript,0,i would love to live in a moral environment where,positive,0.8745651245117188
6a037281ac6ad91fede2d14d_audio_ranking_explanation_1780169772339_transcript,1,people could just be able to restrain themselves and know,neutral,0.7129113078117371
6a037281ac6ad91fede2d14d_audio_ranking_explanation_1780169772339_transcript,2,how to behave when it comes to acting right from,neutral,0.6861957907676697
6a037281ac6ad91fede2d14d_audio_ranking_explanation_1780169772339_transcript,3,wrong or around their neighbors and helping each other and,neutral,0.7743744850158691
6a037281ac6ad91fede2d14d_audio_ranking_explanation_1780169772339_transcript,4,the environment and things like that i don't see that,negative,0.5302889347076416
6a037281ac6ad91fede2d14d_audio_ranking_explanation_1780169772339_transcript,5,happening in 100 years from now but it would be,neutral,0.7113591432571411
6a037281ac6ad91fede2d14d_audio_ranking_explanation_1780169772339_transcript,6,ideal i now my least preferred would be the religious,negative,0.5270605087280273
6a037281ac6ad91fede2d14d_audio_ranking_explanation_1780169772339_transcript,7,i don't think religion should be you know what's covering,negative,0.6954833269119263
6a037281ac6ad91fede2d14d_audio_ranking_explanation_1780169772339_transcript,8,people and the society there's so many different type of,neutral,0.6897276639938354
6a037281ac6ad91fede2d14d_audio_ranking_explanation_1780169772339_transcript,9,religions as well so many that you know they're too,neutral,0.7903501987457275
6a037281ac6ad91fede2d14d_audio_ranking_explanation_1780169772339_transcript,10,controlling uh i just feel like now in real life,neutral,0.869451105594635
6a037281ac6ad91fede2d14d_audio_ranking_explanation_1780169772339_transcript,11,it's religious kind of helps govern the people and it's,positive,0.5097516775131226
6a04a5a7e230bb73b88bd6e6_audio_missing_utopia_1780155370357_transcript,0,"So I think for me, my future society is the",neutral,0.8001014590263367
6a04a5a7e230bb73b88bd6e6_audio_missing_utopia_1780155370357_transcript,1,"one that comprises everything, it has the rule of law,",neutral,0.7264171242713928
6a04a5a7e230bb73b88bd6e6_audio_missing_utopia_1780155370357_transcript,2,"it has good governance, it has more law, it has",positive,0.851003110408783
6a04a5a7e230bb73b88bd6e6_audio_missing_utopia_1780155370357_transcript,3,"the use of AI technology, and also there is the",neutral,0.8300974369049072
6a04a5a7e230bb73b88bd6e6_audio_missing_utopia_1780155370357_transcript,4,"science and technology in it, there is a lot of",positive,0.5646376609802246
6a04a5a7e230bb73b88bd6e6_audio_missing_utopia_1780155370357_transcript,5,innovation and sustainability and the future of each citizen is,neutral,0.5209565758705139
6a04a5a7e230bb73b88bd6e6_audio_missing_utopia_1780155370357_transcript,6,"very secure, they have access to most of their needs,",positive,0.8679215908050537
6a04a5a7e230bb73b88bd6e6_audio_ranking_explanation_1780155314847_transcript,0,"So, I have ranked the society that way, because I",neutral,0.7302280068397522
6a04a5a7e230bb73b88bd6e6_audio_ranking_explanation_1780155314847_transcript,1,"like the modern green in Tokyo, and then we have",neutral,0.8614121675491333
6a04a5a7e230bb73b88bd6e6_audio_ranking_explanation_1780155314847_transcript,2,that it's based on sustainable and secure. So I think,positive,0.5355187654495239
6a04a5a7e230bb73b88bd6e6_audio_ranking_explanation_1780155314847_transcript,3,"the second is science and innovation, the futurist, futurist in",neutral,0.7372190356254578
6a04a5a7e230bb73b88bd6e6_audio_ranking_explanation_1780155314847_transcript,4,"Tokyo, so the third The third one for me is",neutral,0.7410954833030701
6a04a5a7e230bb73b88bd6e6_audio_ranking_explanation_1780155314847_transcript,5,"the AI-centered, because the data-driven governance and technology. Then the",neutral,0.7083406448364258
6a04a5a7e230bb73b88bd6e6_audio_ranking_explanation_1780155314847_transcript,6,"fourth one, the rule of law, the AI-institution in Ethiopia.",neutral,0.8556439876556396
6a04a5a7e230bb73b88bd6e6_audio_ranking_explanation_1780155314847_transcript,7,"So then the moral commonwealth is one thing, religion is",neutral,0.7439883947372437
6a04a5a7e230bb73b88bd6e6_audio_ranking_explanation_1780155314847_transcript,8,"Sikh, then the primitive is the last one. Law-tech, very",neutral,0.8091999292373657
6a04a5a7e230bb73b88bd6e6_audio_ranking_explanation_1780155314847_transcript,9,"small thing, yeah, so those are the only answers. Thank",neutral,0.51163649559021
6a06421377e1ca15fefe2378_audio_missing_utopia_1780186094215_transcript,0,"From what it sounds like, it actually talked a lot",neutral,0.8217635154724121
6a06421377e1ca15fefe2378_audio_missing_utopia_1780186094215_transcript,1,"about Eastern ways or non-independent societies, meaning it wasn't necessarily",neutral,0.7744708061218262
6a06421377e1ca15fefe2378_audio_missing_utopia_1780186094215_transcript,2,"individualistic, like a lot of these societies or all of",neutral,0.6464921832084656
6a06421377e1ca15fefe2378_audio_missing_utopia_1780186094215_transcript,3,the societies talked about how do we collectively as like,neutral,0.8930990695953369
6a06421377e1ca15fefe2378_audio_missing_utopia_1780186094215_transcript,4,a race or whatever like entity how do we all,neutral,0.7288405299186707
6a06421377e1ca15fefe2378_audio_missing_utopia_1780186094215_transcript,5,collectively progress as a society and as a society in,neutral,0.7836222648620605
6a06421377e1ca15fefe2378_audio_missing_utopia_1780186094215_transcript,6,order for us to survive um but I think the,neutral,0.8256123661994934
6a06421377e1ca15fefe2378_audio_missing_utopia_1780186094215_transcript,7,way that I would want a future society is you,neutral,0.5454469919204712
6a06421377e1ca15fefe2378_audio_missing_utopia_1780186094215_transcript,8,know equality for all or women to have better wages,neutral,0.6620977520942688
6a06421377e1ca15fefe2378_audio_missing_utopia_1780186094215_transcript,9,than men or you know a society where men aren't,neutral,0.6593437790870667
6a06421377e1ca15fefe2378_audio_missing_utopia_1780186094215_transcript,10,criticizing women all the time or quote-unquote the bad guys,negative,0.8553453683853149
6a06421377e1ca15fefe2378_audio_missing_utopia_1780186094215_transcript,11,because there's so much I can go on and on,neutral,0.4828019142150879
6a06421377e1ca15fefe2378_audio_missing_utopia_1780186094215_transcript,12,but there's just a bunch of reasons why women feel,neutral,0.6536873579025269
6a06421377e1ca15fefe2378_audio_missing_utopia_1780186094215_transcript,13,unsafe today so I do think a really great utopia,positive,0.9460027813911438
6a06421377e1ca15fefe2378_audio_missing_utopia_1780186094215_transcript,14,would be women feeling safe and being respected for sure.,positive,0.6566519737243652
6a06421377e1ca15fefe2378_audio_missing_utopia_1780186094215_transcript,15,"Along with an innovative world where there is technology, but",positive,0.5849709510803223
6a06421377e1ca15fefe2378_audio_missing_utopia_1780186094215_transcript,16,we do not heavily rely on AI while also preserving,neutral,0.8038015365600586
6a06421377e1ca15fefe2378_audio_missing_utopia_1780186094215_transcript,17,"our own humanity, having morals and values, and also preserving",neutral,0.6979691386222839
6a06421377e1ca15fefe2378_audio_ranking_explanation_1780185968362_transcript,0,I rank the societies in this way because I don't,neutral,0.5022280812263489
6a06421377e1ca15fefe2378_audio_ranking_explanation_1780185968362_transcript,1,"know, even in today's world currently, AI is super centralized",neutral,0.6861600875854492
6a06421377e1ca15fefe2378_audio_ranking_explanation_1780185968362_transcript,2,and it is so centered and I live in the,neutral,0.48119693994522095
6a06421377e1ca15fefe2378_audio_ranking_explanation_1780185968362_transcript,3,"Silicon Valley. So I am next to tech industries, individuals",neutral,0.836193323135376
6a06421377e1ca15fefe2378_audio_ranking_explanation_1780185968362_transcript,4,who are working in tech and who are talking about,neutral,0.8830629587173462
6a06421377e1ca15fefe2378_audio_ranking_explanation_1780185968362_transcript,5,AI and AI startups and stuff like that. And I,neutral,0.7581773996353149
6a06421377e1ca15fefe2378_audio_ranking_explanation_1780185968362_transcript,6,feel like it is losing or we as a society,negative,0.761842668056488
6a06421377e1ca15fefe2378_audio_ranking_explanation_1780185968362_transcript,7,are losing our human ways and heavily relying on these,negative,0.8048333525657654
6a06421377e1ca15fefe2378_audio_ranking_explanation_1780185968362_transcript,8,tech industries for us to maybe move society in an,neutral,0.7999529242515564
6a06421377e1ca15fefe2378_audio_ranking_explanation_1780185968362_transcript,9,innovative or a positive way. but i think we're doing,positive,0.6483902931213379
6a06421377e1ca15fefe2378_audio_ranking_explanation_1780185968362_transcript,10,more harm than good or i i can say yes,negative,0.6892671585083008
6a06421377e1ca15fefe2378_audio_ranking_explanation_1780185968362_transcript,11,i can be helpful however i don't think that it,negative,0.5147300362586975
6a06421377e1ca15fefe2378_audio_ranking_explanation_1780185968362_transcript,12,is computers are still subject to error um i ranked,neutral,0.4955763518810272
6a06421377e1ca15fefe2378_audio_ranking_explanation_1780185968362_transcript,13,religious utopia as sixth because it reminds me of the,neutral,0.7221274971961975
6a06421377e1ca15fefe2378_audio_ranking_explanation_1780185968362_transcript,14,renaissance and or the period before the renaissance and I,neutral,0.8925020694732666
6a06421377e1ca15fefe2378_audio_ranking_explanation_1780185968362_transcript,15,am someone who's not a super religious person and I,neutral,0.6501086354255676
6a06421377e1ca15fefe2378_audio_ranking_explanation_1780185968362_transcript,16,also feel that there's no innovation that is just heavily,negative,0.7887208461761475
6a06421377e1ca15fefe2378_audio_ranking_explanation_1780185968362_transcript,17,on what people think based on their fate and there's,neutral,0.8262369632720947
6a06421377e1ca15fefe2378_audio_ranking_explanation_1780185968362_transcript,18,no real science to back up any sort of reasoning,negative,0.7388733625411987
6a06421377e1ca15fefe2378_audio_ranking_explanation_1780185968362_transcript,19,per se. Institutional utopia rule of law I do think,neutral,0.8585079312324524
6a06421377e1ca15fefe2378_audio_ranking_explanation_1780185968362_transcript,20,that it's important to have laws and rules and regulations,neutral,0.7742383480072021
6a06421377e1ca15fefe2378_audio_ranking_explanation_1780185968362_transcript,21,so all hell does it break loose but who is,negative,0.5845117568969727
6a06421377e1ca15fefe2378_audio_ranking_explanation_1780185968362_transcript,22,making these laws like if we think about it in,neutral,0.53401118516922
6a06421377e1ca15fefe2378_audio_ranking_explanation_1780185968362_transcript,23,society today there is um it's super systemic for moral,negative,0.6025502681732178
6a06421377e1ca15fefe2378_audio_ranking_explanation_1780185968362_transcript,24,commonwealth yes it is good to have this intrinsic intrinsic,positive,0.8969678282737732
6a06421377e1ca15fefe2378_audio_ranking_explanation_1780185968362_transcript,25,versus extrinsic motivation i do think it's important to have,neutral,0.5938941836357117
6a06421377e1ca15fefe2378_audio_ranking_explanation_1780185968362_transcript,26,both but some people aren't like their slate is based,negative,0.5232073664665222
6a06421377e1ca15fefe2378_audio_ranking_explanation_1780185968362_transcript,27,off of you know what happens in the home um,neutral,0.9167492985725403
6a06421377e1ca15fefe2378_audio_ranking_explanation_1780185968362_transcript,28,it could be due to so many different other factors,neutral,0.5436663627624512
6a06421377e1ca15fefe2378_audio_ranking_explanation_1780185968362_transcript,29,like um genetics it could be due to um social,neutral,0.8544076085090637
6a06421377e1ca15fefe2378_audio_ranking_explanation_1780185968362_transcript,30,stuff it could be due to someone's bio cycle social,neutral,0.8535031676292419
6a06421377e1ca15fefe2378_audio_ranking_explanation_1780185968362_transcript,31,everything and not everyone has a good moral compass futuristic,negative,0.6648755073547363
6a06421377e1ca15fefe2378_audio_ranking_explanation_1780185968362_transcript,32,utopia i do think that um that's the direction we,neutral,0.8535118699073792
6a06421377e1ca15fefe2378_audio_ranking_explanation_1780185968362_transcript,33,are headed in however i rank that as number three,neutral,0.9332759380340576
6a06421377e1ca15fefe2378_audio_ranking_explanation_1780185968362_transcript,34,because it's not so heavily based on ai um to,neutral,0.8586612939834595
6a06421377e1ca15fefe2378_audio_ranking_explanation_1780185968362_transcript,35,modern green utopia i that would be ideal because it's,positive,0.8876830339431763
6a06421377e1ca15fefe2378_audio_ranking_explanation_1780185968362_transcript,36,not like we're cutting down thousands of land to build,negative,0.506635308265686
6a06421377e1ca15fefe2378_audio_ranking_explanation_1780185968362_transcript,37,ai data centers and instead we are just we're we're,negative,0.5131976008415222
6a06421377e1ca15fefe2378_audio_ranking_explanation_1780185968362_transcript,38,being secure and we're being sustainable and this is for,positive,0.6567081809043884
6a06421377e1ca15fefe2378_audio_ranking_explanation_1780185968362_transcript,39,um the future of humanity in order for it to,neutral,0.5651103258132935
6a06421377e1ca15fefe2378_audio_ranking_explanation_1780185968362_transcript,40,grow and one um i rank this as number one,positive,0.7186436057090759
6a06421377e1ca15fefe2378_audio_ranking_explanation_1780185968362_transcript,41,because there is still technology that we are using because,neutral,0.8341398239135742
6a06421377e1ca15fefe2378_audio_ranking_explanation_1780185968362_transcript,42,technology is and can be helpful. And we're still preserving,positive,0.8299847841262817
6a089cf8a4518f41f3a55ccd_audio_missing_utopia_1780204348476_transcript,0,"Yes. Although I assume the Institutional Society was largely democratic,",neutral,0.7702935338020325
6a089cf8a4518f41f3a55ccd_audio_missing_utopia_1780204348476_transcript,1,I think that none of them specified whether or not,neutral,0.6130679249763489
6a089cf8a4518f41f3a55ccd_audio_missing_utopia_1780204348476_transcript,2,they had any democratic characteristics. uh you know tyrannies can,neutral,0.6548305153846741
6a089cf8a4518f41f3a55ccd_audio_missing_utopia_1780204348476_transcript,3,be institutional in nature like the chinese communist party and,neutral,0.6226141452789307
6a089cf8a4518f41f3a55ccd_audio_missing_utopia_1780204348476_transcript,4,i feel that a general respect for human liberty to,neutral,0.7732792496681213
6a089cf8a4518f41f3a55ccd_audio_missing_utopia_1780204348476_transcript,5,the extent you can manage it is really important to,positive,0.5071614384651184
6a089cf8a4518f41f3a55ccd_audio_missing_utopia_1780204348476_transcript,6,uh people being happy in a society and you know,neutral,0.616507887840271
6a089cf8a4518f41f3a55ccd_audio_missing_utopia_1780204348476_transcript,7,with that you'd want the other hallmarks of democracy like,neutral,0.75759357213974
6a089cf8a4518f41f3a55ccd_audio_missing_utopia_1780204348476_transcript,8,freedom of speech and thought and conscience and uh religion,neutral,0.86211097240448
6a089cf8a4518f41f3a55ccd_audio_missing_utopia_1780204348476_transcript,9,as well so that those are sort of key elements,neutral,0.846036434173584
6a089cf8a4518f41f3a55ccd_audio_missing_utopia_1780204348476_transcript,10,to any society and they could be appended to any,neutral,0.8287327885627747
6a089cf8a4518f41f3a55ccd_audio_missing_utopia_1780204348476_transcript,11,of the top few top few choices at least in,neutral,0.8465973734855652
6a089cf8a4518f41f3a55ccd_audio_missing_utopia_1780204348476_transcript,12,the way I arranged it the future society can of,neutral,0.7474468350410461
6a089cf8a4518f41f3a55ccd_audio_missing_utopia_1780204348476_transcript,13,course have democratic elements that prioritize what progress you want,neutral,0.69903165102005
6a089cf8a4518f41f3a55ccd_audio_missing_utopia_1780204348476_transcript,14,to make towards and the green technology of course will,positive,0.5210347771644592
6a089cf8a4518f41f3a55ccd_audio_missing_utopia_1780204348476_transcript,15,help strike the balance between production and the ecological world,neutral,0.7329821586608887
6a089cf8a4518f41f3a55ccd_audio_ranking_explanation_1780204200069_transcript,0,Sure. So I guess I'll give a rundown of the,neutral,0.7853301763534546
6a089cf8a4518f41f3a55ccd_audio_ranking_explanation_1780204200069_transcript,1,"societies from top to bottom. For institutional utopia, I think",neutral,0.8426303863525391
6a089cf8a4518f41f3a55ccd_audio_ranking_explanation_1780204200069_transcript,2,"that is the preferred society because, well, as a lawyer,",neutral,0.7205371856689453
6a089cf8a4518f41f3a55ccd_audio_ranking_explanation_1780204200069_transcript,3,I'm most familiar with institutions. and I greatly believe in,positive,0.8305474519729614
6a089cf8a4518f41f3a55ccd_audio_ranking_explanation_1780204200069_transcript,4,the rule of law and I think the rule of,neutral,0.8525062799453735
6a089cf8a4518f41f3a55ccd_audio_ranking_explanation_1780204200069_transcript,5,law is necessary to constrain human nature that's why the,neutral,0.8331514596939087
6a089cf8a4518f41f3a55ccd_audio_ranking_explanation_1780204200069_transcript,6,other societies are less likely to succeed because they're contrary,negative,0.6780329942703247
6a089cf8a4518f41f3a55ccd_audio_ranking_explanation_1780204200069_transcript,7,to human nature and the rule of law works with,neutral,0.85944002866745
6a089cf8a4518f41f3a55ccd_audio_ranking_explanation_1780204200069_transcript,8,it and guides humans to do what's necessary The second,neutral,0.8091002106666565
6a089cf8a4518f41f3a55ccd_audio_ranking_explanation_1780204200069_transcript,9,one I most prefer would be the Futurist Utopia. I,positive,0.5301487445831299
6a089cf8a4518f41f3a55ccd_audio_ranking_explanation_1780204200069_transcript,10,"think there's an acknowledgement implicit in that one, that humans",neutral,0.8238357901573181
6a089cf8a4518f41f3a55ccd_audio_ranking_explanation_1780204200069_transcript,11,"can better their station through technology, which I think is",positive,0.6303631663322449
6a089cf8a4518f41f3a55ccd_audio_ranking_explanation_1780204200069_transcript,12,"at least somewhat true, and that's why I would support",positive,0.851682722568512
6a089cf8a4518f41f3a55ccd_audio_ranking_explanation_1780204200069_transcript,13,"that. The modern green utopia makes sense to me, recognizing",positive,0.6149271726608276
6a089cf8a4518f41f3a55ccd_audio_ranking_explanation_1780204200069_transcript,14,the limitations of what the earth can generate while also,neutral,0.7419180274009705
6a089cf8a4518f41f3a55ccd_audio_ranking_explanation_1780204200069_transcript,15,taking a pragmatic approach towards technology seems reasonable. Permittivist utopia,neutral,0.5107945799827576
6a089cf8a4518f41f3a55ccd_audio_ranking_explanation_1780204200069_transcript,16,is here because it's the least repugnant of the other,negative,0.5615761876106262
6a089cf8a4518f41f3a55ccd_audio_ranking_explanation_1780204200069_transcript,17,ones that remain. I don't see how this could operate,negative,0.8029369711875916
6a089cf8a4518f41f3a55ccd_audio_ranking_explanation_1780204200069_transcript,18,over the long run. It's bound to give rise to,positive,0.6137372851371765
6a089cf8a4518f41f3a55ccd_audio_ranking_explanation_1780204200069_transcript,19,conflict over the distribution of resources. It won't procure enough.,negative,0.7181403040885925
6a089cf8a4518f41f3a55ccd_audio_ranking_explanation_1780204200069_transcript,20,"It creates too low a standard of living. I mean,",negative,0.8995403051376343
6a089cf8a4518f41f3a55ccd_audio_ranking_explanation_1780204200069_transcript,21,there's no room for industry in this construct. There's no,negative,0.8090060353279114
6a089cf8a4518f41f3a55ccd_audio_ranking_explanation_1780204200069_transcript,22,"room for industry, therefore there's no room for science or",neutral,0.6535025835037231
6a089cf8a4518f41f3a55ccd_audio_ranking_explanation_1780204200069_transcript,23,medicine. It would be unpleasant to live there. I'm not,negative,0.7318810820579529
6a089cf8a4518f41f3a55ccd_audio_ranking_explanation_1780204200069_transcript,24,a fan of the moral commonwealth because I think that,positive,0.6442416906356812
6a089cf8a4518f41f3a55ccd_audio_ranking_explanation_1780204200069_transcript,25,humans are inherently evil. So the moral commonwealth would break,negative,0.8904017210006714
6a089cf8a4518f41f3a55ccd_audio_ranking_explanation_1780204200069_transcript,26,down very quickly because it relies only on the behavior,negative,0.684281051158905
6a089cf8a4518f41f3a55ccd_audio_ranking_explanation_1780204200069_transcript,27,of humans it's not a you can't build your house,neutral,0.48955121636390686
6a089cf8a4518f41f3a55ccd_audio_ranking_explanation_1780204200069_transcript,28,on a bed of sand i guess you'd say i,neutral,0.7242430448532104
6a089cf8a4518f41f3a55ccd_audio_ranking_explanation_1780204200069_transcript,29,mean you can just see examples of that today elon,neutral,0.5297949910163879
6a089cf8a4518f41f3a55ccd_audio_ranking_explanation_1780204200069_transcript,30,musk is the world's richest person and even despite that,positive,0.9083190560340881
6a089cf8a4518f41f3a55ccd_audio_ranking_explanation_1780204200069_transcript,31,wealth he is manipulating the listing of spacex in order,neutral,0.7962837219238281
6a089cf8a4518f41f3a55ccd_audio_ranking_explanation_1780204200069_transcript,32,to uh essentially rob uh passive and retail investors of,neutral,0.7038474082946777
6a089cf8a4518f41f3a55ccd_audio_ranking_explanation_1780204200069_transcript,33,their money to bail out his investors uh so he,neutral,0.7697394490242004
6a089cf8a4518f41f3a55ccd_audio_ranking_explanation_1780204200069_transcript,34,can become the first world's first billionaire and he's the,positive,0.6610469818115234
6a089cf8a4518f41f3a55ccd_audio_ranking_explanation_1780204200069_transcript,35,one that our society is rewarded uh this would this,neutral,0.5967865586280823
6a089cf8a4518f41f3a55ccd_audio_ranking_explanation_1780204200069_transcript,36,moral commonwealth would quickly become dominated by the amoral religious,negative,0.7213201522827148
6a089cf8a4518f41f3a55ccd_audio_ranking_explanation_1780204200069_transcript,37,utopia i am not religious so i would not want,negative,0.6185188293457031
6a089cf8a4518f41f3a55ccd_audio_ranking_explanation_1780204200069_transcript,38,to live there uh it's a akin to a kind,neutral,0.5815151333808899
6a089cf8a4518f41f3a55ccd_audio_ranking_explanation_1780204200069_transcript,39,of slavery and the a centered utopia is a uh,negative,0.5715569257736206
6a089cf8a4518f41f3a55ccd_audio_ranking_explanation_1780204200069_transcript,40,an actual an actual form of slavery is run by,negative,0.8515536189079285
6a089cf8a4518f41f3a55ccd_audio_ranking_explanation_1780204200069_transcript,41,a computer program that doesn't have any knowledge of what's,negative,0.5820281505584717
6a089cf8a4518f41f3a55ccd_audio_ranking_explanation_1780204200069_transcript,42,going on around it it's no humans to override it,neutral,0.5078631639480591
6a089cf8a4518f41f3a55ccd_audio_ranking_explanation_1780204200069_transcript,43,it's not an attractive thought and I don't think we,negative,0.8704825639724731
6a089cf8a4518f41f3a55ccd_audio_ranking_explanation_1780204200069_transcript,44,should be governed by machine setting the priority for what,neutral,0.7146902680397034
6a08b810d807f5805aabe02e_audio_missing_utopia_1780152771053_transcript,0,"And to be very honest, I don't think that there",negative,0.47115379571914673
6a08b810d807f5805aabe02e_audio_missing_utopia_1780152771053_transcript,1,was anything missing. I think that there was a good,neutral,0.5727368593215942
6a08b810d807f5805aabe02e_audio_missing_utopia_1780152771053_transcript,2,selection of options of different kind of societies and utopias.,neutral,0.83814537525177
6a08b810d807f5805aabe02e_audio_missing_utopia_1780152771053_transcript,3,"Yeah, I think they were all really, I think they",neutral,0.5777930617332458
6a08b810d807f5805aabe02e_audio_missing_utopia_1780152771053_transcript,4,were all kind of well explained. And I don't think,neutral,0.64536052942276
6a08b810d807f5805aabe02e_audio_missing_utopia_1780152771053_transcript,5,"that there could have been any other option. You know,",neutral,0.7304345965385437
6a08b810d807f5805aabe02e_audio_missing_utopia_1780152771053_transcript,6,"we had the futuristic, we had the sustainable one, the",positive,0.6815336346626282
6a08b810d807f5805aabe02e_audio_missing_utopia_1780152771053_transcript,7,"more green focused one. we had the AI driven one,",neutral,0.7427269220352173
6a08b810d807f5805aabe02e_audio_missing_utopia_1780152771053_transcript,8,"law, moral. I think that those were really kind of",positive,0.5571197867393494
6a08b810d807f5805aabe02e_audio_missing_utopia_1780152771053_transcript,9,"describing all of them besides maybe like a, just a",neutral,0.8797509074211121
6a08b810d807f5805aabe02e_audio_missing_utopia_1780152771053_transcript,10,all out free for all where there's no rules and,neutral,0.7003429532051086
6a08b810d807f5805aabe02e_audio_missing_utopia_1780152771053_transcript,11,there's no governance and everyone does what they want and,negative,0.7161366939544678
6a08b810d807f5805aabe02e_audio_missing_utopia_1780152771053_transcript,12,everyone protects themselves and everyone fends for themselves. I feel,neutral,0.6709908843040466
6a08b810d807f5805aabe02e_audio_missing_utopia_1780152771053_transcript,13,like that could be a certain society that's missing. And,negative,0.49454396963119507
6a08b810d807f5805aabe02e_audio_missing_utopia_1780152771053_transcript,14,"to be honest, I would hate for that. I would",negative,0.9240269064903259
6a08b810d807f5805aabe02e_audio_missing_utopia_1780152771053_transcript,15,"hate that kind of society where there's just no, There's",negative,0.9337218999862671
6a08b810d807f5805aabe02e_audio_missing_utopia_1780152771053_transcript,16,no societal rules. There's no legal rules. There's no consequence.,neutral,0.599581241607666
6a08b810d807f5805aabe02e_audio_missing_utopia_1780152771053_transcript,17,And everybody takes things into their own hands. I think,neutral,0.7264994978904724
6a08b810d807f5805aabe02e_audio_missing_utopia_1780152771053_transcript,18,"that would be very chaotic. Interesting in theory, but I",neutral,0.49813058972358704
6a08b810d807f5805aabe02e_audio_missing_utopia_1780152771053_transcript,19,think that just knowing how humans react when there's no,neutral,0.7056668996810913
6a08b810d807f5805aabe02e_audio_missing_utopia_1780152771053_transcript,20,rules and there's no governance and there's no consequences to,negative,0.7622809410095215
6a08b810d807f5805aabe02e_audio_ranking_explanation_1780152676536_transcript,0,I put modern or green utopia as being my most,neutral,0.5285221338272095
6a08b810d807f5805aabe02e_audio_ranking_explanation_1780152676536_transcript,1,preferred because I really do just see that being the,neutral,0.7854999899864197
6a08b810d807f5805aabe02e_audio_ranking_explanation_1780152676536_transcript,2,most ideal and most utopian way to live for me,positive,0.7787859439849854
6a08b810d807f5805aabe02e_audio_ranking_explanation_1780152676536_transcript,3,as far as everything is sustainable and it's secure. And,positive,0.5399407744407654
6a08b810d807f5805aabe02e_audio_ranking_explanation_1780152676536_transcript,4,I think that's the most important part about it all,positive,0.8461308479309082
6a08b810d807f5805aabe02e_audio_ranking_explanation_1780152676536_transcript,5,"as far as ranking, because as long as the way",neutral,0.8251826763153076
6a08b810d807f5805aabe02e_audio_ranking_explanation_1780152676536_transcript,6,"of life is secure, I mean, nothing can ever be",neutral,0.5697978138923645
6a08b810d807f5805aabe02e_audio_ranking_explanation_1780152676536_transcript,7,100 percent. But to even have the main structure to,neutral,0.7194811105728149
6a08b810d807f5805aabe02e_audio_ranking_explanation_1780152676536_transcript,8,be just secure would be the best for me. After,positive,0.8172191977500916
6a08b810d807f5805aabe02e_audio_ranking_explanation_1780152676536_transcript,9,"that, I chose futuristic just because to have more science",neutral,0.6065840125083923
6a08b810d807f5805aabe02e_audio_ranking_explanation_1780152676536_transcript,10,"and innovation is kind of crucial, I would say, in",neutral,0.5205116271972656
6a08b810d807f5805aabe02e_audio_ranking_explanation_1780152676536_transcript,11,"the advancement of human life. It's crucial and it's important,",positive,0.9104830622673035
6a08b810d807f5805aabe02e_audio_ranking_explanation_1780152676536_transcript,12,but maybe not the most crucial important. So I put,neutral,0.6001289486885071
6a08b810d807f5805aabe02e_audio_ranking_explanation_1780152676536_transcript,13,"it at the sixth place. number five, I put the",neutral,0.9084022641181946
6a08b810d807f5805aabe02e_audio_ranking_explanation_1780152676536_transcript,14,moral commonwealth or just having inner morality. I feel like,neutral,0.783203661441803
6a08b810d807f5805aabe02e_audio_ranking_explanation_1780152676536_transcript,15,it would be nice to live in a life like,positive,0.6563564538955688
6a08b810d807f5805aabe02e_audio_ranking_explanation_1780152676536_transcript,16,that where everybody kind of just knows what to do.,neutral,0.7542011141777039
6a08b810d807f5805aabe02e_audio_ranking_explanation_1780152676536_transcript,17,"And everyone just tries their best to be good people,",positive,0.821747362613678
6a08b810d807f5805aabe02e_audio_ranking_explanation_1780152676536_transcript,18,"good business partners, you know, and just be good people",positive,0.7418673038482666
6a08b810d807f5805aabe02e_audio_ranking_explanation_1780152676536_transcript,19,"to each other, whether that's just in, you know, person",neutral,0.8554328680038452
6a08b810d807f5805aabe02e_audio_ranking_explanation_1780152676536_transcript,20,"to person or business to consumer, you know, I do,",neutral,0.8274602890014648
6a08b810d807f5805aabe02e_audio_ranking_explanation_1780152676536_transcript,21,I would think that that's a kind of a nice,positive,0.5058973431587219
6a08b810d807f5805aabe02e_audio_ranking_explanation_1780152676536_transcript,22,"way to live, but unpractical or not. I wouldn't say",neutral,0.7516767382621765
6a08b810d807f5805aabe02e_audio_ranking_explanation_1780152676536_transcript,23,unpractical. I would say kind of not realistic. I put,negative,0.8200623989105225
6a08b810d807f5805aabe02e_audio_ranking_explanation_1780152676536_transcript,24,"the rule, the institutional utopia as the, my fourth most",neutral,0.6401528716087341
6a08b810d807f5805aabe02e_audio_ranking_explanation_1780152676536_transcript,25,"prefer the rule of law, because I think that's kind",neutral,0.5718867778778076
6a08b810d807f5805aabe02e_audio_ranking_explanation_1780152676536_transcript,26,of how we live today where there's just a lot,neutral,0.6964219212532043
6a08b810d807f5805aabe02e_audio_ranking_explanation_1780152676536_transcript,27,of laws. There's just a lot of rules and there's,neutral,0.6677260398864746
6a08b810d807f5805aabe02e_audio_ranking_explanation_1780152676536_transcript,28,"set, you know, consequences to those rules which can be",neutral,0.830489456653595
6a08b810d807f5805aabe02e_audio_ranking_explanation_1780152676536_transcript,29,ideal because you know i think that for every action,neutral,0.6655153632164001
6a08b810d807f5805aabe02e_audio_ranking_explanation_1780152676536_transcript,30,there needs to be a consequence or reaction especially because,neutral,0.5658355951309204
6a08b810d807f5805aabe02e_audio_ranking_explanation_1780152676536_transcript,31,everyone doesn't have the same mental processes and there's certain,neutral,0.566072940826416
6a08b810d807f5805aabe02e_audio_ranking_explanation_1780152676536_transcript,32,actions that are just not okay and there needs to,negative,0.897315263748169
6a08b810d807f5805aabe02e_audio_ranking_explanation_1780152676536_transcript,33,be consequences in place to deter people from doing that,neutral,0.497892826795578
6a08b810d807f5805aabe02e_audio_ranking_explanation_1780152676536_transcript,34,"um which i think can happen in the moral Commonwealth,",neutral,0.8993089199066162
6a08b810d807f5805aabe02e_audio_ranking_explanation_1780152676536_transcript,35,"futuristic utopia, and the modern green utopia. So I don't",neutral,0.7214255928993225
6a08b810d807f5805aabe02e_audio_ranking_explanation_1780152676536_transcript,36,think that that's kind of the most ideal way for,positive,0.5212120413780212
6a08b810d807f5805aabe02e_audio_ranking_explanation_1780152676536_transcript,37,me to live or for us to live. And then,neutral,0.8750624656677246
6a08b810d807f5805aabe02e_audio_ranking_explanation_1780152676536_transcript,38,"for my last bottom three places, I chose the primitive",neutral,0.7664684057235718
6a08b810d807f5805aabe02e_audio_ranking_explanation_1780152676536_transcript,39,"utopia, the AI-centered utopia, and then the religious utopia. And",neutral,0.859876811504364
6a08b810d807f5805aabe02e_audio_ranking_explanation_1780152676536_transcript,40,"I said that because low tech, small scale, I'm a",neutral,0.6055968999862671
6a08b810d807f5805aabe02e_audio_ranking_explanation_1780152676536_transcript,41,maximalist. I love the idea of having you know not,positive,0.8792677521705627
6a08b810d807f5805aabe02e_audio_ranking_explanation_1780152676536_transcript,42,many not a lot of tech and being very kind,neutral,0.48354822397232056
6a08b810d807f5805aabe02e_audio_ranking_explanation_1780152676536_transcript,43,of small scale in theory it's very nice and calm,positive,0.933730959892273
6a08b810d807f5805aabe02e_audio_ranking_explanation_1780152676536_transcript,44,and peaceful but in in practice it's after being kind,positive,0.5240044593811035
6a08b810d807f5805aabe02e_audio_ranking_explanation_1780152676536_transcript,45,of used to the way things are i feel like,neutral,0.5537112951278687
6a08b810d807f5805aabe02e_audio_ranking_explanation_1780152676536_transcript,46,that would be not ideal um ai centered utopia i,negative,0.8806658983230591
6a08b810d807f5805aabe02e_audio_ranking_explanation_1780152676536_transcript,47,think that that's a terrible way to live i think,negative,0.938817024230957
6a08b810d807f5805aabe02e_audio_ranking_explanation_1780152676536_transcript,48,that ai can be useful i think it can be,positive,0.8360804915428162
6a08b810d807f5805aabe02e_audio_ranking_explanation_1780152676536_transcript,49,implemented well um in certain systems to help advance life.,positive,0.5981024503707886
6a08b810d807f5805aabe02e_audio_ranking_explanation_1780152676536_transcript,50,But I don't think that having an AI-centered utopia or,neutral,0.5079070925712585
6a08b810d807f5805aabe02e_audio_ranking_explanation_1780152676536_transcript,51,just data-driven governance is good because technology can make mistakes.,neutral,0.5120329856872559
6a08b810d807f5805aabe02e_audio_ranking_explanation_1780152676536_transcript,52,And I think that human oversight is important. And just,positive,0.49877193570137024
6a08b810d807f5805aabe02e_audio_ranking_explanation_1780152676536_transcript,53,to be in a society where it's kind of like,neutral,0.7743391394615173
6a08b810d807f5805aabe02e_audio_ranking_explanation_1780152676536_transcript,54,"just ruled by AI, I don't think that would be",negative,0.5606783032417297
6a08b810d807f5805aabe02e_audio_ranking_explanation_1780152676536_transcript,55,good. And then I had my religious utopia or faith-based,positive,0.5811668038368225
6a08b810d807f5805aabe02e_audio_ranking_explanation_1780152676536_transcript,56,order last because there's so many religions and everybody interprets,neutral,0.6593692302703857
6a08b810d807f5805aabe02e_audio_ranking_explanation_1780152676536_transcript,57,religion differently that to just have a society based on,neutral,0.7437044382095337
6a08b810d807f5805aabe02e_audio_ranking_explanation_1780152676536_transcript,58,"religion can get really hectic really fast. And then, you",negative,0.4981650412082672
6a08b810d807f5805aabe02e_audio_ranking_explanation_1780152676536_transcript,59,"know, next thing you know, we're having like the witch",neutral,0.6339829564094543
6a08b810d807f5805aabe02e_audio_ranking_explanation_1780152676536_transcript,60,hunt trials again. And I just think that it's important,positive,0.7250199317932129
6a08b810d807f5805aabe02e_audio_ranking_explanation_1780152676536_transcript,61,"to just keep faith out of like governance, I would",neutral,0.7573627829551697
6a08b810d807f5805aabe02e_audio_ranking_explanation_1780152676536_transcript,62,"say, of people just because everybody believes in such different",neutral,0.801418125629425
6a0a21f0fcfb4aa7eb203b1e_audio_missing_utopia_1780190811440_transcript,0,I don't really think there was really anything missing from,neutral,0.6356428265571594
6a0a21f0fcfb4aa7eb203b1e_audio_missing_utopia_1780190811440_transcript,1,those but my kind of personal vision would be somewhat,neutral,0.8604183197021484
6a0a21f0fcfb4aa7eb203b1e_audio_missing_utopia_1780190811440_transcript,2,similar to the stuff I read that it showed sure,neutral,0.8941856622695923
6a0a21f0fcfb4aa7eb203b1e_audio_missing_utopia_1780190811440_transcript,3,morality would be up there but mainly just preserving the,neutral,0.7960629463195801
6a0a21f0fcfb4aa7eb203b1e_audio_missing_utopia_1780190811440_transcript,4,planet we live on and making sure everyone has breathed,neutral,0.6737096905708313
6a0a21f0fcfb4aa7eb203b1e_audio_missing_utopia_1780190811440_transcript,5,a little air costs are low for everyone we can,neutral,0.636058509349823
6a0a21f0fcfb4aa7eb203b1e_audio_missing_utopia_1780190811440_transcript,6,help each other in a way that'd be kind of,positive,0.48263296484947205
6a0a21f0fcfb4aa7eb203b1e_audio_missing_utopia_1780190811440_transcript,7,nice but you know sometimes we gotta be independent so,neutral,0.4713311791419983
6a0a21f0fcfb4aa7eb203b1e_audio_ranking_explanation_1780190748026_transcript,0,the reason modern green utopia is at the very top,neutral,0.48757070302963257
6a0a21f0fcfb4aa7eb203b1e_audio_ranking_explanation_1780190748026_transcript,1,is because this planet is dying it's sad it's true,negative,0.9007198214530945
6a0a21f0fcfb4aa7eb203b1e_audio_ranking_explanation_1780190748026_transcript,2,um it needs to be sustained so we can all,neutral,0.6959518194198608
6a0a21f0fcfb4aa7eb203b1e_audio_ranking_explanation_1780190748026_transcript,3,stay alive basically you know and ai is not gonna,neutral,0.6801714897155762
6a0a21f0fcfb4aa7eb203b1e_audio_ranking_explanation_1780190748026_transcript,4,freaking help us with that and having it governed and,negative,0.6261957287788391
6a0a21f0fcfb4aa7eb203b1e_audio_ranking_explanation_1780190748026_transcript,5,take over the world and pollute our cities our skies,negative,0.8483816981315613
6a0a21f0fcfb4aa7eb203b1e_audio_ranking_explanation_1780190748026_transcript,6,it's ruining everything and it's like i understand people think,negative,0.9273986220359802
6a0a21f0fcfb4aa7eb203b1e_audio_ranking_explanation_1780190748026_transcript,7,oh it's dumb it's hippie shit i get it but,negative,0.9030277729034424
6a0a21f0fcfb4aa7eb203b1e_audio_ranking_explanation_1780190748026_transcript,8,the problem is is the fact that if we can,negative,0.6338965892791748
6a0a21f0fcfb4aa7eb203b1e_audio_ranking_explanation_1780190748026_transcript,9,sustain the earth we live longer factually because this planet,positive,0.5158357620239258
6a0a21f0fcfb4aa7eb203b1e_audio_ranking_explanation_1780190748026_transcript,10,can get ruined by us it can get to a,negative,0.8690739870071411
6a0a21f0fcfb4aa7eb203b1e_audio_ranking_explanation_1780190748026_transcript,11,point where we are unable to live on this planet,negative,0.8500673174858093
6a0a21f0fcfb4aa7eb203b1e_audio_ranking_explanation_1780190748026_transcript,12,and we'll have to find a new one if that's,negative,0.5534523725509644
6a0a21f0fcfb4aa7eb203b1e_audio_ranking_explanation_1780190748026_transcript,13,even possible because this planet is literally made so perfectly,positive,0.9301854968070984
6a0a21f0fcfb4aa7eb203b1e_audio_ranking_explanation_1780190748026_transcript,14,it's like if we have to find a new one,negative,0.5016443133354187
6a0a21f0fcfb4aa7eb203b1e_audio_ranking_explanation_1780190748026_transcript,15,it's going to make one in a billion one in,neutral,0.6405646204948425
6a0a21f0fcfb4aa7eb203b1e_audio_ranking_explanation_1780190748026_transcript,16,a billion so we have to take care of this,neutral,0.7048448324203491
6a0a21f0fcfb4aa7eb203b1e_audio_ranking_explanation_1780190748026_transcript,17,one so well that a modern green utopia will be,positive,0.6080768704414368
6a0a21f0fcfb4aa7eb203b1e_audio_ranking_explanation_1780190748026_transcript,18,best now I am a religious person and partially i,positive,0.6648843884468079
6a0a21f0fcfb4aa7eb203b1e_audio_ranking_explanation_1780190748026_transcript,19,kind of wish religious utopia would be good the problem,negative,0.6916409730911255
6a0a21f0fcfb4aa7eb203b1e_audio_ranking_explanation_1780190748026_transcript,20,is though i know there are many people who use,neutral,0.8380905985832214
6a0a21f0fcfb4aa7eb203b1e_audio_ranking_explanation_1780190748026_transcript,21,the words of christ or muhammad or moses whatever you,neutral,0.8989394307136536
6a0a21f0fcfb4aa7eb203b1e_audio_ranking_explanation_1780190748026_transcript,22,believe in who use the religious text in the most,neutral,0.7793402671813965
6a0a21f0fcfb4aa7eb203b1e_audio_ranking_explanation_1780190748026_transcript,23,horrid and awful ways and it would just not be,negative,0.9196555614471436
6a0a21f0fcfb4aa7eb203b1e_audio_ranking_explanation_1780190748026_transcript,24,preferable wouldn't help anything at all also i like the,neutral,0.49675238132476807
6a0a21f0fcfb4aa7eb203b1e_audio_ranking_explanation_1780190748026_transcript,25,low tech stuff small scale it keeps things to a,neutral,0.7008268237113953
6a0a21f0fcfb4aa7eb203b1e_audio_ranking_explanation_1780190748026_transcript,26,minimum helps things out uh make sure you don't get,neutral,0.5819600224494934
6a0a21f0fcfb4aa7eb203b1e_audio_ranking_explanation_1780190748026_transcript,27,the ai you know which is the worst scenario in,negative,0.8121751546859741
6a0a21f0fcfb4aa7eb203b1e_audio_ranking_explanation_1780190748026_transcript,28,my opinion i mean so a small scale keeps its,neutral,0.7839338183403015
6a0a21f0fcfb4aa7eb203b1e_audio_ranking_explanation_1780190748026_transcript,29,minimum while managing all the environmental and economic stuff nicely,neutral,0.6379991173744202
6a0a21f0fcfb4aa7eb203b1e_audio_ranking_explanation_1780190748026_transcript,30,uh futuristic utopia uh i do like that could be,positive,0.6852500438690186
6a0a21f0fcfb4aa7eb203b1e_audio_ranking_explanation_1780190748026_transcript,31,bad but i feel like it could also be good,neutral,0.4176273047924042
6a0a21f0fcfb4aa7eb203b1e_audio_ranking_explanation_1780190748026_transcript,32,too as long as we manage the environmental and economic,neutral,0.7029948234558105
6a0a21f0fcfb4aa7eb203b1e_audio_ranking_explanation_1780190748026_transcript,33,standpoints especially environmental but i also feel like futurist utopia,neutral,0.7266041040420532
6a0a21f0fcfb4aa7eb203b1e_audio_ranking_explanation_1780190748026_transcript,34,help out that is the that is meant for innovation,neutral,0.6326258182525635
6a0a21f0fcfb4aa7eb203b1e_audio_ranking_explanation_1780190748026_transcript,35,overall could be amazing uh yeah that's all i have,positive,0.9430623054504395
6a0a96921b2257d981246dcd_audio_missing_utopia_1780204730004_transcript,0,"Off the top of my head, I can't really think",neutral,0.4961543083190918
6a0a96921b2257d981246dcd_audio_missing_utopia_1780204730004_transcript,1,of anything that was missed. I think that those seven,neutral,0.7194422483444214
6a0a96921b2257d981246dcd_audio_ranking_explanation_1780204697022_transcript,0,Hello. I break the societies this way because I believe,positive,0.5506858229637146
6a0a96921b2257d981246dcd_audio_ranking_explanation_1780204697022_transcript,1,living in a way that makes us more connected with,positive,0.6497267484664917
6a0a96921b2257d981246dcd_audio_ranking_explanation_1780204697022_transcript,2,the environment and protective of the environment is the best,positive,0.9515358805656433
6a0a96921b2257d981246dcd_audio_ranking_explanation_1780204697022_transcript,3,way to live. And I feel like it's the most,neutral,0.5401570200920105
6a0a96921b2257d981246dcd_audio_ranking_explanation_1780204697022_transcript,4,"natural, seeing as we are animals, and it seems like",neutral,0.7829903364181519
6a0a96921b2257d981246dcd_audio_ranking_explanation_1780204697022_transcript,5,the most healthy for us physically and mentally. Hand in,positive,0.7605879902839661
6a0a96921b2257d981246dcd_audio_ranking_explanation_1780204697022_transcript,6,hand in that goes with that goes science and also,neutral,0.8779878616333008
6a0a96921b2257d981246dcd_audio_ranking_explanation_1780204697022_transcript,7,"the primitive utopia. So basically, basically limiting technology and focusing",negative,0.5153189301490784
6a0a96921b2257d981246dcd_audio_ranking_explanation_1780204697022_transcript,8,on smaller scale human connection. and um the institutional utopia,neutral,0.7565458416938782
6a0a96921b2257d981246dcd_audio_ranking_explanation_1780204697022_transcript,9,i think on paper like could be good but i,neutral,0.5374031662940979
6a0a96921b2257d981246dcd_audio_ranking_explanation_1780204697022_transcript,10,think it gets too um separated from emotions and too,negative,0.6498157978057861
6a0a96921b2257d981246dcd_audio_ranking_explanation_1780204697022_transcript,11,abstract um and can lead to feel basically being cold,neutral,0.6836594939231873
6a0a96921b2257d981246dcd_audio_ranking_explanation_1780204697022_transcript,12,and inhumane um and then the last two i ranked,negative,0.8854076266288757
6a0a96921b2257d981246dcd_audio_ranking_explanation_1780204697022_transcript,13,as least desirable the religious and ai centered i don't,negative,0.6462027430534363
6a0a96921b2257d981246dcd_audio_ranking_explanation_1780204697022_transcript,14,think that artificial intelligence should be as prevalent as it,neutral,0.7155900001525879
6a0a96921b2257d981246dcd_audio_ranking_explanation_1780204697022_transcript,15,is and also as it should not be what is,negative,0.8163243532180786
6a0a96921b2257d981246dcd_audio_ranking_explanation_1780204697022_transcript,16,governing us and also with religion it's too biased and,negative,0.7922148108482361
6a0a96921b2257d981246dcd_audio_ranking_explanation_1780204697022_transcript,17,too harsh so i think that um those are my,negative,0.6524810791015625
6a0b012ac9f16bd108225765_audio_missing_utopia_1780179866216_transcript,0,"Again, I feel like these are very simplified answers to",negative,0.6577422618865967
6a0b012ac9f16bd108225765_audio_missing_utopia_1780179866216_transcript,1,"these things, but maybe some values that we're missing that",neutral,0.5897620320320129
6a0b012ac9f16bd108225765_audio_missing_utopia_1780179866216_transcript,2,might be important is like education or the arts or,neutral,0.826099693775177
6a0b012ac9f16bd108225765_audio_missing_utopia_1780179866216_transcript,3,"community-based culture, things of that nature, themes of those things",neutral,0.7934665679931641
6a0b012ac9f16bd108225765_audio_ranking_explanation_1780179824799_transcript,0,I think there would be flaws in all of these,negative,0.7922248244285583
6a0b012ac9f16bd108225765_audio_ranking_explanation_1780179824799_transcript,1,"systems, and it's a very simplified answer to a big",negative,0.49553412199020386
6a0b012ac9f16bd108225765_audio_ranking_explanation_1780179824799_transcript,2,"question, but the idea of authoritarian rule in either religion,",neutral,0.641602635383606
6a0b012ac9f16bd108225765_audio_ranking_explanation_1780179824799_transcript,3,"law, or AI feels worse than something that would be",negative,0.9181433916091919
6a0b012ac9f16bd108225765_audio_ranking_explanation_1780179824799_transcript,4,based in sustainability and security. and morality. That just seems,neutral,0.7615154385566711
6a0b012ac9f16bd108225765_audio_ranking_explanation_1780179824799_transcript,5,like a more ideal situation for the masses and like,positive,0.524241030216217
6a0b012ac9f16bd108225765_audio_ranking_explanation_1780179824799_transcript,6,the problems there would be a lot more manageable than,neutral,0.5472604632377625
6a0baf5f27b302205f407d3c_audio_missing_utopia_1780198456727_transcript,0,"I don't think there's anything absent, maybe like, um, nothing,",neutral,0.7477279305458069
6a0baf5f27b302205f407d3c_audio_missing_utopia_1780198456727_transcript,1,"I think you said all the good ones, I mean,",positive,0.6477274298667908
6a0baf5f27b302205f407d3c_audio_missing_utopia_1780198456727_transcript,2,"I feel like there could be societies that are, I",neutral,0.7546262741088867
6a0baf5f27b302205f407d3c_audio_missing_utopia_1780198456727_transcript,3,"don't know, where everyone's interdependent and everyone is kind of",neutral,0.8675655722618103
6a0baf5f27b302205f407d3c_audio_missing_utopia_1780198456727_transcript,4,"like the same culture and religion, everything's kind of like",neutral,0.7941046357154846
6a0baf5f27b302205f407d3c_audio_missing_utopia_1780198456727_transcript,5,"the same, and that would be a bad society, but",negative,0.8899003267288208
6a0baf5f27b302205f407d3c_audio_ranking_explanation_1780198428367_transcript,0,I just felt like basing it off people's morals instead,neutral,0.5475336313247681
6a0baf5f27b302205f407d3c_audio_ranking_explanation_1780198428367_transcript,1,"of, like, religious morals. Like, you can have morals without",neutral,0.7372022271156311
6a0baf5f27b302205f407d3c_audio_ranking_explanation_1780198428367_transcript,2,following religion. And I think that's very important to distinguish.,neutral,0.6007203459739685
6a0baf5f27b302205f407d3c_audio_ranking_explanation_1780198428367_transcript,3,I think that's important in a sustainable and secure future.,positive,0.8666556477546692
6a0baf5f27b302205f407d3c_audio_ranking_explanation_1780198428367_transcript,4,I think that would help us to last the longest.,positive,0.7660565972328186
6a0baf5f27b302205f407d3c_audio_ranking_explanation_1780198428367_transcript,5,I feel like the rule of law is what we,neutral,0.6934182643890381
6a0baf5f27b302205f407d3c_audio_ranking_explanation_1780198428367_transcript,6,"live in right now, which is okay, but it's not",neutral,0.5767384171485901
6a0baf5f27b302205f407d3c_audio_ranking_explanation_1780198428367_transcript,7,"perfect, obviously. and then the ones in the bottom, religion",positive,0.5106422305107117
6a0baf5f27b302205f407d3c_audio_ranking_explanation_1780198428367_transcript,8,"and AI-centered, it shouldn't be centered off something that's not",negative,0.5619692206382751
6a0ccabeb492695467a7d337_audio_missing_utopia_1780167955185_transcript,0,Knowledge in the educational future society. My vision for this,positive,0.7986325621604919
6a0ccabeb492695467a7d337_audio_missing_utopia_1780167955185_transcript,1,society is because people need the knowledge to keep themselves,neutral,0.7289209365844727
6a0ccabeb492695467a7d337_audio_ranking_explanation_1780167880127_transcript,0,The rule of law gives people a constitutional way of,neutral,0.8123045563697815
6a0ccfac62d36e0c006f5a90_audio_missing_utopia_1780172285336_transcript,0,"I think by missing future society, I would like, would",neutral,0.5785641670227051
6a0ccfac62d36e0c006f5a90_audio_missing_utopia_1780172285336_transcript,1,probably be a combination of my first choice and second,neutral,0.8265630006790161
6a0ccfac62d36e0c006f5a90_audio_missing_utopia_1780172285336_transcript,2,"choice, combining just an idealized collaboration between people as well",neutral,0.7441638708114624
6a0ccfac62d36e0c006f5a90_audio_missing_utopia_1780172285336_transcript,3,as focus on their environment and sustainability. Maybe a society,neutral,0.7365323901176453
6a0ccfac62d36e0c006f5a90_audio_missing_utopia_1780172285336_transcript,4,that has more emphasis on the arts as well and,neutral,0.819092869758606
6a0ccfac62d36e0c006f5a90_audio_ranking_explanation_1780172168633_transcript,0,I believe that primitivist utopia is my most preferred society,positive,0.6112825274467468
6a0ccfac62d36e0c006f5a90_audio_ranking_explanation_1780172168633_transcript,1,"because when I was reading the paragraph description, I thought",neutral,0.872501790523529
6a0ccfac62d36e0c006f5a90_audio_ranking_explanation_1780172168633_transcript,2,it was the most ideal and suited everybody as a,positive,0.9464209675788879
6a0ccfac62d36e0c006f5a90_audio_ranking_explanation_1780172168633_transcript,3,"whole. Meanwhile, the religious utopia, faith-based order seemed to be",neutral,0.719002366065979
6a0ccfac62d36e0c006f5a90_audio_ranking_explanation_1780172168633_transcript,4,"very controlling, and not many people may want to partake",negative,0.7922171950340271
6a0ccfac62d36e0c006f5a90_audio_ranking_explanation_1780172168633_transcript,5,in a type of religion or that kind of control.,neutral,0.6935628652572632
6a0ccfac62d36e0c006f5a90_audio_ranking_explanation_1780172168633_transcript,6,"As for my second one, Modern Green Utopia, I'm very",neutral,0.6547250151634216
6a0ccfac62d36e0c006f5a90_audio_ranking_explanation_1780172168633_transcript,7,in favor of sustainability and climate control. I believe that,positive,0.7634680271148682
6a0ccfac62d36e0c006f5a90_audio_ranking_explanation_1780172168633_transcript,8,when I was reading the paragraph descriptions that it was,neutral,0.8542490005493164
6a0ccfac62d36e0c006f5a90_audio_ranking_explanation_1780172168633_transcript,9,"very appealing to me, but it seems very hard to",neutral,0.5129956007003784
6a0ccfac62d36e0c006f5a90_audio_ranking_explanation_1780172168633_transcript,10,"achieve, although it would be a good goal. And the",positive,0.7888398170471191
6a0ccfac62d36e0c006f5a90_audio_ranking_explanation_1780172168633_transcript,11,"other ones, Moral Commonwealth, Futuristic Utopia, Institutional Utopia, I thought",neutral,0.8786384463310242
6a0ccfac62d36e0c006f5a90_audio_ranking_explanation_1780172168633_transcript,12,they were somewhat okay. That's why they are in the,positive,0.5001186728477478
6a0ccfac62d36e0c006f5a90_audio_ranking_explanation_1780172168633_transcript,13,middle of my ranking. I just thought that they sort,neutral,0.8382948637008667
6a0ccfac62d36e0c006f5a90_audio_ranking_explanation_1780172168633_transcript,14,of have the best interest of the general public in,neutral,0.6752913594245911
6a0ccfac62d36e0c006f5a90_audio_ranking_explanation_1780172168633_transcript,15,"mind, and I could sort of see myself fitting in,",positive,0.5103318095207214
6a0ccfac62d36e0c006f5a90_audio_ranking_explanation_1780172168633_transcript,16,but it single-handedly seemed too idealistic as well as very,negative,0.8213058710098267
6a0ccfac62d36e0c006f5a90_audio_ranking_explanation_1780172168633_transcript,17,unattainable because people are different and may not want to,neutral,0.49361780285835266
6a0ccfac62d36e0c006f5a90_audio_ranking_explanation_1780172168633_transcript,18,adhere to certain things. And AI I am not too,neutral,0.7320085763931274
6a0ccfac62d36e0c006f5a90_audio_ranking_explanation_1780172168633_transcript,19,in favor of just because I don't believe that AI,neutral,0.6109165549278259
6a0ccfac62d36e0c006f5a90_audio_ranking_explanation_1780172168633_transcript,20,should really dictate a majority of our lives and data,neutral,0.672809898853302
6a0e62bef81c36a7dfcd404f_audio_missing_utopia_1780199654309_transcript,0,um i'm not really sure i feel like maybe i,neutral,0.6673592925071716
6a0e62bef81c36a7dfcd404f_audio_missing_utopia_1780199654309_transcript,1,feel like all the societies are very like um dramatic,negative,0.5411656498908997
6a0e62bef81c36a7dfcd404f_audio_missing_utopia_1780199654309_transcript,2,and maybe like a one that's like more in the,neutral,0.8684253692626953
6a0e62bef81c36a7dfcd404f_audio_missing_utopia_1780199654309_transcript,3,middle like like how i just said that some of,neutral,0.8642075657844543
6a0e62bef81c36a7dfcd404f_audio_missing_utopia_1780199654309_transcript,4,them were like more on the lower end of like,neutral,0.8836914300918579
6a0e62bef81c36a7dfcd404f_audio_missing_utopia_1780199654309_transcript,5,oh you get like a limited supply of stuff if,neutral,0.8559998273849487
6a0e62bef81c36a7dfcd404f_audio_missing_utopia_1780199654309_transcript,6,there was like oh you get a medium supply of,neutral,0.871796190738678
6a0e62bef81c36a7dfcd404f_audio_missing_utopia_1780199654309_transcript,7,stuff but it can be like altered you know and,neutral,0.8042681813240051
6a0e62bef81c36a7dfcd404f_audio_missing_utopia_1780199654309_transcript,8,"i also like the idea of everyone having, like, enough",positive,0.7147533893585205
6a0e62bef81c36a7dfcd404f_audio_missing_utopia_1780199654309_transcript,9,"to survive without having to, like, fight or struggle. Um,",neutral,0.7461909055709839
6a0e62bef81c36a7dfcd404f_audio_ranking_explanation_1780199598196_transcript,0,okay so i ranked the moral commonwealth one because i,neutral,0.8262475728988647
6a0e62bef81c36a7dfcd404f_audio_ranking_explanation_1780199598196_transcript,1,thought that people being like nice and having good morals,positive,0.46926313638687134
6a0e62bef81c36a7dfcd404f_audio_ranking_explanation_1780199598196_transcript,2,is very useful and like i guess ideal and i,positive,0.9377226233482361
6a0e62bef81c36a7dfcd404f_audio_ranking_explanation_1780199598196_transcript,3,ranked the religious utopia last because i am not um,neutral,0.6767504215240479
6a0e62bef81c36a7dfcd404f_audio_ranking_explanation_1780199598196_transcript,4,religious so that would be like the worst for me,negative,0.9087712168693542
6a0e62bef81c36a7dfcd404f_audio_ranking_explanation_1780199598196_transcript,5,and i think that like the institutional and AI centered,neutral,0.8602696657180786
6a0e62bef81c36a7dfcd404f_audio_ranking_explanation_1780199598196_transcript,6,utopia would be very like um calm and like like,positive,0.6092764139175415
6a0e62bef81c36a7dfcd404f_audio_ranking_explanation_1780199598196_transcript,7,easy life and then I'd rather not like I don't,negative,0.44765812158584595
6a0e62bef81c36a7dfcd404f_audio_ranking_explanation_1780199598196_transcript,8,know I think because I'm not good at science I,negative,0.8085675239562988
6a0e62bef81c36a7dfcd404f_audio_ranking_explanation_1780199598196_transcript,9,didn't love the futurist futurist utopia and then for low,negative,0.8922383189201355
6a0e62bef81c36a7dfcd404f_audio_ranking_explanation_1780199598196_transcript,10,tech and small scale I feel like that would also,neutral,0.7844143509864807
6a0e62bef81c36a7dfcd404f_audio_ranking_explanation_1780199598196_transcript,11,like that's why I ranked primitivist sorry primitivist um lower,negative,0.49221178889274597
6a0e62bef81c36a7dfcd404f_audio_ranking_explanation_1780199598196_transcript,12,as well as modern green because I like having more,positive,0.6894329190254211
6a1084a49839aa6ea0a82bff_audio_missing_utopia_1780163382040_transcript,0,I would say the biggest thing to get in checks,neutral,0.47554251551628113
6a1084a49839aa6ea0a82bff_audio_missing_utopia_1780163382040_transcript,1,"and balances and evaluation of both, you know, the community",neutral,0.849704921245575
6a1084a49839aa6ea0a82bff_audio_missing_utopia_1780163382040_transcript,2,greater good versus the individuality in free will. So I,positive,0.6088483333587646
6a1084a49839aa6ea0a82bff_audio_missing_utopia_1780163382040_transcript,3,"rank those higher, but those were not necessarily clearly as",neutral,0.7759182453155518
6a1084a49839aa6ea0a82bff_audio_ranking_explanation_1780163349613_transcript,0,"I ranked the societies that had a balance between innovation,",neutral,0.6471539735794067
6a1084a49839aa6ea0a82bff_audio_ranking_explanation_1780163349613_transcript,1,"you know, data-based and like personal freedoms, if you were,",neutral,0.7890046238899231
6a1084a49839aa6ea0a82bff_audio_ranking_explanation_1780163349613_transcript,2,"above those that had, you know, personal morality, religious base,",neutral,0.8139899373054504
6a1084a49839aa6ea0a82bff_audio_ranking_explanation_1780163349613_transcript,3,"things like that, or even AI base that is contingent",neutral,0.7281529903411865
6a1084a49839aa6ea0a82bff_audio_ranking_explanation_1780163349613_transcript,4,on one point of view and who determines that point,neutral,0.8525563478469849
6a1084a49839aa6ea0a82bff_audio_ranking_explanation_1780163349613_transcript,5,"of view? Who determines the religious text? You know, AI",neutral,0.845784068107605
6a1084a49839aa6ea0a82bff_audio_ranking_explanation_1780163349613_transcript,6,is not human. How can you deal with the realities,negative,0.7214429378509521
6a1084a49839aa6ea0a82bff_audio_ranking_explanation_1780163349613_transcript,7,of the gray areas of human life? So those were,neutral,0.7765438556671143
6a10c10b76e10d5e318448c3_audio_missing_utopia_1780174174744_transcript,0,My ideal society would be based off of a moral,neutral,0.5561379790306091
6a10c10b76e10d5e318448c3_audio_ranking_explanation_1780174151676_transcript,0,I ranked moral first just because I think a society,neutral,0.6215980648994446
6a10c10b76e10d5e318448c3_audio_ranking_explanation_1780174151676_transcript,1,"would function best based off of morality and AI last,",neutral,0.7430325150489807
6a10c10b76e10d5e318448c3_audio_ranking_explanation_1780174151676_transcript,2,"of course, just because I think that's honestly most people's",neutral,0.7448726892471313
6a124cb04da4df8e5924d495_audio_missing_utopia_1780206942400_transcript,0,"So they all had good points, but I feel like",positive,0.7689748406410217
6a124cb04da4df8e5924d495_audio_missing_utopia_1780206942400_transcript,1,having rule of law and also religion would be perfect,positive,0.5135704874992371
6a124cb04da4df8e5924d495_audio_missing_utopia_1780206942400_transcript,2,because I am a religious person. I feel like those,neutral,0.7390970587730408
6a124cb04da4df8e5924d495_audio_missing_utopia_1780206942400_transcript,3,"two together is what's missing. They were both there, just",neutral,0.7420916557312012
6a124cb04da4df8e5924d495_audio_missing_utopia_1780206942400_transcript,4,"not combined. Also having, you know, maybe small scale, but",neutral,0.8358191847801208
6a124cb04da4df8e5924d495_audio_missing_utopia_1780206942400_transcript,5,"like tech, basically having everything combined. For example, religion or",neutral,0.8828010559082031
6a124cb04da4df8e5924d495_audio_missing_utopia_1780206942400_transcript,6,"the law and also, you know, trying to prevent pollution",neutral,0.7732150554656982
6a124cb04da4df8e5924d495_audio_ranking_explanation_1780206891294_transcript,0,I bring these societies this way because I feel like,neutral,0.6322789192199707
6a124cb04da4df8e5924d495_audio_ranking_explanation_1780206891294_transcript,1,rule of law or institutional utopia is kind of what,neutral,0.8204706311225891
6a124cb04da4df8e5924d495_audio_ranking_explanation_1780206891294_transcript,2,we live with right now. And it's really the only,neutral,0.6895976066589355
6a124cb04da4df8e5924d495_audio_ranking_explanation_1780206891294_transcript,3,"thing that makes sense and feel like is ideal, in",positive,0.7977973818778992
6a124cb04da4df8e5924d495_audio_ranking_explanation_1780206891294_transcript,4,my opinion. AI-centered utopia is at last because it just,neutral,0.5908430814743042
6a124cb04da4df8e5924d495_audio_ranking_explanation_1780206891294_transcript,5,doesn't make sense. Having artificial intelligence make decisions for us,negative,0.7895800471305847
6a124cb04da4df8e5924d495_audio_ranking_explanation_1780206891294_transcript,6,is like something right out of a movie. It's something,positive,0.5031862258911133
6a124cb04da4df8e5924d495_audio_ranking_explanation_1780206891294_transcript,7,that I would never want to live if that's what,negative,0.9166805744171143
6a124cb04da4df8e5924d495_audio_ranking_explanation_1780206891294_transcript,8,society is. It's literally the world being doomed if we,negative,0.9101328253746033
6a124cb04da4df8e5924d495_audio_ranking_explanation_1780206891294_transcript,9,have no type of opinion or in the rules. Everything,neutral,0.6337136626243591
6a124cb04da4df8e5924d495_audio_ranking_explanation_1780206891294_transcript,10,"is being governed by someone who doesn't have a brain,",negative,0.782603919506073
6a124cb04da4df8e5924d495_audio_ranking_explanation_1780206891294_transcript,11,doesn't have a heart. That's really how I feel. So,negative,0.6724807620048523
6a124cb04da4df8e5924d495_audio_ranking_explanation_1780206891294_transcript,12,having clear rules or laws stated that everybody knows of,neutral,0.8137213587760925
6a124cb04da4df8e5924d495_audio_ranking_explanation_1780206891294_transcript,13,rather than a computer and coding telling us what's right,neutral,0.657830536365509
6a1319c4c12cd346dece9fba_audio_missing_utopia_1780201389306_transcript,0,The only thing I can think of is that if,neutral,0.5774128437042236
6a1319c4c12cd346dece9fba_audio_missing_utopia_1780201389306_transcript,1,there was a utopia or society that was governed by,neutral,0.780407190322876
6a1319c4c12cd346dece9fba_audio_missing_utopia_1780201389306_transcript,2,"everyone's differences instead of against it, one small example is",neutral,0.7354708909988403
6a1319c4c12cd346dece9fba_audio_missing_utopia_1780201389306_transcript,3,everybody has something that they specialize in and that they're,neutral,0.6646954417228699
6a1319c4c12cd346dece9fba_audio_missing_utopia_1780201389306_transcript,4,"good at, and so they should be able to do",neutral,0.5435985922813416
6a1319c4c12cd346dece9fba_audio_missing_utopia_1780201389306_transcript,5,that. But in some aspects or in some walks of,neutral,0.8438683152198792
6a1319c4c12cd346dece9fba_audio_missing_utopia_1780201389306_transcript,6,"life, in our type of utopia or society that we",neutral,0.8282746076583862
6a1319c4c12cd346dece9fba_audio_missing_utopia_1780201389306_transcript,7,"have now, people are not necessarily able to do the",neutral,0.6388891935348511
6a1319c4c12cd346dece9fba_audio_missing_utopia_1780201389306_transcript,8,things that they're good at because a lot of it's,positive,0.5283402800559998
6a1319c4c12cd346dece9fba_audio_missing_utopia_1780201389306_transcript,9,driven by money and not as much driven by what,neutral,0.6834424734115601
6a1319c4c12cd346dece9fba_audio_missing_utopia_1780201389306_transcript,10,people need and what people should and could be doing.,neutral,0.8475292325019836
6a1319c4c12cd346dece9fba_audio_ranking_explanation_1780201268920_transcript,0,"All right, as far as the AI-centered utopia, that sounds",neutral,0.5560787320137024
6a1319c4c12cd346dece9fba_audio_ranking_explanation_1780201268920_transcript,1,like it would sound better than it would actually be,positive,0.40325742959976196
6a1319c4c12cd346dece9fba_audio_ranking_explanation_1780201268920_transcript,2,"in practice. The science and innovation and rule of law,",neutral,0.7462228536605835
6a1319c4c12cd346dece9fba_audio_ranking_explanation_1780201268920_transcript,3,"you know, a lot of these, they just sound like",neutral,0.6352260112762451
6a1319c4c12cd346dece9fba_audio_ranking_explanation_1780201268920_transcript,4,they're going to end up either going in the wrong,negative,0.7960702776908875
6a1319c4c12cd346dece9fba_audio_ranking_explanation_1780201268920_transcript,5,direction or just not being sustainable. And although I also,negative,0.5744372606277466
6a1319c4c12cd346dece9fba_audio_ranking_explanation_1780201268920_transcript,6,"don't want to force any specific religion on anybody, I",neutral,0.6324105262756348
6a1319c4c12cd346dece9fba_audio_ranking_explanation_1780201268920_transcript,7,think that if everybody in the utopia did agree on,neutral,0.7145010232925415
6a1319c4c12cd346dece9fba_audio_ranking_explanation_1780201268920_transcript,8,"the same religion already, I think that would probably be",neutral,0.8820780515670776
6a1319c4c12cd346dece9fba_audio_ranking_explanation_1780201268920_transcript,9,the best option. or if there was some way to,neutral,0.6355239152908325
6a1319c4c12cd346dece9fba_audio_ranking_explanation_1780201268920_transcript,10,allow everybody to pursue their own religion but with everybody,neutral,0.7993032336235046
6a1319c4c12cd346dece9fba_audio_ranking_explanation_1780201268920_transcript,11,being able to still work together and not have wars,neutral,0.7061070799827576
6a137e9af9c0ce1fe98b75a3_audio_missing_utopia_1780176217182_transcript,0,"I think a combination of morality, technology, and sustainability is",neutral,0.7079160213470459
6a137e9af9c0ce1fe98b75a3_audio_missing_utopia_1780176217182_transcript,1,truly what would mark a utopia. This framework would depend,neutral,0.8045269846916199
6a137e9af9c0ce1fe98b75a3_audio_missing_utopia_1780176217182_transcript,2,"on the basis of people being good, but with some",neutral,0.5153063535690308
6a137e9af9c0ce1fe98b75a3_audio_missing_utopia_1780176217182_transcript,3,technological help to rebuild a more innovative but sustainable society.,positive,0.7088049054145813
6a137e9af9c0ce1fe98b75a3_audio_missing_utopia_1780176217182_transcript,4,I think that the tech would have limits so that,neutral,0.8202223777770996
6a137e9af9c0ce1fe98b75a3_audio_missing_utopia_1780176217182_transcript,5,it wouldn't go too far. And I think that it,neutral,0.6920263767242432
6a137e9af9c0ce1fe98b75a3_audio_missing_utopia_1780176217182_transcript,6,would open up doors to so many things people could,positive,0.8366281986236572
6a137e9af9c0ce1fe98b75a3_audio_missing_utopia_1780176217182_transcript,7,"do, but with a foundation of morality and sustainability to",neutral,0.7423632740974426
6a137e9af9c0ce1fe98b75a3_audio_missing_utopia_1780176217182_transcript,8,"make it impossible to create greedy, dangerous billionaires like we",negative,0.7747423052787781
6a137e9af9c0ce1fe98b75a3_audio_missing_utopia_1780176217182_transcript,9,have now who are destroying our planet. I think the,negative,0.8164992332458496
6a137e9af9c0ce1fe98b75a3_audio_missing_utopia_1780176217182_transcript,10,freedom to advance and create with a focus on being,neutral,0.5651395916938782
6a137e9af9c0ce1fe98b75a3_audio_ranking_explanation_1780175899518_transcript,0,I think that a moral society would be pretty easy,positive,0.532160758972168
6a137e9af9c0ce1fe98b75a3_audio_ranking_explanation_1780175899518_transcript,1,to sustain. I think that most people are good and,positive,0.8255124092102051
6a137e9af9c0ce1fe98b75a3_audio_ranking_explanation_1780175899518_transcript,2,I think that a religious utopia is quite possibly the,neutral,0.6654857397079468
6a137e9af9c0ce1fe98b75a3_audio_ranking_explanation_1780175899518_transcript,3,"worst idea. We've seen it historically over and over again,",negative,0.9302672743797302
6a137e9af9c0ce1fe98b75a3_audio_ranking_explanation_1780175899518_transcript,4,religion tends to be a tool for manipulation and control,negative,0.6436916589736938
6a13b9a53ecf22ea77ab369b_audio_missing_utopia_1780195967121_transcript,0,I think that the only thing missing would be family,neutral,0.5576211810112
6a13b9a53ecf22ea77ab369b_audio_missing_utopia_1780195967121_transcript,1,"and community based, more caring about those around you and",positive,0.5921007990837097
6a13b9a53ecf22ea77ab369b_audio_missing_utopia_1780195967121_transcript,2,really lifting up everyone in your community and taking care,positive,0.8797560930252075
6a13b9a53ecf22ea77ab369b_audio_missing_utopia_1780195967121_transcript,3,of one another. Some of them touched on that a,neutral,0.841464102268219
6a13b9a53ecf22ea77ab369b_audio_missing_utopia_1780195967121_transcript,4,"little bit, but that would be something that I think",neutral,0.7862826585769653
6a13b9a53ecf22ea77ab369b_audio_ranking_explanation_1780195929197_transcript,0,I ranked the moral commonwealth one as the highest because,neutral,0.6950148344039917
6a13b9a53ecf22ea77ab369b_audio_ranking_explanation_1780195929197_transcript,1,I think it's the most utopic I don't know if,neutral,0.5978337526321411
6a13b9a53ecf22ea77ab369b_audio_ranking_explanation_1780195929197_transcript,2,it would ever be possible I don't think it would,negative,0.8339246511459351
6a13b9a53ecf22ea77ab369b_audio_ranking_explanation_1780195929197_transcript,3,be truly because I think everyone has a different compass,neutral,0.7398648262023926
6a13b9a53ecf22ea77ab369b_audio_ranking_explanation_1780195929197_transcript,4,that guides them but I think that ideally that would,neutral,0.6521140933036804
6a13b9a53ecf22ea77ab369b_audio_ranking_explanation_1780195929197_transcript,5,be the most just and then I put the two,positive,0.5005749464035034
6a13b9a53ecf22ea77ab369b_audio_ranking_explanation_1780195929197_transcript,6,of the sustainability and the low-tech small-scale societies next I,neutral,0.7715718150138855
6a13b9a53ecf22ea77ab369b_audio_ranking_explanation_1780195929197_transcript,7,think that that would be a lovely way to live,positive,0.9309991002082825
6a13b9a53ecf22ea77ab369b_audio_ranking_explanation_1780195929197_transcript,8,"if possible, just kind of everyone looking out for each",neutral,0.7131766676902771
6a13b9a53ecf22ea77ab369b_audio_ranking_explanation_1780195929197_transcript,9,other and keeping the environment sustainable. The futurist utopia I,positive,0.5894671678543091
6a13b9a53ecf22ea77ab369b_audio_ranking_explanation_1780195929197_transcript,10,"liked in theory, but I think that depending on who",neutral,0.6707794666290283
6a13b9a53ecf22ea77ab369b_audio_ranking_explanation_1780195929197_transcript,11,"would lead that, that could potentially be pretty negative. The",negative,0.7899739146232605
6a13b9a53ecf22ea77ab369b_audio_ranking_explanation_1780195929197_transcript,12,"institutional utopia, I think same deal, who is setting those",neutral,0.8297088742256165
6a13b9a53ecf22ea77ab369b_audio_ranking_explanation_1780195929197_transcript,13,"laws, who decides on those laws um i'm almost thinking",neutral,0.712977409362793
6a13b9a53ecf22ea77ab369b_audio_ranking_explanation_1780195929197_transcript,14,of like a handmaid's tale situation where if the law,neutral,0.6802306771278381
6a13b9a53ecf22ea77ab369b_audio_ranking_explanation_1780195929197_transcript,15,isn't just then uh then the whole society crumbles um,negative,0.5791515111923218
6a13b9a53ecf22ea77ab369b_audio_ranking_explanation_1780195929197_transcript,16,religious utopia same deal which faith is actually used as,neutral,0.8397331833839417
6a13b9a53ecf22ea77ab369b_audio_ranking_explanation_1780195929197_transcript,17,governance don't love that and then ai-centered utopia who's making,negative,0.8523147702217102
6a13b9a53ecf22ea77ab369b_audio_ranking_explanation_1780195929197_transcript,18,the ai who's controlling that and what um chaos could,neutral,0.5934689044952393
6a15b0b4db936d8329be8892_audio_missing_utopia_1780188561881_transcript,0,A future society that was missing was maybe a society,neutral,0.6936859488487244
6a15b0b4db936d8329be8892_audio_missing_utopia_1780188561881_transcript,1,where it was just ruled by the people and not,neutral,0.7124021053314209
6a15b0b4db936d8329be8892_audio_ranking_explanation_1780188528801_transcript,0,I chose the modern green utopia because it was more,neutral,0.4795953631401062
6a15b0b4db936d8329be8892_audio_ranking_explanation_1780188528801_transcript,1,sustainable and secure and I feel like that is something,positive,0.8947978615760803
6a15b0b4db936d8329be8892_audio_ranking_explanation_1780188528801_transcript,2,that everyone would benefit from and then my least favorite,negative,0.5863676071166992
6a15b0b4db936d8329be8892_audio_ranking_explanation_1780188528801_transcript,3,I chose the AI center utopia because I feel like,neutral,0.6544396877288818
6a15b0b4db936d8329be8892_audio_ranking_explanation_1780188528801_transcript,4,many people would not be in favor of that considering,negative,0.6022387742996216
6a15dd57b7e983803cba4517_audio_missing_utopia_1780173865752_transcript,0,um i really don't think anything was left out i,neutral,0.7453310489654541
6a15dd57b7e983803cba4517_audio_missing_utopia_1780173865752_transcript,1,thought the ai um future society that yeah that's that's,neutral,0.7840538024902344
6a15dd57b7e983803cba4517_audio_missing_utopia_1780173865752_transcript,2,what i would go for and um other than that,neutral,0.8948982357978821
6a15dd57b7e983803cba4517_audio_ranking_explanation_1780173823631_transcript,0,"Hopefully, I didn't mix any of the titles up and",neutral,0.6568901538848877
6a15dd57b7e983803cba4517_audio_ranking_explanation_1780173823631_transcript,1,"get confused, but okay, so I chose the AI-centered as",neutral,0.7701058387756348
6a15dd57b7e983803cba4517_audio_ranking_explanation_1780173823631_transcript,2,number one because I really trust AI in knowing what,positive,0.6145345568656921
6a15dd57b7e983803cba4517_audio_ranking_explanation_1780173823631_transcript,3,"they're talking about, and I think it would probably be",neutral,0.863917887210846
6a15dd57b7e983803cba4517_audio_ranking_explanation_1780173823631_transcript,4,"the smartest way to do things. Um, and, um, I",neutral,0.5229472517967224
6a15dd57b7e983803cba4517_audio_ranking_explanation_1780173823631_transcript,5,"just, I just feel like that should definitely be at",neutral,0.6321792006492615
6a15dd57b7e983803cba4517_audio_ranking_explanation_1780173823631_transcript,6,the top. And then I wasn't too sure of the,neutral,0.6613290309906006
6a15dd57b7e983803cba4517_audio_ranking_explanation_1780173823631_transcript,7,rest and I just kind of ordered them in the,neutral,0.8733331561088562
6a160ffb53f179346c6ed7ed_audio_missing_utopia_1780181213785_transcript,0,I would say that the missing ideal future society would,neutral,0.6599191427230835
6a160ffb53f179346c6ed7ed_audio_missing_utopia_1780181213785_transcript,1,be one that is a mixture between that of the,neutral,0.861393928527832
6a160ffb53f179346c6ed7ed_audio_missing_utopia_1780181213785_transcript,2,"scientific innovation, as well as the one that focuses on",neutral,0.5853596329689026
6a160ffb53f179346c6ed7ed_audio_missing_utopia_1780181213785_transcript,3,a more true democracy approach and a green approach. One,neutral,0.5772206783294678
6a160ffb53f179346c6ed7ed_audio_missing_utopia_1780181213785_transcript,4,where we can work within our environment and ensure it,neutral,0.7029606699943542
6a160ffb53f179346c6ed7ed_audio_missing_utopia_1780181213785_transcript,5,"is ideal for humans and other life on Earth, as",neutral,0.5242587327957153
6a160ffb53f179346c6ed7ed_audio_missing_utopia_1780181213785_transcript,6,well as also focusing on using scientific innovation to better,positive,0.6742995977401733
6a160ffb53f179346c6ed7ed_audio_missing_utopia_1780181213785_transcript,7,"provide for everyone, while also being a true democracy. Something",neutral,0.49851271510124207
6a160ffb53f179346c6ed7ed_audio_missing_utopia_1780181213785_transcript,8,that is a mixture of all of those I find,neutral,0.8290647268295288
6a160ffb53f179346c6ed7ed_audio_missing_utopia_1780181213785_transcript,9,"would be the most ideal, but it isn't necessarily something",neutral,0.5209299325942993
6a160ffb53f179346c6ed7ed_audio_missing_utopia_1780181213785_transcript,10,"that was missing from the other responses, more so just",neutral,0.6169724464416504
6a160ffb53f179346c6ed7ed_audio_ranking_explanation_1780181052146_transcript,0,I find that society based off of ruling people being,negative,0.7272688150405884
6a160ffb53f179346c6ed7ed_audio_ranking_explanation_1780181052146_transcript,1,from that of the people is most desirable. So a,neutral,0.4962838292121887
6a160ffb53f179346c6ed7ed_audio_ranking_explanation_1780181052146_transcript,2,true democracy is what is the most desirable and the,positive,0.5016453862190247
6a160ffb53f179346c6ed7ed_audio_ranking_explanation_1780181052146_transcript,3,least desirable being decisions made by an ultimate authority outside,neutral,0.7426855564117432
6a160ffb53f179346c6ed7ed_audio_ranking_explanation_1780181052146_transcript,4,of the people who can then rule upon themselves with.,neutral,0.7187318205833435
6a160ffb53f179346c6ed7ed_audio_ranking_explanation_1780181052146_transcript,5,different judgment than what they would use for ordinary people.,neutral,0.5747212171554565
6a160ffb53f179346c6ed7ed_audio_ranking_explanation_1780181052146_transcript,6,I also find that working with the environment rather than,neutral,0.6425358653068542
6a160ffb53f179346c6ed7ed_audio_ranking_explanation_1780181052146_transcript,7,"against it is generally ideal, considering that we only have",neutral,0.5725157260894775
6a160ffb53f179346c6ed7ed_audio_ranking_explanation_1780181052146_transcript,8,one planet and working against it will ultimately end up,negative,0.7818052768707275
6a160ffb53f179346c6ed7ed_audio_ranking_explanation_1780181052146_transcript,9,disastrous. risk uh other than that i would say that,negative,0.799624502658844
6a160ffb53f179346c6ed7ed_audio_ranking_explanation_1780181052146_transcript,10,while focusing on science and the future in that regard,neutral,0.6144248247146606
6a160ffb53f179346c6ed7ed_audio_ranking_explanation_1780181052146_transcript,11,is important for humanity it is not ultimately the end,neutral,0.5240558385848999
6a160ffb53f179346c6ed7ed_audio_ranking_explanation_1780181052146_transcript,12,all be all because if it requires sacrificing humans and,negative,0.7697426676750183
6a160ffb53f179346c6ed7ed_audio_ranking_explanation_1780181052146_transcript,13,humanity to do so why would we want to spread,neutral,0.5332910418510437
6a160ffb53f179346c6ed7ed_audio_ranking_explanation_1780181052146_transcript,14,that rather than focusing on what really matters which is,negative,0.5063835978507996
6a160ffb53f179346c6ed7ed_audio_ranking_explanation_1780181052146_transcript,15,of course the well-being of humans rather than the lasting,neutral,0.7068738341331482
6a16449f33b17471b0d63c2e_audio_missing_utopia_1780172510100_transcript,0,"For me personally, I feel like the most important is",positive,0.8628532886505127
6a16449f33b17471b0d63c2e_audio_missing_utopia_1780172510100_transcript,1,"environmental, and I think that was touched on. And then",neutral,0.8721272945404053
6a16449f33b17471b0d63c2e_audio_missing_utopia_1780172510100_transcript,2,"obviously the moral, I think everything was touched on that",neutral,0.8366206884384155
6a16449f33b17471b0d63c2e_audio_ranking_explanation_1780172462391_transcript,0,I prefer the idea of less government-involved more sustainable living,neutral,0.48520734906196594
6a164c0b59f7d6fd8cf72646_audio_missing_utopia_1780179163024_transcript,0,I can think of other sort of dystopian versions of,neutral,0.5178499221801758
6a164c0b59f7d6fd8cf72646_audio_missing_utopia_1780179163024_transcript,1,"those idealized utopias present on the other page, but I",neutral,0.7322536110877991
6a164c0b59f7d6fd8cf72646_audio_missing_utopia_1780179163024_transcript,2,think that those seven represent a good range of particular,positive,0.7089225649833679
6a164c0b59f7d6fd8cf72646_audio_missing_utopia_1780179163024_transcript,3,directions that one could imagine the future to go in,neutral,0.8565369844436646
6a164c0b59f7d6fd8cf72646_audio_missing_utopia_1780179163024_transcript,4,a reality in which significant change is made to our,neutral,0.7835084199905396
6a164c0b59f7d6fd8cf72646_audio_missing_utopia_1780179163024_transcript,5,"societal construction. And ultimately, I think that those seven represent",neutral,0.8554120063781738
6a164c0b59f7d6fd8cf72646_audio_ranking_explanation_1780179106752_transcript,0,"All right, so I'll start at the bottom and work",neutral,0.5389453768730164
6a164c0b59f7d6fd8cf72646_audio_ranking_explanation_1780179106752_transcript,1,my way up in this ranking. The AI-centric utopia is,neutral,0.5101615786552429
6a164c0b59f7d6fd8cf72646_audio_ranking_explanation_1780179106752_transcript,2,my least favorite of the seven options. I think a,negative,0.8133981823921204
6a164c0b59f7d6fd8cf72646_audio_ranking_explanation_1780179106752_transcript,3,"large part of it, going back to the previous questionnaire,",neutral,0.888791024684906
6a164c0b59f7d6fd8cf72646_audio_ranking_explanation_1780179106752_transcript,4,is just how inhuman it is. It was the only,negative,0.9005889892578125
6a164c0b59f7d6fd8cf72646_audio_ranking_explanation_1780179106752_transcript,5,one in which I selected strongly disagree for all of,negative,0.6887689828872681
6a164c0b59f7d6fd8cf72646_audio_ranking_explanation_1780179106752_transcript,6,the questions about the actions that an ordinary person can,neutral,0.8573811054229736
6a164c0b59f7d6fd8cf72646_audio_ranking_explanation_1780179106752_transcript,7,take. And when we see the extent to which modern-day,neutral,0.8396552205085754
6a164c0b59f7d6fd8cf72646_audio_ranking_explanation_1780179106752_transcript,8,"institutions are accepting this sort of AI-centric decision-making, AI-centric infrastructures,",neutral,0.6351237893104553
6a164c0b59f7d6fd8cf72646_audio_ranking_explanation_1780179106752_transcript,9,it does elicit some concern about the role of the,neutral,0.671902596950531
6a164c0b59f7d6fd8cf72646_audio_ranking_explanation_1780179106752_transcript,10,human. And I think that's what places it near the,neutral,0.827656090259552
6a164c0b59f7d6fd8cf72646_audio_ranking_explanation_1780179106752_transcript,11,"bottom. Again, we sort of see that echoed in the",neutral,0.8710194230079651
6a164c0b59f7d6fd8cf72646_audio_ranking_explanation_1780179106752_transcript,12,Futurist Utopia as well. And then there's the Religious Utopia,neutral,0.8362300992012024
6a164c0b59f7d6fd8cf72646_audio_ranking_explanation_1780179106752_transcript,13,"and the Institutional Utopias, which go more towards very strict",neutral,0.6813063025474548
6a164c0b59f7d6fd8cf72646_audio_ranking_explanation_1780179106752_transcript,14,"authoritarian institutions, which are not necessarily overly appealing for me.",negative,0.7622057795524597
6a164c0b59f7d6fd8cf72646_audio_ranking_explanation_1780179106752_transcript,15,I think that there needs to be a balance of,neutral,0.7903205752372742
6a164c0b59f7d6fd8cf72646_audio_ranking_explanation_1780179106752_transcript,16,insight from the people as well as educated individuals who,neutral,0.8195459842681885
6a164c0b59f7d6fd8cf72646_audio_ranking_explanation_1780179106752_transcript,17,are able to provide insight. um moral commonwealth is quite,neutral,0.7685365080833435
6a164c0b59f7d6fd8cf72646_audio_ranking_explanation_1780179106752_transcript,18,utopian in my opinion or rather um idealistic uh i,neutral,0.850908100605011
6a164c0b59f7d6fd8cf72646_audio_ranking_explanation_1780179106752_transcript,19,think that it could very quickly become in essence just,neutral,0.6895594000816345
6a164c0b59f7d6fd8cf72646_audio_ranking_explanation_1780179106752_transcript,20,sort of a secular religious a secular version of a,neutral,0.8800106048583984
6a164c0b59f7d6fd8cf72646_audio_ranking_explanation_1780179106752_transcript,21,religious utopia where there are agreed upon there's an agreed,neutral,0.5046026706695557
6a164c0b59f7d6fd8cf72646_audio_ranking_explanation_1780179106752_transcript,22,upon and very strict social law that is followed like,neutral,0.7382269501686096
6a164c0b59f7d6fd8cf72646_audio_ranking_explanation_1780179106752_transcript,23,religious dogma um however the decentralized nature of it makes,neutral,0.8654928803443909
6a164c0b59f7d6fd8cf72646_audio_ranking_explanation_1780179106752_transcript,24,it a little more appealing to me um um primitives,positive,0.7880258560180664
6a164c0b59f7d6fd8cf72646_audio_ranking_explanation_1780179106752_transcript,25,primitivist utopia is very similar uh in this respect um,neutral,0.8060370087623596
6a164c0b59f7d6fd8cf72646_audio_ranking_explanation_1780179106752_transcript,26,with it being centralized communally um it's sort of what,neutral,0.890109121799469
6a164c0b59f7d6fd8cf72646_audio_ranking_explanation_1780179106752_transcript,27,i envision when i think of a utopia is around,neutral,0.5140760540962219
6a164c0b59f7d6fd8cf72646_audio_ranking_explanation_1780179106752_transcript,28,this idea of low-tech small-scale communal living um and then,neutral,0.7328822016716003
6a164c0b59f7d6fd8cf72646_audio_ranking_explanation_1780179106752_transcript,29,modern green utopia feels like more so the the type,neutral,0.6725839376449585
6a164c0b59f7d6fd8cf72646_audio_ranking_explanation_1780179106752_transcript,30,of utopian vision that we might hold today and in,neutral,0.6223075985908508
6a164c0b59f7d6fd8cf72646_audio_ranking_explanation_1780179106752_transcript,31,the more seemingly attainable of these seven um visions of,neutral,0.51463782787323
6a164c0b59f7d6fd8cf72646_audio_ranking_explanation_1780179106752_transcript,32,the future um yeah so modern green utopia at the,neutral,0.685223400592804
6a1731c7cd92b077b3532875_audio_missing_utopia_1780167873394_transcript,0,"So, I didn't feel particularly like there was anything missing,",neutral,0.6445863842964172
6a1731c7cd92b077b3532875_audio_missing_utopia_1780167873394_transcript,1,but I will say that it felt like a utopia,positive,0.8931311964988708
6a1731c7cd92b077b3532875_audio_missing_utopia_1780167873394_transcript,2,I've kind of been included for. you know like like,neutral,0.8002193570137024
6a1731c7cd92b077b3532875_audio_missing_utopia_1780167873394_transcript,3,a value-based utopia or i guess like a creativity-based utopia,neutral,0.7702244520187378
6a1731c7cd92b077b3532875_audio_missing_utopia_1780167873394_transcript,4,um and yeah i mean maybe just a utopia that,neutral,0.777877688407898
6a1731c7cd92b077b3532875_audio_missing_utopia_1780167873394_transcript,5,that you know exists based on ordinariness itself that exists,neutral,0.8338121771812439
6a1731c7cd92b077b3532875_audio_missing_utopia_1780167873394_transcript,6,based on the axis of changing what defines ordinary in,neutral,0.8830066919326782
6a1731c7cd92b077b3532875_audio_ranking_explanation_1780167797563_transcript,0,"So, I ranked the Utopias this way because, I mean,",neutral,0.834949254989624
6a1731c7cd92b077b3532875_audio_ranking_explanation_1780167797563_transcript,1,"honestly, I just kind of felt that way. I just",neutral,0.5360775589942932
6a1731c7cd92b077b3532875_audio_ranking_explanation_1780167797563_transcript,2,"kind of felt like these Utopias were, like, deserving of",neutral,0.6961299777030945
6a1731c7cd92b077b3532875_audio_ranking_explanation_1780167797563_transcript,3,the scores that I gave them. like the present the,neutral,0.8425755500793457
6a1731c7cd92b077b3532875_audio_ranking_explanation_1780167797563_transcript,4,primitivist utopia like a low technology small-scale utopia it sounds,neutral,0.4799085855484009
6a1731c7cd92b077b3532875_audio_ranking_explanation_1780167797563_transcript,5,good on paper but only for a moment any extension,positive,0.6801537871360779
6a1731c7cd92b077b3532875_audio_ranking_explanation_1780167797563_transcript,6,the future like you instantly see that that is not,neutral,0.6574728488922119
6a1731c7cd92b077b3532875_audio_ranking_explanation_1780167797563_transcript,7,going to work so then you have the institutional utopia,neutral,0.7062287926673889
6a1731c7cd92b077b3532875_audio_ranking_explanation_1780167797563_transcript,8,that's just boring the ai centered utopia i would say,negative,0.8634254336357117
6a1731c7cd92b077b3532875_audio_ranking_explanation_1780167797563_transcript,9,that is you know it's interesting but it's not the,neutral,0.5986688733100891
6a1731c7cd92b077b3532875_audio_ranking_explanation_1780167797563_transcript,10,best option we'll say that much modern green utopia that,positive,0.5054990649223328
6a1731c7cd92b077b3532875_audio_ranking_explanation_1780167797563_transcript,11,is interesting it's an interesting concept but it does not,neutral,0.5610758066177368
6a1731c7cd92b077b3532875_audio_ranking_explanation_1780167797563_transcript,12,get us where we want to be what the future,neutral,0.607032060623169
6a1731c7cd92b077b3532875_audio_ranking_explanation_1780167797563_transcript,13,of utopia does so that's focusing more on the innovation,neutral,0.7720831632614136
6a1731c7cd92b077b3532875_audio_ranking_explanation_1780167797563_transcript,14,aspect which would be actually very cool that would be,positive,0.9608532190322876
6a1731c7cd92b077b3532875_audio_ranking_explanation_1780167797563_transcript,15,a really good utopia so now we're getting into the,positive,0.9461603760719299
6a1731c7cd92b077b3532875_audio_ranking_explanation_1780167797563_transcript,16,second and first utopia is what we really like so,positive,0.6350547671318054
6a1731c7cd92b077b3532875_audio_ranking_explanation_1780167797563_transcript,17,the moral utopia if that was really an actual byproduct,negative,0.49105730652809143
6a1731c7cd92b077b3532875_audio_ranking_explanation_1780167797563_transcript,18,of reality that would be ideal i'll say that much,positive,0.7631027102470398
6a1731c7cd92b077b3532875_audio_ranking_explanation_1780167797563_transcript,19,right because that is where most people want to be,neutral,0.7312365770339966
6a1731c7cd92b077b3532875_audio_ranking_explanation_1780167797563_transcript,20,right so then the religious utopia is kind of just,neutral,0.7514001727104187
6a1731c7cd92b077b3532875_audio_ranking_explanation_1780167797563_transcript,21,an extension of that moral but externalized more so even,neutral,0.8024407625198364
6a1731c7cd92b077b3532875_audio_ranking_explanation_1780167797563_transcript,22,more people can understand it so and yeah i mean,neutral,0.5637826919555664
6a1731c7cd92b077b3532875_audio_ranking_explanation_1780167797563_transcript,23,that's the thing it's is it the religious religious societies,neutral,0.7217317223548889
6a1731c7cd92b077b3532875_audio_ranking_explanation_1780167797563_transcript,24,work in real life just because it's the actual best,positive,0.905275821685791
6a1731c7cd92b077b3532875_audio_ranking_explanation_1780167797563_transcript,25,combination when you look at it compared to the other,neutral,0.8739462494850159
6a1763821bd870b1e327c0d8_audio_missing_utopia_1780192891310_transcript,0,I think that a future society focused on happiness and,positive,0.6762032508850098
6a1763821bd870b1e327c0d8_audio_missing_utopia_1780192891310_transcript,1,"balance was missing, people would have their basic needs met,",neutral,0.6854552626609802
6a1763821bd870b1e327c0d8_audio_missing_utopia_1780192891310_transcript,2,"more free time, strong communities, access to education and healthcare,",positive,0.8222954869270325
6a1763821bd870b1e327c0d8_audio_missing_utopia_1780192891310_transcript,3,and I think the most important value would be improving,positive,0.6199136972427368
6a1763821bd870b1e327c0d8_audio_missing_utopia_1780192891310_transcript,4,quality of life rather than just increasing productivity or technology.,neutral,0.68214350938797
6a179eaedcc989a730c238ab_audio_missing_utopia_1780184984446_transcript,0,i mean i can't think of like a perfect one,negative,0.6234385967254639
6a179eaedcc989a730c238ab_audio_missing_utopia_1780184984446_transcript,1,we'd go but um us i feel like how we're,neutral,0.7958533763885498
6a179eaedcc989a730c238ab_audio_missing_utopia_1780184984446_transcript,2,currently operating uh could have been put in there just,neutral,0.8281309604644775
6a179eaedcc989a730c238ab_audio_missing_utopia_1780184984446_transcript,3,thrown in there as an interesting little thing to see,positive,0.743064820766449
6a179eaedcc989a730c238ab_audio_missing_utopia_1780184984446_transcript,4,how people feel about how we currently are operating but,neutral,0.797415018081665
6a179eaedcc989a730c238ab_audio_missing_utopia_1780184984446_transcript,5,just in a future aspect um because how we are,neutral,0.8500515818595886
6a179eaedcc989a730c238ab_audio_missing_utopia_1780184984446_transcript,6,operating right now doesn't seem the smartest or the best,negative,0.8583357334136963
6a179eaedcc989a730c238ab_audio_missing_utopia_1780184984446_transcript,7,um for the earth um for the individual people on,neutral,0.8868299722671509
6a179eaedcc989a730c238ab_audio_missing_utopia_1780184984446_transcript,8,it we are kind of uh well some are happy,positive,0.8677676916122437
6a179eaedcc989a730c238ab_audio_missing_utopia_1780184984446_transcript,9,some aren't that that's natural um we do have the,neutral,0.7592689394950867
6a179eaedcc989a730c238ab_audio_missing_utopia_1780184984446_transcript,10,religious aspects we do have the ai aspect so it's,neutral,0.8742790818214417
6a179eaedcc989a730c238ab_audio_missing_utopia_1780184984446_transcript,11,kind of a culmination but everybody's well not everybody's in,neutral,0.699791669845581
6a179eaedcc989a730c238ab_audio_missing_utopia_1780184984446_transcript,12,accordance to it but i i think that would be,neutral,0.8475320935249329
6a179eaedcc989a730c238ab_audio_ranking_explanation_1780184888286_transcript,0,well in the end of the day it really comes,neutral,0.5566811561584473
6a179eaedcc989a730c238ab_audio_ranking_explanation_1780184888286_transcript,1,down to personal preference um i'm more religious it didn't,neutral,0.7473476529121399
6a179eaedcc989a730c238ab_audio_ranking_explanation_1780184888286_transcript,2,specify what religion but if i am gonna assume it's,neutral,0.8107126355171204
6a179eaedcc989a730c238ab_audio_ranking_explanation_1780184888286_transcript,3,christianity then everybody actually seeking to follow the rules that,neutral,0.7700156569480896
6a179eaedcc989a730c238ab_audio_ranking_explanation_1780184888286_transcript,4,are taught in it i think would be extremely extremely,neutral,0.5082024931907654
6a179eaedcc989a730c238ab_audio_ranking_explanation_1780184888286_transcript,5,beneficial um but it does depend on the um religion,neutral,0.8709312081336975
6a179eaedcc989a730c238ab_audio_ranking_explanation_1780184888286_transcript,6,because other religions teach things that i would not say,neutral,0.5314071178436279
6a179eaedcc989a730c238ab_audio_ranking_explanation_1780184888286_transcript,7,is very morally sound and should not be practiced whatsoever,negative,0.8317811489105225
6a179eaedcc989a730c238ab_audio_ranking_explanation_1780184888286_transcript,8,um the modern green utopia i mean it kind of,neutral,0.7187569737434387
6a179eaedcc989a730c238ab_audio_ranking_explanation_1780184888286_transcript,9,preaches doing good things for the earth um which i,positive,0.8068175315856934
6a179eaedcc989a730c238ab_audio_ranking_explanation_1780184888286_transcript,10,think is extremely important even beyond um the people on,neutral,0.5388753414154053
6a179eaedcc989a730c238ab_audio_ranking_explanation_1780184888286_transcript,11,it so that's why we put that there but i,neutral,0.8166896104812622
6a179eaedcc989a730c238ab_audio_ranking_explanation_1780184888286_transcript,12,was pretty torn between that and just intermorality to just,neutral,0.7147393226623535
6a179eaedcc989a730c238ab_audio_ranking_explanation_1780184888286_transcript,13,being moral which uh is what religion is going to,neutral,0.8068718910217285
6a179eaedcc989a730c238ab_audio_ranking_explanation_1780184888286_transcript,14,be a big thing about too it's just good you,positive,0.8116493821144104
6a179eaedcc989a730c238ab_audio_ranking_explanation_1780184888286_transcript,15,have good people you're gonna have a good earth everything,positive,0.9349880218505859
6a179eaedcc989a730c238ab_audio_ranking_explanation_1780184888286_transcript,16,kind of under that is kind of like give or,neutral,0.8808992505073547
6a179eaedcc989a730c238ab_audio_ranking_explanation_1780184888286_transcript,17,take um none of it looked overly attractive it didn't,negative,0.6699774265289307
6a179eaedcc989a730c238ab_audio_ranking_explanation_1780184888286_transcript,18,like it was had a good balance of in the,positive,0.7604285478591919
6a179eaedcc989a730c238ab_audio_ranking_explanation_1780184888286_transcript,19,best interest of the people and the best interest of,positive,0.5018573999404907
6a179eaedcc989a730c238ab_audio_ranking_explanation_1780184888286_transcript,20,earth um especially of like science innovation on the rule,neutral,0.8361883163452148
6a179eaedcc989a730c238ab_audio_ranking_explanation_1780184888286_transcript,21,of law i could see a lot of bad things,negative,0.9049824476242065
6a179eaedcc989a730c238ab_audio_ranking_explanation_1780184888286_transcript,22,going on there um through people that don't want to,neutral,0.6495981812477112
6a179eaedcc989a730c238ab_audio_ranking_explanation_1780184888286_transcript,23,follow the law or unintentionally do not follow the law,neutral,0.6473401188850403
6a179eaedcc989a730c238ab_audio_ranking_explanation_1780184888286_transcript,24,um which happens very naturally um with everybody every day,neutral,0.8583288192749023
6a179eaedcc989a730c238ab_audio_ranking_explanation_1780184888286_transcript,25,everybody breaks a law every day um low tech and,negative,0.6795220971107483
6a179eaedcc989a730c238ab_audio_ranking_explanation_1780184888286_transcript,26,small scale it just didn't seem very optimal or smart,negative,0.8427543044090271
6a179eaedcc989a730c238ab_audio_ranking_explanation_1780184888286_transcript,27,and then um the ai thing just sounds like a,neutral,0.5496003031730652
6a17ac069acb48f9c7c4391f_audio_missing_utopia_1780176894139_transcript,0,"I think within the utopias provided, an idea of individuality",neutral,0.7931257486343384
6a17ac069acb48f9c7c4391f_audio_missing_utopia_1780176894139_transcript,1,while also equality was kind of missing. I think individuality,negative,0.5898461937904358
6a17ac069acb48f9c7c4391f_audio_missing_utopia_1780176894139_transcript,2,is important. And I think that has to do with,neutral,0.6049100160598755
6a17ac069acb48f9c7c4391f_audio_missing_utopia_1780176894139_transcript,3,the arts and music. and I think that the human,neutral,0.7697134613990784
6a17ac069acb48f9c7c4391f_audio_missing_utopia_1780176894139_transcript,4,race has the ability to adapt these within most of,neutral,0.8768722414970398
6a17ac069acb48f9c7c4391f_audio_missing_utopia_1780176894139_transcript,5,the utopias provided but I think that people mostly think,neutral,0.8639314770698547
6a17ac069acb48f9c7c4391f_audio_missing_utopia_1780176894139_transcript,6,"of it secondly to surviving which is understandable But I,",neutral,0.7081936597824097
6a17ac069acb48f9c7c4391f_audio_missing_utopia_1780176894139_transcript,7,I think that creativity and art can be a really,positive,0.7038835287094116
6a17ac069acb48f9c7c4391f_audio_missing_utopia_1780176894139_transcript,8,important way for the human race to express itself. And,neutral,0.711763322353363
6a17ac069acb48f9c7c4391f_audio_missing_utopia_1780176894139_transcript,9,so I would have liked to see that more touched,neutral,0.6371605396270752
6a17ac069acb48f9c7c4391f_audio_missing_utopia_1780176894139_transcript,10,on in a utopia and how that might have been,neutral,0.7838178277015686
6a17ac069acb48f9c7c4391f_audio_missing_utopia_1780176894139_transcript,11,affected. Because I do think that in some of these,neutral,0.7640396952629089
6a17ac069acb48f9c7c4391f_audio_missing_utopia_1780176894139_transcript,12,"utopias, it would be more difficult to find our own",negative,0.6714520454406738
6a17ac069acb48f9c7c4391f_audio_missing_utopia_1780176894139_transcript,13,individuality within art. And I think specifically in the AI,neutral,0.8186913728713989
6a17ac069acb48f9c7c4391f_audio_missing_utopia_1780176894139_transcript,14,"future, art would become less practiced in terms of what",neutral,0.7637827396392822
6a17ac069acb48f9c7c4391f_audio_missing_utopia_1780176894139_transcript,15,"we could keep as historical factors, almost like we see",neutral,0.8584678769111633
6a17ac069acb48f9c7c4391f_audio_missing_utopia_1780176894139_transcript,16,in museums today old work and we hear old music.,neutral,0.6529334187507629
6a17ac069acb48f9c7c4391f_audio_missing_utopia_1780176894139_transcript,17,But I think AI could take that away from us,neutral,0.5832378268241882
6a17ac069acb48f9c7c4391f_audio_missing_utopia_1780176894139_transcript,18,a lot and take the beauty of being a human,neutral,0.48715078830718994
6a17ac069acb48f9c7c4391f_audio_ranking_explanation_1780176781778_transcript,0,I personally would like the modern green utopia the most,positive,0.7836300730705261
6a17ac069acb48f9c7c4391f_audio_ranking_explanation_1780176781778_transcript,1,because I think it is the most achievable in my,positive,0.8878004550933838
6a17ac069acb48f9c7c4391f_audio_ranking_explanation_1780176781778_transcript,2,lifetime. I'm a very environmentally centered person and I truly,positive,0.8382973074913025
6a17ac069acb48f9c7c4391f_audio_ranking_explanation_1780176781778_transcript,3,"do love learning and being surrounded by nature, animals, all",positive,0.9722760319709778
6a17ac069acb48f9c7c4391f_audio_ranking_explanation_1780176781778_transcript,4,of that. A lot of my hobbies have to do,neutral,0.7435997724533081
6a17ac069acb48f9c7c4391f_audio_ranking_explanation_1780176781778_transcript,5,"with being outside and like hiking, camping, playing sports that",neutral,0.7423649430274963
6a17ac069acb48f9c7c4391f_audio_ranking_explanation_1780176781778_transcript,6,are outside. But I also understand the want for security,neutral,0.7706934213638306
6a17ac069acb48f9c7c4391f_audio_ranking_explanation_1780176781778_transcript,7,of a constant food source and to be in control,neutral,0.8062341809272766
6a17ac069acb48f9c7c4391f_audio_ranking_explanation_1780176781778_transcript,8,of that. So I do understand putting those systems in,neutral,0.8046139478683472
6a17ac069acb48f9c7c4391f_audio_ranking_explanation_1780176781778_transcript,9,place to have farms and to make sure that we,neutral,0.8134699463844299
6a17ac069acb48f9c7c4391f_audio_ranking_explanation_1780176781778_transcript,10,"have an, I don't want to say industry because the",neutral,0.6216713190078735
6a17ac069acb48f9c7c4391f_audio_ranking_explanation_1780176781778_transcript,11,"meat industry modernly nowadays is, it's very messed up, but",negative,0.9298003911972046
6a17ac069acb48f9c7c4391f_audio_ranking_explanation_1780176781778_transcript,12,that's why I would put modern green utopia at the,neutral,0.7330349683761597
6a17ac069acb48f9c7c4391f_audio_ranking_explanation_1780176781778_transcript,13,top because I think that it's the most sustainable and,positive,0.8324184417724609
6a17ac069acb48f9c7c4391f_audio_ranking_explanation_1780176781778_transcript,14,equal to everyone while also being fair to the environment,neutral,0.5662403702735901
6a17ac069acb48f9c7c4391f_audio_ranking_explanation_1780176781778_transcript,15,because overall the environment is what keeps us alive and,positive,0.5278019905090332
6a17ac069acb48f9c7c4391f_audio_ranking_explanation_1780176781778_transcript,16,the earth is our home so we have to protect,neutral,0.6219522953033447
6a17ac069acb48f9c7c4391f_audio_ranking_explanation_1780176781778_transcript,17,it. And then AI-centered utopia is last because data centers,neutral,0.6894034147262573
6a17ac069acb48f9c7c4391f_audio_ranking_explanation_1780176781778_transcript,18,are thieves of water and they really ruin the quality,negative,0.923802375793457
6a17ac069acb48f9c7c4391f_audio_ranking_explanation_1780176781778_transcript,19,of water for not only people and like drinking water,neutral,0.7914411425590515
6a17ac069acb48f9c7c4391f_audio_ranking_explanation_1780176781778_transcript,20,and we've seen what it can do to certain people's,negative,0.5117075443267822
6a17ac069acb48f9c7c4391f_audio_ranking_explanation_1780176781778_transcript,21,water source around the world country etc but also it,neutral,0.9176099896430969
6a17ac069acb48f9c7c4391f_audio_ranking_explanation_1780176781778_transcript,22,destroys habitats these data centers destroy water sources and habitats,negative,0.8504365086555481
6a17ac069acb48f9c7c4391f_audio_ranking_explanation_1780176781778_transcript,23,for animals and plants and overall it would just be,neutral,0.708235502243042
6a17ac069acb48f9c7c4391f_audio_ranking_explanation_1780176781778_transcript,24,a really miserable utopia i think or not utopia for,negative,0.9170390963554382
6a18797c20c1b443234da878_audio_missing_utopia_1780172844583_transcript,0,a control group everybody in fifth grade is gonna be,neutral,0.7045583128929138
6a18797c20c1b443234da878_audio_ranking_explanation_1780172835037_transcript,0,"So I'm technically making three of them, and our first",neutral,0.770863950252533
6a18797c20c1b443234da878_audio_ranking_explanation_1780172835037_transcript,1,one is going to be... What do you call a,neutral,0.8477504849433899
6a18e206268ae45110499045_audio_missing_utopia_1780194980197_transcript,0,The missing society would be one without a class structure,neutral,0.6385555267333984
6a18e206268ae45110499045_audio_missing_utopia_1780194980197_transcript,1,"where the citizens and workers owned the means of productions,",neutral,0.8306283354759216
6a18e206268ae45110499045_audio_missing_utopia_1780194980197_transcript,2,where governance is always decided through the will of the,neutral,0.8313814997673035
6a18e206268ae45110499045_audio_missing_utopia_1780194980197_transcript,3,people and not of small governing bodies. That's more or,neutral,0.7648629546165466
6a18e206268ae45110499045_audio_missing_utopia_1780194980197_transcript,4,less all that was really missing. I think everything else,neutral,0.5273256301879883
6a18e206268ae45110499045_audio_missing_utopia_1780194980197_transcript,5,we kind of hit on. But a more focus on,neutral,0.8193755745887756
6a18e206268ae45110499045_audio_missing_utopia_1780194980197_transcript,6,community and the strength of the worker and minimizing oligarchy.,neutral,0.6415430307388306
6a18e206268ae45110499045_audio_ranking_explanation_1780194912095_transcript,0,"As a socialist and environmentalist, my values reside in community-oriented",positive,0.5023350715637207
6a18e206268ae45110499045_audio_ranking_explanation_1780194912095_transcript,1,governance. And I believe those two options that I put,neutral,0.6889126300811768
6a18e206268ae45110499045_audio_ranking_explanation_1780194912095_transcript,2,"near the top really focus on those values, especially focusing",neutral,0.7215546369552612
6a18e206268ae45110499045_audio_ranking_explanation_1780194912095_transcript,3,on the importance of the environment and only using what,neutral,0.8165162801742554
6a18e206268ae45110499045_audio_ranking_explanation_1780194912095_transcript,4,"you need, as well as community-oriented governance and ruling through",neutral,0.8360591530799866
6a18e206268ae45110499045_audio_ranking_explanation_1780194912095_transcript,5,the needs of the people in the collective over the,neutral,0.80369633436203
6a18e206268ae45110499045_audio_ranking_explanation_1780194912095_transcript,6,needs of the few the ones I put near the,neutral,0.7931032776832581
6a18e206268ae45110499045_audio_ranking_explanation_1780194912095_transcript,7,bottom I did not like because the rule of law,negative,0.8051504492759705
6a18e206268ae45110499045_audio_ranking_explanation_1780194912095_transcript,8,were focused on machine overlords or AI beings or faith-based,neutral,0.7594698071479797
6a18e206268ae45110499045_audio_ranking_explanation_1780194912095_transcript,9,governments or governance based on human morals instead of science,neutral,0.5927119851112366
6a18e206268ae45110499045_audio_ranking_explanation_1780194912095_transcript,10,or reality and those are the values I uphold and,neutral,0.8006792664527893
6a192d7d9ea585de7ce45f2b_audio_ranking_explanation_1780163153981_transcript,0,I definitely prefer the futurist utopia I think that as,positive,0.7769444584846497
6a192d7d9ea585de7ce45f2b_audio_ranking_explanation_1780163153981_transcript,1,we as a society as we get more advanced we,neutral,0.6956996917724609
6a192d7d9ea585de7ce45f2b_audio_ranking_explanation_1780163153981_transcript,2,can make things more efficient and we'd be able to,positive,0.5552721619606018
6a192d7d9ea585de7ce45f2b_audio_ranking_explanation_1780163153981_transcript,3,sustain the life that we live way better I think,positive,0.7180636525154114
6a192d7d9ea585de7ce45f2b_audio_ranking_explanation_1780163153981_transcript,4,the inner morality and rule of law and sustainability and,neutral,0.7975735068321228
6a192d7d9ea585de7ce45f2b_audio_ranking_explanation_1780163153981_transcript,5,the green one I think those are all kind of,neutral,0.84177166223526
6a192d7d9ea585de7ce45f2b_audio_ranking_explanation_1780163153981_transcript,6,I kind of lumped them in i think they could,neutral,0.8457819223403931
6a192d7d9ea585de7ce45f2b_audio_ranking_explanation_1780163153981_transcript,7,have been placed a little bit differently um but for,neutral,0.8932404518127441
6a192d7d9ea585de7ce45f2b_audio_ranking_explanation_1780163153981_transcript,8,the most part i kind of agree with how i,positive,0.6599425673484802
6a192d7d9ea585de7ce45f2b_audio_ranking_explanation_1780163153981_transcript,9,rank them i think each of these have their own,neutral,0.8490293025970459
6a192d7d9ea585de7ce45f2b_audio_ranking_explanation_1780163153981_transcript,10,pros i think you know we have to live in,neutral,0.7988805174827576
6a192d7d9ea585de7ce45f2b_audio_ranking_explanation_1780163153981_transcript,11,a society that is you know based off of our,neutral,0.7738779783248901
6a192d7d9ea585de7ce45f2b_audio_ranking_explanation_1780163153981_transcript,12,own inner morality our own human morality i also think,neutral,0.8974484801292419
6a192d7d9ea585de7ce45f2b_audio_ranking_explanation_1780163153981_transcript,13,you know we should have rules in like a like,neutral,0.8309242129325867
6a192d7d9ea585de7ce45f2b_audio_ranking_explanation_1780163153981_transcript,14,the way that we have it now in the as,neutral,0.8515559434890747
6a192d7d9ea585de7ce45f2b_audio_ranking_explanation_1780163153981_transcript,15,"a judicial system that we can kind of lean on,",neutral,0.6079735159873962
6a192d7d9ea585de7ce45f2b_audio_ranking_explanation_1780163153981_transcript,16,"that we could use as a set of rules, and",neutral,0.864020586013794
6a192d7d9ea585de7ce45f2b_audio_ranking_explanation_1780163153981_transcript,17,"these rules have been agreed upon by not only us,",neutral,0.8343864679336548
6a192d7d9ea585de7ce45f2b_audio_ranking_explanation_1780163153981_transcript,18,but by lawmakers. And I also think being sustainable is,neutral,0.7948012351989746
6a192d7d9ea585de7ce45f2b_audio_ranking_explanation_1780163153981_transcript,19,a good practice. I just don't think being sustainable is,negative,0.7484150528907776
6a192d7d9ea585de7ce45f2b_audio_ranking_explanation_1780163153981_transcript,20,"like, I feel like the futurist utopia is in and",neutral,0.6541844606399536
6a192d7d9ea585de7ce45f2b_audio_ranking_explanation_1780163153981_transcript,21,of itself sustainable just because you know if we invest,neutral,0.7450568675994873
6a192d7d9ea585de7ce45f2b_audio_ranking_explanation_1780163153981_transcript,22,in science innovation we're going to live a more sustainable,positive,0.829735279083252
6a192d7d9ea585de7ce45f2b_audio_ranking_explanation_1780163153981_transcript,23,life and a more efficient life um religious and primitive,neutral,0.5706799626350403
6a192d7d9ea585de7ce45f2b_audio_ranking_explanation_1780163153981_transcript,24,i feel like are kind of on the same scale,neutral,0.8388944268226624
6a192d7d9ea585de7ce45f2b_audio_ranking_explanation_1780163153981_transcript,25,i as someone who is religious i think religion is,neutral,0.7824874520301819
6a192d7d9ea585de7ce45f2b_audio_ranking_explanation_1780163153981_transcript,26,important but i feel like there are much more aspects,neutral,0.6276249885559082
6a192d7d9ea585de7ce45f2b_audio_ranking_explanation_1780163153981_transcript,27,to think about i feel like religion can be a,neutral,0.7325146198272705
6a192d7d9ea585de7ce45f2b_audio_ranking_explanation_1780163153981_transcript,28,subset of what we of how we can govern a,neutral,0.8810828924179077
6a192d7d9ea585de7ce45f2b_audio_ranking_explanation_1780163153981_transcript,29,society of item no efficiency the main point is anything,neutral,0.5438269376754761
6a192d7d9ea585de7ce45f2b_audio_ranking_explanation_1780163153981_transcript,30,like the low tech and small scale i just don't,negative,0.8215320706367493
6a192d7d9ea585de7ce45f2b_audio_ranking_explanation_1780163153981_transcript,31,really see a point in that just because like i,neutral,0.6469544172286987
6a192d7d9ea585de7ce45f2b_audio_ranking_explanation_1780163153981_transcript,32,feel like in society we're always naturally wanting to progress,neutral,0.6745719909667969
6a192d7d9ea585de7ce45f2b_audio_ranking_explanation_1780163153981_transcript,33,and being kind of conservative and just being okay with,neutral,0.7933785319328308
6a192d7d9ea585de7ce45f2b_audio_ranking_explanation_1780163153981_transcript,34,how things are i don't necessarily like the ai center,negative,0.730083703994751
6a192d7d9ea585de7ce45f2b_audio_ranking_explanation_1780163153981_transcript,35,one i think it's kind of stupid like i don't,negative,0.8402205109596252
6a192d7d9ea585de7ce45f2b_audio_ranking_explanation_1780163153981_transcript,36,know why we would want again like i i'm not,neutral,0.6524185538291931
6a192d7d9ea585de7ce45f2b_audio_ranking_explanation_1780163153981_transcript,37,to say that i don't think ai can be used,negative,0.6721271872520447
6a192d7d9ea585de7ce45f2b_audio_ranking_explanation_1780163153981_transcript,38,as a tool but using it as like the main,neutral,0.8752273917198181
6a192d7d9ea585de7ce45f2b_audio_ranking_explanation_1780163153981_transcript,39,governance system seems so weird because yeah well i don't,negative,0.7277738451957703
6a192d7d9ea585de7ce45f2b_audio_ranking_explanation_1780163153981_transcript,40,know i guess like we created ai but like maybe,neutral,0.8844068050384521
6a192d7d9ea585de7ce45f2b_audio_ranking_explanation_1780163153981_transcript,41,it's like a sci-fi thing where i feel like i'm,neutral,0.7003592252731323
6a192d7d9ea585de7ce45f2b_audio_ranking_explanation_1780163153981_transcript,42,afraid that it's gonna overtake and things that we as,negative,0.6819600462913513
6a192d7d9ea585de7ce45f2b_audio_ranking_explanation_1780163153981_transcript,43,humans don't necessarily believe in is what the AI believes,neutral,0.7696428894996643
6a192d7d9ea585de7ce45f2b_audio_ranking_explanation_1780163153981_transcript,44,in and even though we made the AI it's like,neutral,0.6195192337036133
6a19bd25d19e132edd24a417_audio_missing_utopia_1780200017624_transcript,0,"I really do like the morals one, but I feel",positive,0.7179623246192932
6a19bd25d19e132edd24a417_audio_missing_utopia_1780200017624_transcript,1,"in the current society that we live in, with the",neutral,0.7806927561759949
6a19bd25d19e132edd24a417_audio_missing_utopia_1780200017624_transcript,2,type of people that exist that are just too many,negative,0.8280195593833923
6a19bd25d19e132edd24a417_audio_missing_utopia_1780200017624_transcript,3,"differing beliefs, I think that everything mentioned, maybe aside from",neutral,0.8992844223976135
6a19bd25d19e132edd24a417_audio_missing_utopia_1780200017624_transcript,4,"AI and religion, are important to aiding a society in",positive,0.5251078605651855
6a19bd25d19e132edd24a417_audio_missing_utopia_1780200017624_transcript,5,success. We need people to be led by their morals,neutral,0.553403913974762
6a19bd25d19e132edd24a417_audio_missing_utopia_1780200017624_transcript,6,"We need law, of course To ensure that there are",neutral,0.7974140048027039
6a19bd25d19e132edd24a417_audio_missing_utopia_1780200017624_transcript,7,consequences to actions I think religion should be kept personal,neutral,0.6388057470321655
6a19bd25d19e132edd24a417_audio_missing_utopia_1780200017624_transcript,8,I don't think that AI needs to be advanced I,neutral,0.5828249454498291
6a19bd25d19e132edd24a417_audio_missing_utopia_1780200017624_transcript,9,think we should be minimizing Or maximizing the resources we,neutral,0.7552945613861084
6a19bd25d19e132edd24a417_audio_missing_utopia_1780200017624_transcript,10,have But not to the extent where we're ignoring the,neutral,0.6359674334526062
6a19bd25d19e132edd24a417_audio_missing_utopia_1780200017624_transcript,11,environment and overusing things or underutilizing things that we could,neutral,0.5675742030143738
6a19bd25d19e132edd24a417_audio_ranking_explanation_1780199941268_transcript,0,"We currently use AI, and it's increasing in its usage,",positive,0.5118098258972168
6a19bd25d19e132edd24a417_audio_ranking_explanation_1780199941268_transcript,1,and it's not helping really anything. It's harming the environment,negative,0.9088825583457947
6a19bd25d19e132edd24a417_audio_ranking_explanation_1780199941268_transcript,2,"and people's drinking water. I think we need tech, and",neutral,0.7561736106872559
6a19bd25d19e132edd24a417_audio_ranking_explanation_1780199941268_transcript,3,"I think some AI can be beneficial, but I think",positive,0.5334363579750061
6a19bd25d19e132edd24a417_audio_ranking_explanation_1780199941268_transcript,4,even to the extent that it is now is not,neutral,0.5345317721366882
6a19bd25d19e132edd24a417_audio_ranking_explanation_1780199941268_transcript,5,good. um i think we need morals and morals to,neutral,0.6086128950119019
6a19bd25d19e132edd24a417_audio_ranking_explanation_1780199941268_transcript,6,run the way people live but i don't think it,neutral,0.6933785080909729
6a19bd25d19e132edd24a417_audio_ranking_explanation_1780199941268_transcript,7,should be the sole determiner determining factor in the way,neutral,0.7973746061325073
6a19bd25d19e132edd24a417_audio_ranking_explanation_1780199941268_transcript,8,people exist because everyone has different morals and what they,neutral,0.7674946188926697
6a19bd25d19e132edd24a417_audio_ranking_explanation_1780199941268_transcript,9,believe is right and wrong and we're not all ever,neutral,0.7204521894454956
6a19bd25d19e132edd24a417_audio_ranking_explanation_1780199941268_transcript,10,going to agree on that I think strictly basing what,neutral,0.8576761484146118
6a19bd25d19e132edd24a417_audio_ranking_explanation_1780199941268_transcript,11,we do on rule of law also isn't good. Anytime,negative,0.8779224753379822
6a19bd25d19e132edd24a417_audio_ranking_explanation_1780199941268_transcript,12,"we've had, like, super, um, authoritarian or dictatorships, like, where",neutral,0.6420323848724365
6a19bd25d19e132edd24a417_audio_ranking_explanation_1780199941268_transcript,13,"law was it and religion was it, it just didn't",negative,0.534902036190033
6a19bd25d19e132edd24a417_audio_ranking_explanation_1780199941268_transcript,14,go well. So I feel the same about religion. There,neutral,0.6394669413566589
6a19bd25d19e132edd24a417_audio_ranking_explanation_1780199941268_transcript,15,are too many religions and too many beliefs that that,neutral,0.5750847458839417
6a19d18f546496cf8a436e69_audio_missing_utopia_1780173195576_transcript,0,"Um, I don't really think any, like, values were missing.",neutral,0.6246747970581055
6a19d18f546496cf8a436e69_audio_missing_utopia_1780173195576_transcript,1,I just think that they all need to be kind,neutral,0.4914688169956207
6a19d18f546496cf8a436e69_audio_missing_utopia_1780173195576_transcript,2,"of mixed together. I don't think it should be, like,",negative,0.7535714507102966
6a19d18f546496cf8a436e69_audio_missing_utopia_1780173195576_transcript,3,"either or. For the perfect society, it has to have",neutral,0.6411017179489136
6a19d18f546496cf8a436e69_audio_ranking_explanation_1780173166976_transcript,0,um i recorded or i ranked these in this order,neutral,0.9407997727394104
6a19d18f546496cf8a436e69_audio_ranking_explanation_1780173166976_transcript,1,um because i think it's super important to continue to,positive,0.7493618726730347
6a19d18f546496cf8a436e69_audio_ranking_explanation_1780173166976_transcript,2,be more environmentally sustainable um and i ranked ai last,neutral,0.6229183673858643
6a19d18f546496cf8a436e69_audio_ranking_explanation_1780173166976_transcript,3,because i it doesn't really it's actually kind of really,negative,0.5174790620803833
6a19d18f546496cf8a436e69_audio_ranking_explanation_1780173166976_transcript,4,destructive for the environment so it is just the complete,negative,0.8651062250137329
6a1a3233ce9bfe00996eea1a_audio_missing_utopia_1780169649761_transcript,0,um i don't really know if any any future societies,negative,0.6618346571922302
6a1a3233ce9bfe00996eea1a_audio_missing_utopia_1780169649761_transcript,1,were uh not listed in there i think for the,neutral,0.868844747543335
6a1a3233ce9bfe00996eea1a_audio_missing_utopia_1780169649761_transcript,2,most part everything touched on uh i mean touched on,neutral,0.8346760869026184
6a1a3233ce9bfe00996eea1a_audio_missing_utopia_1780169649761_transcript,3,on what that utopia would look like or what that,neutral,0.6845510005950928
6a1a3233ce9bfe00996eea1a_audio_missing_utopia_1780169649761_transcript,4,community would look like uh i think that i mean,neutral,0.8748663663864136
6a1a3233ce9bfe00996eea1a_audio_missing_utopia_1780169649761_transcript,5,and for the most part i think that the society,neutral,0.6637488007545471
6a1a3233ce9bfe00996eea1a_audio_missing_utopia_1780169649761_transcript,6,"would need to have shared values, shared morals in order",neutral,0.7960981726646423
6a1a3233ce9bfe00996eea1a_audio_ranking_explanation_1780169464066_transcript,0,I think the reason that I chose the way that,neutral,0.7311608195304871
6a1a3233ce9bfe00996eea1a_audio_ranking_explanation_1780169464066_transcript,1,I did was because modern green utopia being the most,positive,0.581324577331543
6a1a3233ce9bfe00996eea1a_audio_ranking_explanation_1780169464066_transcript,2,"preferred, it's sustainable, it's secure, it's the most logical in",positive,0.8279357552528381
6a1a3233ce9bfe00996eea1a_audio_ranking_explanation_1780169464066_transcript,3,my opinion to keep people in harmony while not having,neutral,0.7422383427619934
6a1a3233ce9bfe00996eea1a_audio_ranking_explanation_1780169464066_transcript,4,"an abundance of things for certain people, but also not",neutral,0.7323396801948547
6a1a3233ce9bfe00996eea1a_audio_ranking_explanation_1780169464066_transcript,5,having to go without. I don't think it's realistic. I,negative,0.8730775713920593
6a1a3233ce9bfe00996eea1a_audio_ranking_explanation_1780169464066_transcript,6,"don't think most of these are realistic, but the first",negative,0.5651302337646484
6a1a3233ce9bfe00996eea1a_audio_ranking_explanation_1780169464066_transcript,7,three utopias seemed a lot more innovative in a sense,positive,0.6705101132392883
6a1a3233ce9bfe00996eea1a_audio_ranking_explanation_1780169464066_transcript,8,"of, you know, people can still be people and they're",neutral,0.7537156343460083
6a1a3233ce9bfe00996eea1a_audio_ranking_explanation_1780169464066_transcript,9,"not, you know, being governed by AI or robots or,",neutral,0.6434906125068665
6a1a3233ce9bfe00996eea1a_audio_ranking_explanation_1780169464066_transcript,10,"you know, just straight religion um so i think the",neutral,0.9091150164604187
6a1a3233ce9bfe00996eea1a_audio_ranking_explanation_1780169464066_transcript,11,the three top utopias that i chose uh were all,neutral,0.7957785725593567
6a1a3233ce9bfe00996eea1a_audio_ranking_explanation_1780169464066_transcript,12,for for that reason um the primitivist utopia seemed to,neutral,0.8198816776275635
6a1a3233ce9bfe00996eea1a_audio_ranking_explanation_1780169464066_transcript,13,me more like uh like the moral commonwealth to an,neutral,0.8822485208511353
6a1a3233ce9bfe00996eea1a_audio_ranking_explanation_1780169464066_transcript,14,extent um except for you know you use more uh,neutral,0.9055916666984558
6a1a3233ce9bfe00996eea1a_audio_ranking_explanation_1780169464066_transcript,15,"more technology um i think the futurist utopia would be,",neutral,0.7629709839820862
6a1a3233ce9bfe00996eea1a_audio_ranking_explanation_1780169464066_transcript,16,"uh, would be fun. I also think that you're looking",positive,0.9036550521850586
6a1a3233ce9bfe00996eea1a_audio_ranking_explanation_1780169464066_transcript,17,"at, uh, a lot of different things that could be",neutral,0.8006376624107361
6a1a3233ce9bfe00996eea1a_audio_ranking_explanation_1780169464066_transcript,18,"out of our control in that. And, uh, I don't",neutral,0.6266583800315857
6a1a3233ce9bfe00996eea1a_audio_ranking_explanation_1780169464066_transcript,19,know too much technology. I think sometimes can be a,neutral,0.4974871277809143
6a1a3233ce9bfe00996eea1a_audio_ranking_explanation_1780169464066_transcript,20,"bad thing. Uh, moral commonwealth. I think most smaller communities",negative,0.5447903871536255
6a1a3233ce9bfe00996eea1a_audio_ranking_explanation_1780169464066_transcript,21,"live that way anyway, to an extent. Um, and I",neutral,0.7998925447463989
6a1a3233ce9bfe00996eea1a_audio_ranking_explanation_1780169464066_transcript,22,think good people do good things. I would not want,negative,0.45492875576019287
6a1a3233ce9bfe00996eea1a_audio_ranking_explanation_1780169464066_transcript,23,AI centered utopia uh i mean i understand data driven,neutral,0.6885743737220764
6a1a3233ce9bfe00996eea1a_audio_ranking_explanation_1780169464066_transcript,24,but at the same time um data can be skewed,negative,0.5152581334114075
6a1a3233ce9bfe00996eea1a_audio_ranking_explanation_1780169464066_transcript,25,data can be uh lack context a lot of different,neutral,0.5870252251625061
6a1a3233ce9bfe00996eea1a_audio_ranking_explanation_1780169464066_transcript,26,things um religious utopia uh i just i mean i,neutral,0.793404757976532
6a1a3233ce9bfe00996eea1a_audio_ranking_explanation_1780169464066_transcript,27,think people should be able to practice whatever religion they,neutral,0.7327600717544556
6a1a3233ce9bfe00996eea1a_audio_ranking_explanation_1780169464066_transcript,28,want whatever ideologies that they feel and then institutional utopia,neutral,0.7590170502662659
6a1a3233ce9bfe00996eea1a_audio_ranking_explanation_1780169464066_transcript,29,i know but that's just never worked out every every,negative,0.7821453809738159
6a1a3233ce9bfe00996eea1a_audio_ranking_explanation_1780169464066_transcript,30,book written about that everything goes up in flames eventually,negative,0.5970075726509094
6a1a50ad3e0e62d7abe2bfbf_audio_missing_utopia_1780201516931_transcript,0,I don't think there are any important values that were,negative,0.5902523398399353
6a1a50ad3e0e62d7abe2bfbf_audio_missing_utopia_1780201516931_transcript,1,absent from all of them. I think in my ideal,neutral,0.8200551867485046
6a1a50ad3e0e62d7abe2bfbf_audio_missing_utopia_1780201516931_transcript,2,"society, everyone just kind of gets it. There is no,",neutral,0.6348921656608582
6a1a50ad3e0e62d7abe2bfbf_audio_missing_utopia_1780201516931_transcript,3,"I mean, that's not human, though. There wouldn't be a",negative,0.6986271739006042
6a1a50ad3e0e62d7abe2bfbf_audio_missing_utopia_1780201516931_transcript,4,spectrum of emotions. and so i guess this kind of,neutral,0.8818386197090149
6a1a50ad3e0e62d7abe2bfbf_audio_missing_utopia_1780201516931_transcript,5,just all of these utopias kind of i mean that's,neutral,0.639426052570343
6a1a50ad3e0e62d7abe2bfbf_audio_missing_utopia_1780201516931_transcript,6,what a utopia is like there is no anomaly um,neutral,0.703174352645874
6a1a50ad3e0e62d7abe2bfbf_audio_missing_utopia_1780201516931_transcript,7,everyone just does as is expected but i don't think,neutral,0.7084307670593262
6a1a50ad3e0e62d7abe2bfbf_audio_missing_utopia_1780201516931_transcript,8,there's any big thing that um i was missing or,neutral,0.7719382047653198
6a1a50ad3e0e62d7abe2bfbf_audio_missing_utopia_1780201516931_transcript,9,thought should be included All right. All right. All right.,neutral,0.5207197070121765
6a1a50ad3e0e62d7abe2bfbf_audio_missing_utopia_1780201516931_transcript,10,All right. All right. All right. All right. All right.,positive,0.6802040338516235
6a1a50ad3e0e62d7abe2bfbf_audio_missing_utopia_1780201516931_transcript,11,All right. All right. All right. All right. All right.,positive,0.6802040338516235
6a1a50ad3e0e62d7abe2bfbf_audio_missing_utopia_1780201516931_transcript,12,All right. All right. All right. All right. All right.,positive,0.6802040338516235
6a1a50ad3e0e62d7abe2bfbf_audio_missing_utopia_1780201516931_transcript,13,All right. All right. All right. All right. All right.,positive,0.6802040338516235
6a1a50ad3e0e62d7abe2bfbf_audio_missing_utopia_1780201516931_transcript,14,All right. All right. All right. All right. All right.,positive,0.6802040338516235
6a1a50ad3e0e62d7abe2bfbf_audio_ranking_explanation_1780201445184_transcript,0,i feel like my first uh choice the inner morality,neutral,0.685523271560669
6a1a50ad3e0e62d7abe2bfbf_audio_ranking_explanation_1780201445184_transcript,1,is the one i preferred the most because it's kind,positive,0.8738195896148682
6a1a50ad3e0e62d7abe2bfbf_audio_ranking_explanation_1780201445184_transcript,2,of um i don't know like we all have the,neutral,0.7526662945747375
6a1a50ad3e0e62d7abe2bfbf_audio_ranking_explanation_1780201445184_transcript,3,same ideas it would be hard to there would be,neutral,0.689350426197052
6a1a50ad3e0e62d7abe2bfbf_audio_ranking_explanation_1780201445184_transcript,4,no disagreement if we all have this inner compass and,neutral,0.8049611449241638
6a1a50ad3e0e62d7abe2bfbf_audio_ranking_explanation_1780201445184_transcript,5,we all are morally just then there would be there,neutral,0.7952147126197815
6a1a50ad3e0e62d7abe2bfbf_audio_ranking_explanation_1780201445184_transcript,6,would be no issues that would be literally perfect I,positive,0.9059881567955017
6a1a50ad3e0e62d7abe2bfbf_audio_ranking_explanation_1780201445184_transcript,7,don't know if that I mean I there's that's never,neutral,0.5768453478813171
6a1a50ad3e0e62d7abe2bfbf_audio_ranking_explanation_1780201445184_transcript,8,going to happen but that would be awesome and then,positive,0.9620649814605713
6a1a50ad3e0e62d7abe2bfbf_audio_ranking_explanation_1780201445184_transcript,9,sustainable and secure I feel like that's also kind of,positive,0.5219566822052002
6a1a50ad3e0e62d7abe2bfbf_audio_ranking_explanation_1780201445184_transcript,10,going with the same theme that like everybody knows their,neutral,0.8226866126060486
6a1a50ad3e0e62d7abe2bfbf_audio_ranking_explanation_1780201445184_transcript,11,place there is no strict government and everyone just respects,neutral,0.6652877330780029
6a1a50ad3e0e62d7abe2bfbf_audio_ranking_explanation_1780201445184_transcript,12,that and so there again is no violence no issues,neutral,0.6838576793670654
6a1a50ad3e0e62d7abe2bfbf_audio_ranking_explanation_1780201445184_transcript,13,um i went with rule of law because i don't,neutral,0.758321225643158
6a1a50ad3e0e62d7abe2bfbf_audio_ranking_explanation_1780201445184_transcript,14,know there's always going to be bad people and so,negative,0.8370075821876526
6a1a50ad3e0e62d7abe2bfbf_audio_ranking_explanation_1780201445184_transcript,15,at least the law will help deter but that's not,negative,0.6360740661621094
6a1a50ad3e0e62d7abe2bfbf_audio_ranking_explanation_1780201445184_transcript,16,really very true uh science and innovation next i just,positive,0.9040281176567078
6a1a50ad3e0e62d7abe2bfbf_audio_ranking_explanation_1780201445184_transcript,17,feel like that is scary like what if i don't,negative,0.6505101323127747
6a1a50ad3e0e62d7abe2bfbf_audio_ranking_explanation_1780201445184_transcript,18,know the scientists are lying to us I don't know,negative,0.802893877029419
6a1a50ad3e0e62d7abe2bfbf_audio_ranking_explanation_1780201445184_transcript,19,it's just scary um and then low tech small scale,negative,0.8962389826774597
6a1a50ad3e0e62d7abe2bfbf_audio_ranking_explanation_1780201445184_transcript,20,I feel like it would be hard to spread information,negative,0.5303966403007507
6a1a50ad3e0e62d7abe2bfbf_audio_ranking_explanation_1780201445184_transcript,21,that way AI centered what if the robots take over,neutral,0.7593562602996826
6a1a50ad3e0e62d7abe2bfbf_audio_ranking_explanation_1780201445184_transcript,22,also AI I guess this is 100 years from now,neutral,0.810097873210907
6a1a50ad3e0e62d7abe2bfbf_audio_ranking_explanation_1780201445184_transcript,23,I'm sure AI will be phenomenal by then but right,positive,0.7950311899185181
6a1a50ad3e0e62d7abe2bfbf_audio_ranking_explanation_1780201445184_transcript,24,now there is a lot of issues there so i,negative,0.8684377670288086
6a1a50ad3e0e62d7abe2bfbf_audio_ranking_explanation_1780201445184_transcript,25,don't think i would want robots running my life and,negative,0.7841167449951172
6a1a50ad3e0e62d7abe2bfbf_audio_ranking_explanation_1780201445184_transcript,26,religious utopia i just would rather shoot myself in the,negative,0.83998703956604
6a1a50ad3e0e62d7abe2bfbf_audio_ranking_explanation_1780201445184_transcript,27,face than have to listen to some christian bitch pardon,negative,0.7897905111312866
6a1a50ad3e0e62d7abe2bfbf_audio_ranking_explanation_1780201445184_transcript,28,my language um like preach to me about how like,neutral,0.7794750332832336
6a1a50ad3e0e62d7abe2bfbf_audio_ranking_explanation_1780201445184_transcript,29,we're gonna get raptured like i i would rather die,negative,0.9078078269958496
6a1a8d3372b0ab20d9c4041b_audio_missing_utopia_1780189024708_transcript,0,So we need a society that incorporates both law and,neutral,0.7531629800796509
6a1a8d3372b0ab20d9c4041b_audio_missing_utopia_1780189024708_transcript,1,"faith, a society that one backs up the other and",positive,0.5074746608734131
6a1a8d3372b0ab20d9c4041b_audio_missing_utopia_1780189024708_transcript,2,one brings forth morals from each other that help to,neutral,0.5118443965911865
6a1a8d3372b0ab20d9c4041b_audio_missing_utopia_1780189024708_transcript,3,govern its people. So the faith can be used to,neutral,0.7526984214782715
6a1a8d3372b0ab20d9c4041b_audio_missing_utopia_1780189024708_transcript,4,"give reference, to give, not suggestions, but incorporations or backup.",neutral,0.8653131723403931
6a1a8d3372b0ab20d9c4041b_audio_missing_utopia_1780189024708_transcript,5,And then the law should be there to give what,neutral,0.755085289478302
6a1a8d3372b0ab20d9c4041b_audio_missing_utopia_1780189024708_transcript,6,"is right and what is wrong, to give what should",neutral,0.8291381597518921
6a1a8d3372b0ab20d9c4041b_audio_missing_utopia_1780189024708_transcript,7,be done and what should not be done. That was,neutral,0.682546854019165
6a1a8d3372b0ab20d9c4041b_audio_ranking_explanation_1780188636266_transcript,0,um so therefore i prefer to rank them in that,neutral,0.8242731690406799
6a1a8d3372b0ab20d9c4041b_audio_ranking_explanation_1780188636266_transcript,1,order because the religious utopia is mainly faith-based and it,neutral,0.5593928098678589
6a1a8d3372b0ab20d9c4041b_audio_ranking_explanation_1780188636266_transcript,2,is used to it it basically gets its laws from,neutral,0.8600839972496033
6a1a8d3372b0ab20d9c4041b_audio_ranking_explanation_1780188636266_transcript,3,the religious scripts for example the christians the muslims and,neutral,0.8544853329658508
6a1a8d3372b0ab20d9c4041b_audio_ranking_explanation_1780188636266_transcript,4,other institutions then we have the institutional utopia which is,neutral,0.783698558807373
6a1a8d3372b0ab20d9c4041b_audio_ranking_explanation_1780188636266_transcript,5,the rule of law that brings forth many many many,neutral,0.5230451822280884
6a1a8d3372b0ab20d9c4041b_audio_ranking_explanation_1780188636266_transcript,6,opportunities for the people to enact democratic laws and for,neutral,0.7475677132606506
6a1a8d3372b0ab20d9c4041b_audio_ranking_explanation_1780188636266_transcript,7,them to bring about peace law in order and then,neutral,0.7684166431427002
6a1a8d3372b0ab20d9c4041b_audio_ranking_explanation_1780188636266_transcript,8,i chose futuristic utopia because the world is expanding daily,positive,0.5781056880950928
6a1a8d3372b0ab20d9c4041b_audio_ranking_explanation_1780188636266_transcript,9,and we need um daily movement daily expansion and the,neutral,0.8781485557556152
6a1a8d3372b0ab20d9c4041b_audio_ranking_explanation_1780188636266_transcript,10,utopia we also need um the green utopia because as,neutral,0.7732384204864502
6a1a8d3372b0ab20d9c4041b_audio_ranking_explanation_1780188636266_transcript,11,you know green is life and green is the color,positive,0.7081353068351746
6a1a8d3372b0ab20d9c4041b_audio_ranking_explanation_1780188636266_transcript,12,of plants and vegetation then we have the commonwealth like,neutral,0.8803557753562927
6a1a8d3372b0ab20d9c4041b_audio_ranking_explanation_1780188636266_transcript,13,everybody controls their selves everybody has um inner drive inner,neutral,0.853539228439331
6a1a8d3372b0ab20d9c4041b_audio_ranking_explanation_1780188636266_transcript,14,morals everybody gets to move their own And then we,neutral,0.7955718040466309
6a1a8d3372b0ab20d9c4041b_audio_ranking_explanation_1780188636266_transcript,15,"have the AI centered. AI is currently the most, should",neutral,0.6185018420219421
6a1a8d3372b0ab20d9c4041b_audio_ranking_explanation_1780188636266_transcript,16,"I say innovative? Yes, innovative and actively transforming in today's",positive,0.8456681966781616
6a1a8d3372b0ab20d9c4041b_audio_ranking_explanation_1780188636266_transcript,17,society. And then we have primitive utopia as the last,negative,0.5091426968574524
6a1a8d3372b0ab20d9c4041b_audio_ranking_explanation_1780188636266_transcript,18,option as we have moved on and there is no,neutral,0.8053335547447205
6a1ae758fe1ae407eb0c8dfa_audio_missing_utopia_1780187929361_transcript,0,"For me, I think I might, I might ultimate the",positive,0.5500285029411316
6a1ae758fe1ae407eb0c8dfa_audio_missing_utopia_1780187929361_transcript,1,"first three. So having a moral compass, that is a",neutral,0.725259006023407
6a1ae758fe1ae407eb0c8dfa_audio_missing_utopia_1780187929361_transcript,2,"supreme moral compass, that is the religious aspect of it,",neutral,0.8254250288009644
6a1ae758fe1ae407eb0c8dfa_audio_missing_utopia_1780187929361_transcript,3,then having a factual science-based approach to things that require,neutral,0.792534589767456
6a1ae758fe1ae407eb0c8dfa_audio_missing_utopia_1780187929361_transcript,4,"science-based knowledge, Then having an incorporated AI system that comes",neutral,0.8367358446121216
6a1ae758fe1ae407eb0c8dfa_audio_missing_utopia_1780187929361_transcript,5,in place and bridges the gaps between the three. So,neutral,0.8157345652580261
6a1ae758fe1ae407eb0c8dfa_audio_missing_utopia_1780187929361_transcript,6,you have yourself understanding that you have a moral compass,neutral,0.6293927431106567
6a1ae758fe1ae407eb0c8dfa_audio_missing_utopia_1780187929361_transcript,7,"to your creator, that is God. Then having the facts",neutral,0.5674672722816467
6a1ae758fe1ae407eb0c8dfa_audio_missing_utopia_1780187929361_transcript,8,to bring or to stop or to move forward the,neutral,0.8643739819526672
6a1ae758fe1ae407eb0c8dfa_audio_missing_utopia_1780187929361_transcript,9,development of humankind using science based on the facts that,neutral,0.7594632506370544
6a1ae758fe1ae407eb0c8dfa_audio_missing_utopia_1780187929361_transcript,10,we have. Then using AI to bridge the gap and,neutral,0.7545530200004578
6a1ae758fe1ae407eb0c8dfa_audio_missing_utopia_1780187929361_transcript,11,tighten everything up to bring a conscious one better utopia.,neutral,0.6772811412811279
6a1ae758fe1ae407eb0c8dfa_audio_ranking_explanation_1780187807567_transcript,0,I've gone with the religious utopia as the best utopia,positive,0.7958698868751526
6a1ae758fe1ae407eb0c8dfa_audio_ranking_explanation_1780187807567_transcript,1,for me because I think having a supreme being as,neutral,0.8462600708007812
6a1ae758fe1ae407eb0c8dfa_audio_ranking_explanation_1780187807567_transcript,2,your central point of reference and where you get your,neutral,0.8912762999534607
6a1ae758fe1ae407eb0c8dfa_audio_ranking_explanation_1780187807567_transcript,3,strength from is far much better because it reverses you,positive,0.8785637021064758
6a1ae758fe1ae407eb0c8dfa_audio_ranking_explanation_1780187807567_transcript,4,back to your maker. and you will do anything and,neutral,0.7944343686103821
6a1ae758fe1ae407eb0c8dfa_audio_ranking_explanation_1780187807567_transcript,5,everything possible to not go against the laws that are,neutral,0.7351479530334473
6a1ae758fe1ae407eb0c8dfa_audio_ranking_explanation_1780187807567_transcript,6,"set by your maker, which are for your own benefit.",neutral,0.7657567858695984
6a1ae758fe1ae407eb0c8dfa_audio_ranking_explanation_1780187807567_transcript,7,"In this instance, I'm talking about Christianity. The second one,",neutral,0.8813474774360657
6a1ae758fe1ae407eb0c8dfa_audio_ranking_explanation_1780187807567_transcript,8,"the second utopia, is the AI-centered utopia. For me, I",neutral,0.6464425325393677
6a1ae758fe1ae407eb0c8dfa_audio_ranking_explanation_1780187807567_transcript,9,think that it can gradually grow in thought process that,neutral,0.8428149223327637
6a1ae758fe1ae407eb0c8dfa_audio_ranking_explanation_1780187807567_transcript,10,are able to alienate problems that are caused by the,neutral,0.5018098950386047
6a1ae758fe1ae407eb0c8dfa_audio_ranking_explanation_1780187807567_transcript,11,"human shortcomings, that is corruption, hiring people from the same",negative,0.8695913553237915
6a1ae758fe1ae407eb0c8dfa_audio_ranking_explanation_1780187807567_transcript,12,"clan, and so on and so forth. Then the science",neutral,0.8732370138168335
6a1ae758fe1ae407eb0c8dfa_audio_ranking_explanation_1780187807567_transcript,13,"and innovation, I think, comes in a third, since for",neutral,0.7772389650344849
6a1ae758fe1ae407eb0c8dfa_audio_ranking_explanation_1780187807567_transcript,14,"science is based on factual finding. But my concern was,",neutral,0.7936692237854004
6a1ae758fe1ae407eb0c8dfa_audio_ranking_explanation_1780187807567_transcript,15,Because what about if at a certain point the data,neutral,0.8627980947494507
6a1ae758fe1ae407eb0c8dfa_audio_ranking_explanation_1780187807567_transcript,16,"that we have points to a specific, points to a",neutral,0.8653546571731567
6a1ae758fe1ae407eb0c8dfa_audio_ranking_explanation_1780187807567_transcript,17,"certain direction, which is wrong after we have done most",negative,0.6933229565620422
6a1ae758fe1ae407eb0c8dfa_audio_ranking_explanation_1780187807567_transcript,18,of the research and found out that this is wrong.,negative,0.7478761076927185
6a1ae758fe1ae407eb0c8dfa_audio_ranking_explanation_1780187807567_transcript,19,"Case and point, we have been using wrong or rather",negative,0.7035974264144897
6a1ae758fe1ae407eb0c8dfa_audio_ranking_explanation_1780187807567_transcript,20,pesticides that contain harmful substances that result into cancerous cells,negative,0.876991331577301
6a1ae758fe1ae407eb0c8dfa_audio_ranking_explanation_1780187807567_transcript,21,being formed in our bodies so if we go with,neutral,0.8897814154624939
6a1ae758fe1ae407eb0c8dfa_audio_ranking_explanation_1780187807567_transcript,22,that scenario we find that yes in the long run,positive,0.5280440449714661
6a1ae758fe1ae407eb0c8dfa_audio_ranking_explanation_1780187807567_transcript,23,it might be better but we have to go with,neutral,0.578978419303894
6a1ae758fe1ae407eb0c8dfa_audio_ranking_explanation_1780187807567_transcript,24,the facts that sometimes facts can be wrong and gradually,negative,0.5385961532592773
6a1ae758fe1ae407eb0c8dfa_audio_ranking_explanation_1780187807567_transcript,25,as the information comes we might have to revert so,neutral,0.9206980466842651
6a1ae758fe1ae407eb0c8dfa_audio_ranking_explanation_1780187807567_transcript,26,that's why i I went with it at the third.,neutral,0.7864894270896912
6a1ae758fe1ae407eb0c8dfa_audio_ranking_explanation_1780187807567_transcript,27,"Then the rule of law. For me, I think the",neutral,0.8183043599128723
6a1ae758fe1ae407eb0c8dfa_audio_ranking_explanation_1780187807567_transcript,28,rule of law is quite rigid. And sometimes the community,negative,0.6197041869163513
6a1ae758fe1ae407eb0c8dfa_audio_ranking_explanation_1780187807567_transcript,29,or the communities that community guidelines or rules are somehow,neutral,0.7662681341171265
6a1ae758fe1ae407eb0c8dfa_audio_ranking_explanation_1780187807567_transcript,30,"flexible depending on the circumstances. So for me, that's why",neutral,0.6564044952392578
6a1ae758fe1ae407eb0c8dfa_audio_ranking_explanation_1780187807567_transcript,31,I place it at fourth. then the modern green utopia,neutral,0.7707057595252991
6a1ae758fe1ae407eb0c8dfa_audio_ranking_explanation_1780187807567_transcript,32,I think for me it is it falls on this,neutral,0.7250971794128418
6a1ae758fe1ae407eb0c8dfa_audio_ranking_explanation_1780187807567_transcript,33,category number five then the commonwealth the inamorality I think,neutral,0.9224612712860107
6a1ae758fe1ae407eb0c8dfa_audio_ranking_explanation_1780187807567_transcript,34,some people lack this and I think in scenarios whereby,negative,0.745392918586731
6a1ae758fe1ae407eb0c8dfa_audio_ranking_explanation_1780187807567_transcript,35,we have psychopaths and sociopaths they might want to use,negative,0.7340071201324463
6a1ae758fe1ae407eb0c8dfa_audio_ranking_explanation_1780187807567_transcript,36,"this and exploit the weaknesses. Then the last one, the",negative,0.5642873644828796
6a1ae758fe1ae407eb0c8dfa_audio_ranking_explanation_1780187807567_transcript,37,"low-tech and small-scale, it can go only so far considering",neutral,0.6707238554954529
6a1ae758fe1ae407eb0c8dfa_audio_ranking_explanation_1780187807567_transcript,38,the fact that people have insatiable needs and people are,negative,0.6848517656326294
6a1ae758fe1ae407eb0c8dfa_audio_ranking_explanation_1780187807567_transcript,39,greedy in nature. So I think that's why I put,negative,0.5107628703117371
6a1b4f4ff5fe8966fa80eadc_audio_missing_utopia_1780189032372_transcript,0,So looking back at the seven societies that I just,neutral,0.8120896816253662
6a1b4f4ff5fe8966fa80eadc_audio_missing_utopia_1780189032372_transcript,1,"ranked, one important value that I seen, that I saw",positive,0.7747607827186584
6a1b4f4ff5fe8966fa80eadc_audio_missing_utopia_1780189032372_transcript,2,"was missing was love for all mankind, whether that be,",neutral,0.5767324566841125
6a1b4f4ff5fe8966fa80eadc_audio_missing_utopia_1780189032372_transcript,3,"you know, humans from different races, colors, genders, races, beliefs,",neutral,0.8640617728233337
6a1b4f4ff5fe8966fa80eadc_audio_missing_utopia_1780189032372_transcript,4,"you know, social economic status, all that. And then a",neutral,0.7851625680923462
6a1b4f4ff5fe8966fa80eadc_audio_missing_utopia_1780189032372_transcript,5,second value that I guess I value a lot is,neutral,0.6230711936950684
6a1b4f4ff5fe8966fa80eadc_audio_missing_utopia_1780189032372_transcript,6,"continuously aiming for better social, economic, and intellectual status within",positive,0.5418206453323364
6a1b4f4ff5fe8966fa80eadc_audio_missing_utopia_1780189032372_transcript,7,"oneself, as well as within the collective society. always hoping",positive,0.7220250368118286
6a1b4f4ff5fe8966fa80eadc_audio_missing_utopia_1780189032372_transcript,8,that you know we're always moving towards trying to educate,neutral,0.6427152752876282
6a1b4f4ff5fe8966fa80eadc_audio_missing_utopia_1780189032372_transcript,9,not your own self but the people around you and,neutral,0.8154193162918091
6a1b4f4ff5fe8966fa80eadc_audio_missing_utopia_1780189032372_transcript,10,trying to uplift each other with understanding with opportunity and,positive,0.7462797164916992
6a1b4f4ff5fe8966fa80eadc_audio_ranking_explanation_1780188815322_transcript,0,I started off with my most preferred being the modern,neutral,0.7714673280715942
6a1b4f4ff5fe8966fa80eadc_audio_ranking_explanation_1780188815322_transcript,1,green utopia because I feel as though we should be,positive,0.6968114972114563
6a1b4f4ff5fe8966fa80eadc_audio_ranking_explanation_1780188815322_transcript,2,moving towards more of a sustainable society when it comes,positive,0.563874363899231
6a1b4f4ff5fe8966fa80eadc_audio_ranking_explanation_1780188815322_transcript,3,to how we act within our daily lives and what,neutral,0.8952456116676331
6a1b4f4ff5fe8966fa80eadc_audio_ranking_explanation_1780188815322_transcript,4,actions that we take to continuously reach more sustainable goals.,positive,0.6023527383804321
6a1b4f4ff5fe8966fa80eadc_audio_ranking_explanation_1780188815322_transcript,5,I then chose the future utopia because while I do,neutral,0.6997842788696289
6a1b4f4ff5fe8966fa80eadc_audio_ranking_explanation_1780188815322_transcript,6,like science and innovation and I do think that they're,neutral,0.5058268308639526
6a1b4f4ff5fe8966fa80eadc_audio_ranking_explanation_1780188815322_transcript,7,pivotal in the way that we continuously grow as a,neutral,0.6729419231414795
6a1b4f4ff5fe8966fa80eadc_audio_ranking_explanation_1780188815322_transcript,8,society. There has to be limits towards how much innovation,neutral,0.7697162628173828
6a1b4f4ff5fe8966fa80eadc_audio_ranking_explanation_1780188815322_transcript,9,"we can have. Third, for the moral common wealth, I",neutral,0.5580098628997803
6a1b4f4ff5fe8966fa80eadc_audio_ranking_explanation_1780188815322_transcript,10,"really enjoyed this idea. And yet, when you think about",positive,0.9717057943344116
6a1b4f4ff5fe8966fa80eadc_audio_ranking_explanation_1780188815322_transcript,11,"it, inner morality is personal, and it is very objective",neutral,0.7811658382415771
6a1b4f4ff5fe8966fa80eadc_audio_ranking_explanation_1780188815322_transcript,12,what one person might consider their moral truth is not,neutral,0.5979434847831726
6a1b4f4ff5fe8966fa80eadc_audio_ranking_explanation_1780188815322_transcript,13,the same as another person's so it unless there's like,neutral,0.847787082195282
6a1b4f4ff5fe8966fa80eadc_audio_ranking_explanation_1780188815322_transcript,14,a whole restructuring of society I don't believe that that's,negative,0.7870599627494812
6a1b4f4ff5fe8966fa80eadc_audio_ranking_explanation_1780188815322_transcript,15,very preferred for me a low-tech and small-scale it's interesting,positive,0.9486467242240906
6a1b4f4ff5fe8966fa80eadc_audio_ranking_explanation_1780188815322_transcript,16,I really do like the communal aspect of it providing,positive,0.9430150389671326
6a1b4f4ff5fe8966fa80eadc_audio_ranking_explanation_1780188815322_transcript,17,communities with the resources and things that they need to,neutral,0.7085393667221069
6a1b4f4ff5fe8966fa80eadc_audio_ranking_explanation_1780188815322_transcript,18,govern themselves seems interesting and yet low tech is very,neutral,0.623106062412262
6a1b4f4ff5fe8966fa80eadc_audio_ranking_explanation_1780188815322_transcript,19,um i don't know i just don't think that we,neutral,0.5217748284339905
6a1b4f4ff5fe8966fa80eadc_audio_ranking_explanation_1780188815322_transcript,20,can continuously grow as a society by not continuously innovating,negative,0.5197362303733826
6a1b4f4ff5fe8966fa80eadc_audio_ranking_explanation_1780188815322_transcript,21,scientifically ai centered utopia it's not i'm not a big,neutral,0.5386067032814026
6a1b4f4ff5fe8966fa80eadc_audio_ranking_explanation_1780188815322_transcript,22,"fan of that largely because, you know, AI is, there's,",neutral,0.6646782755851746
6a1b4f4ff5fe8966fa80eadc_audio_ranking_explanation_1780188815322_transcript,23,"AI is not as, there's no, and AI, AI systems",negative,0.6238816380500793
6a1b4f4ff5fe8966fa80eadc_audio_ranking_explanation_1780188815322_transcript,24,"and structures are based on computers, computers can't, computers think",neutral,0.6141515374183655
6a1b4f4ff5fe8966fa80eadc_audio_ranking_explanation_1780188815322_transcript,25,"binary, they don't, they think they think of zeros and",neutral,0.5130268335342407
6a1b4f4ff5fe8966fa80eadc_audio_ranking_explanation_1780188815322_transcript,26,ones they don't really think of the big picture i,negative,0.524469256401062
6a1b4f4ff5fe8966fa80eadc_audio_ranking_explanation_1780188815322_transcript,27,mean deep down inside all computers are different logic gates,neutral,0.6376139521598816
6a1b4f4ff5fe8966fa80eadc_audio_ranking_explanation_1780188815322_transcript,28,and while those logic gates do work a lot of,neutral,0.7724072337150574
6a1b4f4ff5fe8966fa80eadc_audio_ranking_explanation_1780188815322_transcript,29,the times to prove the human conscious it doesn't exactly,neutral,0.7740976810455322
6a1b4f4ff5fe8966fa80eadc_audio_ranking_explanation_1780188815322_transcript,30,have the human experience so i will never have ai,negative,0.598865270614624
6a1b4f4ff5fe8966fa80eadc_audio_ranking_explanation_1780188815322_transcript,31,governance be something that I would consider to be a,neutral,0.7277556657791138
6a1b4f4ff5fe8966fa80eadc_audio_ranking_explanation_1780188815322_transcript,32,good thing rule of the law is just a very,neutral,0.4595012962818146
6a1b4f4ff5fe8966fa80eadc_audio_ranking_explanation_1780188815322_transcript,33,scary idea we as humans are known to make mistakes,negative,0.8138865232467651
6a1b4f4ff5fe8966fa80eadc_audio_ranking_explanation_1780188815322_transcript,34,something like an institutional utopia doesn't seem like something that,negative,0.5500460863113403
6a1b4f4ff5fe8966fa80eadc_audio_ranking_explanation_1780188815322_transcript,35,would be beneficial to its citizens and then finally the,positive,0.6903727650642395
6a1b4f4ff5fe8966fa80eadc_audio_ranking_explanation_1780188815322_transcript,36,religious utopia I believe that religion is a very good,positive,0.9584329724311829
6a1b4f4ff5fe8966fa80eadc_audio_ranking_explanation_1780188815322_transcript,37,thing and yet when we consider all the different various,neutral,0.8402501344680786
6a1b4f4ff5fe8966fa80eadc_audio_ranking_explanation_1780188815322_transcript,38,religions and trying to come up and figure out what's,neutral,0.8223323822021484
6a1b4f4ff5fe8966fa80eadc_audio_ranking_explanation_1780188815322_transcript,39,"one religion that everyone should abide by, it's not only",neutral,0.4991374611854553
6a1b4f4ff5fe8966fa80eadc_audio_ranking_explanation_1780188815322_transcript,40,"not realistic, but it's also just very wrong. I believe",negative,0.9114580750465393
6a1b4f4ff5fe8966fa80eadc_audio_ranking_explanation_1780188815322_transcript,41,freedom of religion is one of the best parts about,positive,0.9532306790351868
6a1b4f4ff5fe8966fa80eadc_audio_ranking_explanation_1780188815322_transcript,42,"most of the countries in our modern world, and yet",neutral,0.741535484790802
6a1b4f4ff5fe8966fa80eadc_audio_ranking_explanation_1780188815322_transcript,43,"we can't, you know, without freedom of religion, a lot",neutral,0.6903911232948303
6a1b4f4ff5fe8966fa80eadc_audio_ranking_explanation_1780188815322_transcript,44,of things go wrong. So a faith-based order seems very,negative,0.5259908437728882
6a1b5250d5e9bc023be2bfdb_audio_missing_utopia_1780182878655_transcript,0,no i don't think any missing future societies i think,neutral,0.758596658706665
6a1b5250d5e9bc023be2bfdb_audio_missing_utopia_1780182878655_transcript,1,all of them were listed uh were the only ones,neutral,0.8928117156028748
6a1b5250d5e9bc023be2bfdb_audio_ranking_explanation_1780182850731_transcript,0,"My first choice would be the Futurist Utopia, just because",positive,0.5084391236305237
6a1b5250d5e9bc023be2bfdb_audio_ranking_explanation_1780182850731_transcript,1,innovation and coming up with new technologies to better the,positive,0.6319403052330017
6a1b5250d5e9bc023be2bfdb_audio_ranking_explanation_1780182850731_transcript,2,"future, I think would be the best option. Next would",positive,0.7787641882896423
6a1b5250d5e9bc023be2bfdb_audio_ranking_explanation_1780182850731_transcript,3,"be Modern Green Utopia, wouldn't be the most ideal to",negative,0.48893123865127563
6a1b5250d5e9bc023be2bfdb_audio_ranking_explanation_1780182850731_transcript,4,"live in, but it would be probably the best for",positive,0.7597171068191528
6a1b5250d5e9bc023be2bfdb_audio_ranking_explanation_1780182850731_transcript,5,the future of the planet. Next would be Rule of,neutral,0.6922965049743652
6a1b5250d5e9bc023be2bfdb_audio_ranking_explanation_1780182850731_transcript,6,"Law, which is kind of where we are now, so,",neutral,0.8649379014968872
6a1b5250d5e9bc023be2bfdb_audio_ranking_explanation_1780182850731_transcript,7,"you know, it's working out okay. uh next would be",positive,0.8117080926895142
6a1b5250d5e9bc023be2bfdb_audio_ranking_explanation_1780182850731_transcript,8,intermorality which i think would just be the next best,positive,0.7005075812339783
6a1b5250d5e9bc023be2bfdb_audio_ranking_explanation_1780182850731_transcript,9,thing after rule of law uh next would be low,negative,0.6978099346160889
6a1b5250d5e9bc023be2bfdb_audio_ranking_explanation_1780182850731_transcript,10,tech which is not exactly a bad thing it would,neutral,0.5622191429138184
6a1b5250d5e9bc023be2bfdb_audio_ranking_explanation_1780182850731_transcript,11,just not be my preference next would be to be,negative,0.7339394688606262
6a1b5250d5e9bc023be2bfdb_audio_ranking_explanation_1780182850731_transcript,12,ruled by ai which is a big no and even,negative,0.7368443608283997
6a1b60641b46d923e3ce32a0_audio_missing_utopia_1780188660209_transcript,0,I think that an ideal society would be a mix,neutral,0.7290071249008179
6a1b60641b46d923e3ce32a0_audio_missing_utopia_1780188660209_transcript,1,"between a few of them, so the green, sustainable one,",neutral,0.605131208896637
6a1b60641b46d923e3ce32a0_audio_missing_utopia_1780188660209_transcript,2,"the moral one, and there's another one. the green sustainable",neutral,0.5128621459007263
6a1b60641b46d923e3ce32a0_audio_missing_utopia_1780188660209_transcript,3,the moral one and i guess having more education with,neutral,0.7485774755477905
6a1b60641b46d923e3ce32a0_audio_missing_utopia_1780188660209_transcript,4,laws i think law enforcement is still necessary um I,neutral,0.813571572303772
6a1b60641b46d923e3ce32a0_audio_missing_utopia_1780188660209_transcript,5,"think anything just promoting more of a peaceful, loving society",neutral,0.5569618940353394
6a1b60641b46d923e3ce32a0_audio_missing_utopia_1780188660209_transcript,6,"instead of going against people, going against races, going against,",neutral,0.5152415633201599
6a1b60641b46d923e3ce32a0_audio_missing_utopia_1780188660209_transcript,7,"honestly, anyone for any reason, and just creating more of",negative,0.5016757845878601
6a1b60641b46d923e3ce32a0_audio_missing_utopia_1780188660209_transcript,8,a loving and inclusive society is helpful. So by any,positive,0.8734978437423706
6a1b60641b46d923e3ce32a0_audio_missing_utopia_1780188660209_transcript,9,means to create that society would be helpful. I don't,negative,0.5738274455070496
6a1b60641b46d923e3ce32a0_audio_missing_utopia_1780188660209_transcript,10,"really know what that society would be called, but I",neutral,0.6350468397140503
6a1b60641b46d923e3ce32a0_audio_missing_utopia_1780188660209_transcript,11,"think the mindsets, especially of the society that I live",neutral,0.6977380514144897
6a1b60641b46d923e3ce32a0_audio_missing_utopia_1780188660209_transcript,12,"in, is extremely toxic and not beneficial to anyone. so",negative,0.9264279007911682
6a1b60641b46d923e3ce32a0_audio_missing_utopia_1780188660209_transcript,13,creating a society that is more beneficial for all people,positive,0.7219985127449036
6a1b60641b46d923e3ce32a0_audio_missing_utopia_1780188660209_transcript,14,"involved, no matter their beliefs, no matter the color of",neutral,0.7332015633583069
6a1b60641b46d923e3ce32a0_audio_missing_utopia_1780188660209_transcript,15,"their skin, no matter their religion, and like truly separating",neutral,0.552129328250885
6a1b60641b46d923e3ce32a0_audio_missing_utopia_1780188660209_transcript,16,"church and state, and just having more compassion and love",neutral,0.5287673473358154
6a1b735224c511273377e91b_audio_missing_utopia_1780188435414_transcript,0,One thing I noticed from all these societies is none,neutral,0.6188939213752747
6a1b735224c511273377e91b_audio_missing_utopia_1780188435414_transcript,1,of them mentioned education. They mention innovation and they mention,neutral,0.7391165494918823
6a1b735224c511273377e91b_audio_missing_utopia_1780188435414_transcript,2,"science and stuff like that, but what does life look",neutral,0.7903886437416077
6a1b735224c511273377e91b_audio_missing_utopia_1780188435414_transcript,3,"like for the students, for the children? Are the majority",neutral,0.8383311629295349
6a1b735224c511273377e91b_audio_missing_utopia_1780188435414_transcript,4,of the kids ambitious? Are they not? That's what I'm,neutral,0.7934144139289856
6a1b735224c511273377e91b_audio_missing_utopia_1780188435414_transcript,5,"wondering from all of them. I also would, my future",neutral,0.7278481125831604
6a1b735224c511273377e91b_audio_missing_utopia_1780188435414_transcript,6,"society, I guess my utopia would be one where there's",neutral,0.7923718094825745
6a1b735224c511273377e91b_audio_missing_utopia_1780188435414_transcript,7,a lot of freedom of thought and freedom to make,neutral,0.7336907386779785
6a1b735224c511273377e91b_audio_missing_utopia_1780188435414_transcript,8,mistakes with appropriate consequences and appropriate rehabilitation and education for,neutral,0.6704352498054504
6a1b735224c511273377e91b_audio_missing_utopia_1780188435414_transcript,9,those mistakes because that's a part of learning. I think,neutral,0.7690906524658203
6a1b735224c511273377e91b_audio_missing_utopia_1780188435414_transcript,10,"that learning is not just academics, it's also personal and",neutral,0.6768128275871277
6a1b735224c511273377e91b_audio_ranking_explanation_1780188360452_transcript,0,"Okay, so I chose as my most preferred, the moral",neutral,0.5765264630317688
6a1b735224c511273377e91b_audio_ranking_explanation_1780188360452_transcript,1,"commonwealth, as my most preferred, because, well, I think it's",positive,0.8899081349372864
6a1b735224c511273377e91b_audio_ranking_explanation_1780188360452_transcript,2,a beautiful idea. Note that I say idea. I was,positive,0.9744738340377808
6a1b735224c511273377e91b_audio_ranking_explanation_1780188360452_transcript,3,asked to rate my preferences not on how realistic it,neutral,0.7487228512763977
6a1b735224c511273377e91b_audio_ranking_explanation_1780188360452_transcript,4,is I think it's awesome for us to have an,positive,0.9472656846046448
6a1b735224c511273377e91b_audio_ranking_explanation_1780188360452_transcript,5,inner morality towards the greatest of the good we know,positive,0.6599540710449219
6a1b735224c511273377e91b_audio_ranking_explanation_1780188360452_transcript,6,right from wrong because we're just good people and that's,positive,0.7839094996452332
6a1b735224c511273377e91b_audio_ranking_explanation_1780188360452_transcript,7,what I want for the world is realistic I don't,neutral,0.643738865852356
6a1b735224c511273377e91b_audio_ranking_explanation_1780188360452_transcript,8,know the next one I put was the modern green,neutral,0.8475359082221985
6a1b735224c511273377e91b_audio_ranking_explanation_1780188360452_transcript,9,utopia because it kind of I feel like it can,neutral,0.5540052056312561
6a1b735224c511273377e91b_audio_ranking_explanation_1780188360452_transcript,10,go hand in hand with the moral commonwealth where as,neutral,0.8696437478065491
6a1b735224c511273377e91b_audio_ranking_explanation_1780188360452_transcript,11,a community we decide to really um like push towards,neutral,0.8299500942230225
6a1b735224c511273377e91b_audio_ranking_explanation_1780188360452_transcript,12,a sustainable life and with that will come like some,positive,0.5834625363349915
6a1b735224c511273377e91b_audio_ranking_explanation_1780188360452_transcript,13,inner morality next one is the primatist utopia i picked,neutral,0.7647042870521545
6a1b735224c511273377e91b_audio_ranking_explanation_1780188360452_transcript,14,that one it reminded me of a community within a,neutral,0.8572490215301514
6a1b735224c511273377e91b_audio_ranking_explanation_1780188360452_transcript,15,book and it was kind of about being peace at,neutral,0.7358871698379517
6a1b735224c511273377e91b_audio_ranking_explanation_1780188360452_transcript,16,peace with nature I like the idea of it I,positive,0.9170776009559631
6a1b735224c511273377e91b_audio_ranking_explanation_1780188360452_transcript,17,don't know if much innovation will ever come from it,negative,0.7596411108970642
6a1b735224c511273377e91b_audio_ranking_explanation_1780188360452_transcript,18,because we're trying to just stay with that just enough,neutral,0.7026115655899048
6a1b735224c511273377e91b_audio_ranking_explanation_1780188360452_transcript,19,it's almost like by trying to be so quote-unquote free,neutral,0.6844661831855774
6a1b735224c511273377e91b_audio_ranking_explanation_1780188360452_transcript,20,from thought it's almost keeping us constricted in what we've,neutral,0.5150118470191956
6a1b735224c511273377e91b_audio_ranking_explanation_1780188360452_transcript,21,always known the next one I put was the futurist,neutral,0.8139117956161499
6a1b735224c511273377e91b_audio_ranking_explanation_1780188360452_transcript,22,utopia because I mean I think it's a it sounds,neutral,0.7554808855056763
6a1b735224c511273377e91b_audio_ranking_explanation_1780188360452_transcript,23,great in theory that we're all about science and innovation,positive,0.9433411359786987
6a1b735224c511273377e91b_audio_ranking_explanation_1780188360452_transcript,24,but what comes from that is people being pushed away,negative,0.6821343302726746
6a1b735224c511273377e91b_audio_ranking_explanation_1780188360452_transcript,25,for not having like intellectual components to create that innovation,negative,0.5572087168693542
6a1b735224c511273377e91b_audio_ranking_explanation_1780188360452_transcript,26,and it creates this class system and people start taking,negative,0.7691115140914917
6a1b735224c511273377e91b_audio_ranking_explanation_1780188360452_transcript,27,advantage of others and so i just don't think that,neutral,0.5663375854492188
6a1b735224c511273377e91b_audio_ranking_explanation_1780188360452_transcript,28,I would want to live there. Next is an AI-centered,positive,0.717515766620636
6a1b735224c511273377e91b_audio_ranking_explanation_1780188360452_transcript,29,"utopia or a data-driven government. I like a data-driven ideal,",positive,0.4810384213924408
6a1b735224c511273377e91b_audio_ranking_explanation_1780188360452_transcript,30,"but data-driven, it depends on what kind of data we're",neutral,0.8598520159721375
6a1b735224c511273377e91b_audio_ranking_explanation_1780188360452_transcript,31,using. I feel like they're using strictly quantitative data and,neutral,0.8365635871887207
6a1b735224c511273377e91b_audio_ranking_explanation_1780188360452_transcript,32,while that's all great and all and that's usually the,positive,0.743694543838501
6a1b735224c511273377e91b_audio_ranking_explanation_1780188360452_transcript,33,"most robust, I do feel like some qualitative data must",neutral,0.7858933210372925
6a1b735224c511273377e91b_audio_ranking_explanation_1780188360452_transcript,34,"be used to confirm the quantitative data, if that makes",neutral,0.884102463722229
6a1b735224c511273377e91b_audio_ranking_explanation_1780188360452_transcript,35,"sense. They should work hand in hand, and AI-centered is",neutral,0.6928664445877075
6a1b735224c511273377e91b_audio_ranking_explanation_1780188360452_transcript,36,"strictly using those quantitative developments, which is why some of",neutral,0.9007498025894165
6a1b735224c511273377e91b_audio_ranking_explanation_1780188360452_transcript,37,the AI stuff happening is wrong. It's because it's not,negative,0.855333685874939
6a1b735224c511273377e91b_audio_ranking_explanation_1780188360452_transcript,38,"using the qualitative data that humans, you know, humans can",neutral,0.8443870544433594
6a1b735224c511273377e91b_audio_ranking_explanation_1780188360452_transcript,39,"use. It takes the humanity out of life, and I",negative,0.8933360576629639
6a1b735224c511273377e91b_audio_ranking_explanation_1780188360452_transcript,40,"don't like that. Next is religious utopia, the faith-based order.",negative,0.7535296082496643
6a1b735224c511273377e91b_audio_ranking_explanation_1780188360452_transcript,41,"I just, I don't like it it's constricting it locks",negative,0.9064646363258362
6a1b735224c511273377e91b_audio_ranking_explanation_1780188360452_transcript,42,people into places into where there if there's no freedom,negative,0.5895956754684448
6a1b735224c511273377e91b_audio_ranking_explanation_1780188360452_transcript,43,of thought and I think that is you have to,neutral,0.8024191856384277
6a1b735224c511273377e91b_audio_ranking_explanation_1780188360452_transcript,44,have some freedom of thought um and I think that,neutral,0.7361887097358704
6a1b735224c511273377e91b_audio_ranking_explanation_1780188360452_transcript,45,a lot of people who might rank this first I,neutral,0.8432028889656067
6a1b735224c511273377e91b_audio_ranking_explanation_1780188360452_transcript,46,mean I don't know might consider it to be their,neutral,0.7112440466880798
6a1b735224c511273377e91b_audio_ranking_explanation_1780188360452_transcript,47,own religion as being the center when in reality there,neutral,0.5942380428314209
6a1b735224c511273377e91b_audio_ranking_explanation_1780188360452_transcript,48,are thousands of religions in the world which religion would,neutral,0.8459250330924988
6a1b735224c511273377e91b_audio_ranking_explanation_1780188360452_transcript,49,be the religion that the entire society would be based,neutral,0.757023811340332
6a1b735224c511273377e91b_audio_ranking_explanation_1780188360452_transcript,50,upon you don't know and thousands or billions of people,neutral,0.49070173501968384
6a1b735224c511273377e91b_audio_ranking_explanation_1780188360452_transcript,51,wouldn't agree with it and that's horrible the last one,negative,0.934822678565979
6a1b735224c511273377e91b_audio_ranking_explanation_1780188360452_transcript,52,just rule of law I mean yes I do love,positive,0.9334428310394287
6a1b735224c511273377e91b_audio_ranking_explanation_1780188360452_transcript,53,a good rule I love following rules consequences make sense,positive,0.9445530772209167
6a1b735224c511273377e91b_audio_ranking_explanation_1780188360452_transcript,54,but it takes there there's some judgments that need to,neutral,0.7008472681045532
6a1b735224c511273377e91b_audio_ranking_explanation_1780188360452_transcript,55,be considered with the humanity side of it I think,neutral,0.8703704476356506
6a1b735224c511273377e91b_audio_ranking_explanation_1780188360452_transcript,56,that having so many rules is more constricting than it,negative,0.7195945382118225
6a1b735224c511273377e91b_audio_ranking_explanation_1780188360452_transcript,57,"is free-flowing and it It causes uproar, it causes loopholes,",negative,0.6970608234405518
6a1b735224c511273377e91b_audio_ranking_explanation_1780188360452_transcript,58,it causes people to read between the lines and try,neutral,0.726282000541687
6a1b735224c511273377e91b_audio_ranking_explanation_1780188360452_transcript,59,and make their own ways and it just gets really,negative,0.5852150917053223
6a1b735224c511273377e91b_audio_ranking_explanation_1780188360452_transcript,60,scammy and really questionable. That's why I ranked them as,negative,0.8719711899757385
6a1bb4b5eb9883bf7626d6df_audio_ranking_explanation_1780205169401_transcript,0,Society shouldn't be ruled by AI and it should be,neutral,0.5864947438240051
6a1bc40efaf7defaede89aa6_audio_missing_utopia_1780207181366_transcript,0,I think a unique future society that could be missing,neutral,0.4675811529159546
6a1bc40efaf7defaede89aa6_audio_missing_utopia_1780207181366_transcript,1,from the past seven is one that is maybe more,neutral,0.8442113995552063
6a1bc40efaf7defaede89aa6_audio_missing_utopia_1780207181366_transcript,2,particularly ecologically and environmentally sustainable than the just enough mentality,neutral,0.604691743850708
6a1bc40efaf7defaede89aa6_audio_missing_utopia_1780207181366_transcript,3,"introduced in the other explanations for the somewhat eco-friendly, sustainable",neutral,0.613044798374176
6a1bc40efaf7defaede89aa6_audio_missing_utopia_1780207181366_transcript,4,"societies. Um, one that could be maybe very technologically advanced,",neutral,0.6915578842163086
6a1bc40efaf7defaede89aa6_audio_missing_utopia_1780207181366_transcript,5,but the innovation in this society goes towards protecting or,neutral,0.7493148446083069
6a1bc40efaf7defaede89aa6_audio_ranking_explanation_1780206945059_transcript,0,um i chose modern green utopia as my number one,neutral,0.553857684135437
6a1bc40efaf7defaede89aa6_audio_ranking_explanation_1780206945059_transcript,1,because i care about environmental science and justice so i,positive,0.6737715005874634
6a1bc40efaf7defaede89aa6_audio_ranking_explanation_1780206945059_transcript,2,feel like having that be the number one priority is,neutral,0.6447679400444031
6a1bc40efaf7defaede89aa6_audio_ranking_explanation_1780206945059_transcript,3,something that's important to me so i would like to,positive,0.7439057230949402
6a1bc40efaf7defaede89aa6_audio_ranking_explanation_1780206945059_transcript,4,see a society that's concerned about that um number two,neutral,0.5802091360092163
6a1bc40efaf7defaede89aa6_audio_ranking_explanation_1780206945059_transcript,5,low tech and small scale goes along the same vein,neutral,0.6718552112579346
6a1bc40efaf7defaede89aa6_audio_ranking_explanation_1780206945059_transcript,6,as the sustainability it sounds like and the community sounds,neutral,0.7237061262130737
6a1bc40efaf7defaede89aa6_audio_ranking_explanation_1780206945059_transcript,7,nice um moral commonwealth the description sounds like everyone would,positive,0.7052703499794006
6a1bc40efaf7defaede89aa6_audio_ranking_explanation_1780206945059_transcript,8,kind of be good to each other i think it,positive,0.6187853217124939
6a1bc40efaf7defaede89aa6_audio_ranking_explanation_1780206945059_transcript,9,implied a lack of um social economic issues um less,neutral,0.5254958271980286
6a1bc40efaf7defaede89aa6_audio_ranking_explanation_1780206945059_transcript,10,crime and poverty is what i guessed from the explanation,neutral,0.5405198931694031
6a1bc40efaf7defaede89aa6_audio_ranking_explanation_1780206945059_transcript,11,um rule of law kind of sounds like what we,neutral,0.7711474895477295
6a1bc40efaf7defaede89aa6_audio_ranking_explanation_1780206945059_transcript,12,operate by now so i put it in the middle,neutral,0.8967615365982056
6a1bc40efaf7defaede89aa6_audio_ranking_explanation_1780206945059_transcript,13,because it sounded a little boring futurist utopia i didn't,negative,0.8014472126960754
6a1bc40efaf7defaede89aa6_audio_ranking_explanation_1780206945059_transcript,14,like that the explanation it said science and innovation would,neutral,0.7591426372528076
6a1bc40efaf7defaede89aa6_audio_ranking_explanation_1780206945059_transcript,15,come before environmental limits and that expansion and advancements were,neutral,0.7622984647750854
6a1bc40efaf7defaede89aa6_audio_ranking_explanation_1780206945059_transcript,16,more important than um a limit to raw materials ai-centered,neutral,0.8105641603469849
6a1bc40efaf7defaede89aa6_audio_ranking_explanation_1780206945059_transcript,17,utopia i didn't like the idea of it being run,negative,0.8993101716041565
6a1bc40efaf7defaede89aa6_audio_ranking_explanation_1780206945059_transcript,18,by ai um religious utopia i put as the worst,negative,0.8972665667533875
6a1bc40efaf7defaede89aa6_audio_ranking_explanation_1780206945059_transcript,19,one because i think it would be the most lawless,negative,0.7621631622314453
6a1bc40efaf7defaede89aa6_audio_ranking_explanation_1780206945059_transcript,20,in my opinion because i think it would rely on,neutral,0.8945088982582092
6a1bc40efaf7defaede89aa6_audio_ranking_explanation_1780206945059_transcript,21,no law and just religion um i don't think it,negative,0.4935239255428314
6a1bc40efaf7defaede89aa6_audio_ranking_explanation_1780206945059_transcript,22,specified which religion that would be but i wouldn't like,negative,0.812988817691803
