json_file,audio_file,id_person,type,audio_duration_seconds,audio_size_bytes
comp-result_27267/files/audio_missing_utopia_69b2fc05f91b3889d80e9d4f_1780209750130.json,69b2fc05f91b3889d80e9d4f_audio_missing_utopia_1780209750130.webm,69b2fc05f91b3889d80e9d4f,audio_missing_utopia,49.397,794380
comp-result_27268/files/audio_missing_utopia_6a1b2b3948c6cbae0a769e5c_1780210881978.json,6a1b2b3948c6cbae0a769e5c_audio_missing_utopia_1780210881978.webm,6a1b2b3948c6cbae0a769e5c,audio_missing_utopia,169.911,2735208
comp-result_27268/files/audio_ranking_explanation_6a1b2b3948c6cbae0a769e5c_1780210204071.json,6a1b2b3948c6cbae0a769e5c_audio_ranking_explanation_1780210204071.webm,6a1b2b3948c6cbae0a769e5c,audio_ranking_explanation,160.674,2586444
comp-result_27269/files/audio_missing_utopia_6a080333f7001eaf175c94ab_1780211878275.json,6a080333f7001eaf175c94ab_audio_missing_utopia_1780211878275.webm,6a080333f7001eaf175c94ab,audio_missing_utopia,15.71,252422
comp-result_27269/files/audio_ranking_explanation_6a080333f7001eaf175c94ab_1780211847578.json,6a080333f7001eaf175c94ab_audio_ranking_explanation_1780211847578.webm,6a080333f7001eaf175c94ab,audio_ranking_explanation,27.645,444656
comp-result_27270/files/audio_missing_utopia_6a1b32acfd7ac5cad675de0a_1780215387367.json,6a1b32acfd7ac5cad675de0a_audio_missing_utopia_1780215387367.webm,6a1b32acfd7ac5cad675de0a,audio_missing_utopia,77.133,1241670
comp-result_27270/files/audio_ranking_explanation_6a1b32acfd7ac5cad675de0a_1780215264727.json,6a1b32acfd7ac5cad675de0a_audio_ranking_explanation_1780215264727.webm,6a1b32acfd7ac5cad675de0a,audio_ranking_explanation,45.977,740284
comp-result_27271/files/audio_missing_utopia_6a14868c742361e67df4d0d0_1780217918810.json,6a14868c742361e67df4d0d0_audio_missing_utopia_1780217918810.webm,6a14868c742361e67df4d0d0,audio_missing_utopia,153.124,2464728
comp-result_27271/files/audio_ranking_explanation_6a14868c742361e67df4d0d0_1780217737266.json,6a14868c742361e67df4d0d0_audio_ranking_explanation_1780217737266.webm,6a14868c742361e67df4d0d0,audio_ranking_explanation,192.275,3095560
comp-result_27274/files/audio_missing_utopia_6a19a7b2150cd11eb43fc07b_1780220087115.json,6a19a7b2150cd11eb43fc07b_audio_missing_utopia_1780220087115.webm,6a19a7b2150cd11eb43fc07b,audio_missing_utopia,112.515,1858867
comp-result_27274/files/audio_ranking_explanation_6a19a7b2150cd11eb43fc07b_1780219900791.json,6a19a7b2150cd11eb43fc07b_audio_ranking_explanation_1780219900791.webm,6a19a7b2150cd11eb43fc07b,audio_ranking_explanation,446.771,7380132
comp-result_27276/files/audio_missing_utopia_69fba19c13731b3f706e38b1_1780219612622.json,69fba19c13731b3f706e38b1_audio_missing_utopia_1780219612622.webm,69fba19c13731b3f706e38b1,audio_missing_utopia,26.287,423404
comp-result_27278/files/audio_missing_utopia_6a0d91ece6bcf739a03b80bc_1780224196603.json,6a0d91ece6bcf739a03b80bc_audio_missing_utopia_1780224196603.webm,6a0d91ece6bcf739a03b80bc,audio_missing_utopia,5.738,92064
comp-result_27278/files/audio_ranking_explanation_6a0d91ece6bcf739a03b80bc_1780224173368.json,6a0d91ece6bcf739a03b80bc_audio_ranking_explanation_1780224173368.webm,6a0d91ece6bcf739a03b80bc,audio_ranking_explanation,51.475,828188
comp-result_27282/files/audio_missing_utopia_69e96d63ea37c8245128778f_1780228927605.json,69e96d63ea37c8245128778f_audio_missing_utopia_1780228927605.webm,69e96d63ea37c8245128778f,audio_missing_utopia,19.335,311348
comp-result_27282/files/audio_ranking_explanation_69e96d63ea37c8245128778f_1780228845784.json,69e96d63ea37c8245128778f_audio_ranking_explanation_1780228845784.webm,69e96d63ea37c8245128778f,audio_ranking_explanation,31.416,505546
comp-result_27286/files/audio_missing_utopia_5dad4c34b3446a0015e3de93_1780231356650.json,5dad4c34b3446a0015e3de93_audio_missing_utopia_1780231356650.webm,5dad4c34b3446a0015e3de93,audio_missing_utopia,20.069,322940
comp-result_27286/files/audio_ranking_explanation_5dad4c34b3446a0015e3de93_1780231322251.json,5dad4c34b3446a0015e3de93_audio_ranking_explanation_1780231322251.webm,5dad4c34b3446a0015e3de93,audio_ranking_explanation,112.26,1807780
comp-result_27287/files/audio_missing_utopia_6a13fb185c9041a65134a013_1780234906772.json,6a13fb185c9041a65134a013_audio_missing_utopia_1780234906772.webm,6a13fb185c9041a65134a013,audio_missing_utopia,16.243,446420
comp-result_27287/files/audio_ranking_explanation_6a13fb185c9041a65134a013_1780234720816.json,6a13fb185c9041a65134a013_audio_ranking_explanation_1780234720816.webm,6a13fb185c9041a65134a013,audio_ranking_explanation,411.426,11300780
comp-result_27288/files/audio_missing_utopia_69fff7076b68ecf72d03cab7_1780233179037.json,69fff7076b68ecf72d03cab7_audio_missing_utopia_1780233179037.webm,69fff7076b68ecf72d03cab7,audio_missing_utopia,32.427,521968
comp-result_27288/files/audio_ranking_explanation_69fff7076b68ecf72d03cab7_1780233141039.json,69fff7076b68ecf72d03cab7_audio_ranking_explanation_1780233141039.webm,69fff7076b68ecf72d03cab7,audio_ranking_explanation,95.562,1538266
comp-result_27290/files/audio_missing_utopia_6644a91c5e71bd18d4ae8c26_1780235909617.json,6644a91c5e71bd18d4ae8c26_audio_missing_utopia_1780235909617.webm,6644a91c5e71bd18d4ae8c26,audio_missing_utopia,34.409,553846
comp-result_27290/files/audio_ranking_explanation_6644a91c5e71bd18d4ae8c26_1780235862083.json,6644a91c5e71bd18d4ae8c26_audio_ranking_explanation_1780235862083.webm,6644a91c5e71bd18d4ae8c26,audio_ranking_explanation,96.194,675531
comp-result_27291/files/audio_missing_utopia_606f9bca353fc36aba9ccb8b_1780237561802.json,606f9bca353fc36aba9ccb8b_audio_missing_utopia_1780237561802.webm,606f9bca353fc36aba9ccb8b,audio_missing_utopia,36.467,586690
comp-result_27291/files/audio_ranking_explanation_606f9bca353fc36aba9ccb8b_1780237517736.json,606f9bca353fc36aba9ccb8b_audio_ranking_explanation_1780237517736.webm,606f9bca353fc36aba9ccb8b,audio_ranking_explanation,15.749,253388
comp-result_27293/files/audio_missing_utopia_699cb899a44da9a053ba9235_1780238367706.json,699cb899a44da9a053ba9235_audio_missing_utopia_1780238367706.webm,699cb899a44da9a053ba9235,audio_missing_utopia,64.889,1044606
comp-result_27293/files/audio_ranking_explanation_699cb899a44da9a053ba9235_1780238294262.json,699cb899a44da9a053ba9235_audio_ranking_explanation_1780238294262.webm,699cb899a44da9a053ba9235,audio_ranking_explanation,171.962,2769018
comp-result_27294/files/audio_missing_utopia_6a0f1248929227af059d9345_1780239262124.json,6a0f1248929227af059d9345_audio_missing_utopia_1780239262124.webm,6a0f1248929227af059d9345,audio_missing_utopia,66.935,1902591
comp-result_27294/files/audio_ranking_explanation_6a0f1248929227af059d9345_1780239173040.json,6a0f1248929227af059d9345_audio_ranking_explanation_1780239173040.webm,6a0f1248929227af059d9345,audio_ranking_explanation,135.383,3821414
comp-result_27295/files/audio_missing_utopia_66646ef0caf9de9a699b6993_1780240237344.json,66646ef0caf9de9a699b6993_audio_missing_utopia_1780240237344.webm,66646ef0caf9de9a699b6993,audio_missing_utopia,11.643,187700
comp-result_27295/files/audio_ranking_explanation_66646ef0caf9de9a699b6993_1780240218359.json,66646ef0caf9de9a699b6993_audio_ranking_explanation_1780240218359.webm,66646ef0caf9de9a699b6993,audio_ranking_explanation,40.238,647548
comp-result_27296/files/audio_missing_utopia_6a16714ecf227557cde36510_1780242761156.json,6a16714ecf227557cde36510_audio_missing_utopia_1780242761156.webm,6a16714ecf227557cde36510,audio_missing_utopia,103.984,1673506
comp-result_27296/files/audio_ranking_explanation_6a16714ecf227557cde36510_1780242530437.json,6a16714ecf227557cde36510_audio_ranking_explanation_1780242530437.webm,6a16714ecf227557cde36510,audio_ranking_explanation,133.282,2145914
comp-result_27297/files/audio_missing_utopia_6942bb71de4537642d064f8b_1780241356420.json,6942bb71de4537642d064f8b_audio_missing_utopia_1780241356420.webm,6942bb71de4537642d064f8b,audio_missing_utopia,24.181,389594
comp-result_27297/files/audio_ranking_explanation_6942bb71de4537642d064f8b_1780241305255.json,6942bb71de4537642d064f8b_audio_ranking_explanation_1780241305255.webm,6942bb71de4537642d064f8b,audio_ranking_explanation,55.086,887116
comp-result_27298/files/audio_missing_utopia_69d663a1e229a12f6c8bf2a4_1780241739413.json,69d663a1e229a12f6c8bf2a4_audio_missing_utopia_1780241739413.webm,69d663a1e229a12f6c8bf2a4,audio_missing_utopia,89.382,1438734
comp-result_27298/files/audio_ranking_explanation_69d663a1e229a12f6c8bf2a4_1780241641498.json,69d663a1e229a12f6c8bf2a4_audio_ranking_explanation_1780241641498.webm,69d663a1e229a12f6c8bf2a4,audio_ranking_explanation,50.948,820462
comp-result_27299/files/audio_missing_utopia_66b3dc1490445aa410abd41e_1780243084797.json,66b3dc1490445aa410abd41e_audio_missing_utopia_1780243084797.webm,66b3dc1490445aa410abd41e,audio_missing_utopia,21.582,347090
comp-result_27299/files/audio_ranking_explanation_66b3dc1490445aa410abd41e_1780243025188.json,66b3dc1490445aa410abd41e_audio_ranking_explanation_1780243025188.webm,66b3dc1490445aa410abd41e,audio_ranking_explanation,47.723,768298
comp-result_27300/files/audio_missing_utopia_69fb8d85c239a57e0df4e1d3_1780243693268.json,69fb8d85c239a57e0df4e1d3_audio_missing_utopia_1780243693268.webm,69fb8d85c239a57e0df4e1d3,audio_missing_utopia,33.0,530662
comp-result_27300/files/audio_ranking_explanation_69fb8d85c239a57e0df4e1d3_1780243625878.json,69fb8d85c239a57e0df4e1d3_audio_ranking_explanation_1780243625878.webm,69fb8d85c239a57e0df4e1d3,audio_ranking_explanation,79.475,1279344
comp-result_27301/files/audio_missing_utopia_5f6cd1061eba7b0de28b704d_1780244660184.json,5f6cd1061eba7b0de28b704d_audio_missing_utopia_1780244660184.webm,5f6cd1061eba7b0de28b704d,audio_missing_utopia,38.283,615670
comp-result_27301/files/audio_ranking_explanation_5f6cd1061eba7b0de28b704d_1780244599518.json,5f6cd1061eba7b0de28b704d_audio_ranking_explanation_1780244599518.webm,5f6cd1061eba7b0de28b704d,audio_ranking_explanation,68.795,1107396
comp-result_27305/files/audio_ranking_explanation_69a49c607bc4b4963c8eec55_1780249086330.json,69a49c607bc4b4963c8eec55_audio_ranking_explanation_1780249086330.webm,69a49c607bc4b4963c8eec55,audio_ranking_explanation,1.451,5
comp-result_27306/files/audio_missing_utopia_6a0628fd557d4459b8721f04_1780246961634.json,6a0628fd557d4459b8721f04_audio_missing_utopia_1780246961634.webm,6a0628fd557d4459b8721f04,audio_missing_utopia,39.909,641752
comp-result_27306/files/audio_ranking_explanation_6a0628fd557d4459b8721f04_1780246909949.json,6a0628fd557d4459b8721f04_audio_ranking_explanation_1780246909949.webm,6a0628fd557d4459b8721f04,audio_ranking_explanation,166.002,2672418
comp-result_27307/files/audio_missing_utopia_69a45369fbd4a6aa79ac6def_1780247275845.json,69a45369fbd4a6aa79ac6def_audio_missing_utopia_1780247275845.webm,69a45369fbd4a6aa79ac6def,audio_missing_utopia,13.58,224553
comp-result_27307/files/audio_ranking_explanation_69a45369fbd4a6aa79ac6def_1780247236984.json,69a45369fbd4a6aa79ac6def_audio_ranking_explanation_1780247236984.webm,69a45369fbd4a6aa79ac6def,audio_ranking_explanation,25.142,415494
comp-result_27308/files/audio_missing_utopia_6a1237564d7849671a47f339_1780247607085.json,6a1237564d7849671a47f339_audio_missing_utopia_1780247607085.webm,6a1237564d7849671a47f339,audio_missing_utopia,63.188,1017558
comp-result_27308/files/audio_ranking_explanation_6a1237564d7849671a47f339_1780247525525.json,6a1237564d7849671a47f339_audio_ranking_explanation_1780247525525.webm,6a1237564d7849671a47f339,audio_ranking_explanation,125.201,2015504
comp-result_27312/files/audio_missing_utopia_6a1a4623681345636d84c0f2_1780249528281.json,6a1a4623681345636d84c0f2_audio_missing_utopia_1780249528281.webm,6a1a4623681345636d84c0f2,audio_missing_utopia,61.965,997272
comp-result_27312/files/audio_ranking_explanation_6a1a4623681345636d84c0f2_1780249341828.json,6a1a4623681345636d84c0f2_audio_ranking_explanation_1780249341828.webm,6a1a4623681345636d84c0f2,audio_ranking_explanation,187.996,3026974
comp-result_27313/files/audio_missing_utopia_605b8cf6c07b6842b5cab429_1780252187197.json,605b8cf6c07b6842b5cab429_audio_missing_utopia_1780252187197.webm,605b8cf6c07b6842b5cab429,audio_missing_utopia,58.97,974502
comp-result_27313/files/audio_ranking_explanation_605b8cf6c07b6842b5cab429_1780252109972.json,605b8cf6c07b6842b5cab429_audio_ranking_explanation_1780252109972.webm,605b8cf6c07b6842b5cab429,audio_ranking_explanation,161.869,2674143
comp-result_27314/files/audio_missing_utopia_6a1767604593efadad3bd3d9_1780252363939.json,6a1767604593efadad3bd3d9_audio_missing_utopia_1780252363939.webm,6a1767604593efadad3bd3d9,audio_missing_utopia,21.761,349988
comp-result_27314/files/audio_ranking_explanation_6a1767604593efadad3bd3d9_1780252249232.json,6a1767604593efadad3bd3d9_audio_ranking_explanation_1780252249232.webm,6a1767604593efadad3bd3d9,audio_ranking_explanation,24.352,391526
comp-result_27315/files/audio_missing_utopia_69841529a788bdf0a448ba8b_1780254456481.json,69841529a788bdf0a448ba8b_audio_missing_utopia_1780254456481.webm,69841529a788bdf0a448ba8b,audio_missing_utopia,37.997,628150
comp-result_27315/files/audio_ranking_explanation_69841529a788bdf0a448ba8b_1780254406825.json,69841529a788bdf0a448ba8b_audio_ranking_explanation_1780254406825.webm,69841529a788bdf0a448ba8b,audio_ranking_explanation,64.172,1060637
comp-result_27317/files/audio_missing_utopia_6a09e5c1a9303faa82c6f2ad_1780255329097.json,6a09e5c1a9303faa82c6f2ad_audio_missing_utopia_1780255329097.webm,6a09e5c1a9303faa82c6f2ad,audio_missing_utopia,34.576,556744
comp-result_27317/files/audio_ranking_explanation_6a09e5c1a9303faa82c6f2ad_1780255279024.json,6a09e5c1a9303faa82c6f2ad_audio_ranking_explanation_1780255279024.webm,6a09e5c1a9303faa82c6f2ad,audio_ranking_explanation,30.169,485260
comp-result_27318/files/audio_missing_utopia_69b1b9c93046383751d6fe0c_1780255884212.json,69b1b9c93046383751d6fe0c_audio_missing_utopia_1780255884212.webm,69b1b9c93046383751d6fe0c,audio_missing_utopia,24.069,387662
comp-result_27318/files/audio_ranking_explanation_69b1b9c93046383751d6fe0c_1780255841675.json,69b1b9c93046383751d6fe0c_audio_ranking_explanation_1780255841675.webm,69b1b9c93046383751d6fe0c,audio_ranking_explanation,53.613,862966
comp-result_27319/files/audio_missing_utopia_69c04ef1c9c3020ebf70e0fe_1780257570256.json,69c04ef1c9c3020ebf70e0fe_audio_missing_utopia_1780257570256.webm,69c04ef1c9c3020ebf70e0fe,audio_missing_utopia,86.669,1395264
comp-result_27319/files/audio_ranking_explanation_69c04ef1c9c3020ebf70e0fe_1780257459062.json,69c04ef1c9c3020ebf70e0fe_audio_ranking_explanation_1780257459062.webm,69c04ef1c9c3020ebf70e0fe,audio_ranking_explanation,203.841,3281998
comp-result_27320/files/audio_missing_utopia_6a04c01c963d770b4182218f_1780258426835.json,6a04c01c963d770b4182218f_audio_missing_utopia_1780258426835.webm,6a04c01c963d770b4182218f,audio_missing_utopia,44.911,722896
comp-result_27320/files/audio_ranking_explanation_6a04c01c963d770b4182218f_1780258285493.json,6a04c01c963d770b4182218f_audio_ranking_explanation_1780258285493.webm,6a04c01c963d770b4182218f,audio_ranking_explanation,371.184,5976377
comp-result_27321/files/audio_missing_utopia_6a14c768aa7454de38443fd8_1780261776612.json,6a14c768aa7454de38443fd8_audio_missing_utopia_1780261776612.webm,6a14c768aa7454de38443fd8,audio_missing_utopia,31.918,513274
comp-result_27321/files/audio_ranking_explanation_6a14c768aa7454de38443fd8_1780261715581.json,6a14c768aa7454de38443fd8_audio_ranking_explanation_1780261715581.webm,6a14c768aa7454de38443fd8,audio_ranking_explanation,63.077,1014660
comp-result_27322/files/audio_missing_utopia_6a1c7f66eee691b4c70c2d3e_1780262425260.json,6a1c7f66eee691b4c70c2d3e_audio_missing_utopia_1780262425260.webm,6a1c7f66eee691b4c70c2d3e,audio_missing_utopia,115.486,1858978
comp-result_27322/files/audio_ranking_explanation_6a1c7f66eee691b4c70c2d3e_1780262291217.json,6a1c7f66eee691b4c70c2d3e_audio_ranking_explanation_1780262291217.webm,6a1c7f66eee691b4c70c2d3e,audio_ranking_explanation,322.953,5199645
comp-result_27326/files/audio_missing_utopia_69f135284e35bc7ed69af8a8_1780263995124.json,69f135284e35bc7ed69af8a8_audio_missing_utopia_1780263995124.webm,69f135284e35bc7ed69af8a8,audio_missing_utopia,27.097,435962
comp-result_27326/files/audio_ranking_explanation_69f135284e35bc7ed69af8a8_1780263948637.json,69f135284e35bc7ed69af8a8_audio_ranking_explanation_1780263948637.webm,69f135284e35bc7ed69af8a8,audio_ranking_explanation,36.206,582826
comp-result_27327/files/audio_missing_utopia_67004445b289e820d5e8fb69_1780265693369.json,67004445b289e820d5e8fb69_audio_missing_utopia_1780265693369.webm,67004445b289e820d5e8fb69,audio_missing_utopia,8.093,129740
comp-result_27327/files/audio_ranking_explanation_67004445b289e820d5e8fb69_1780265649673.json,67004445b289e820d5e8fb69_audio_ranking_explanation_1780265649673.webm,67004445b289e820d5e8fb69,audio_ranking_explanation,21.965,352886
comp-result_27328/files/audio_missing_utopia_6a09fcbcfd5a54ade03e9ca3_1780267508369.json,6a09fcbcfd5a54ade03e9ca3_audio_missing_utopia_1780267508369.webm,6a09fcbcfd5a54ade03e9ca3,audio_missing_utopia,37.254,599248
comp-result_27328/files/audio_ranking_explanation_6a09fcbcfd5a54ade03e9ca3_1780267393090.json,6a09fcbcfd5a54ade03e9ca3_audio_ranking_explanation_1780267393090.webm,6a09fcbcfd5a54ade03e9ca3,audio_ranking_explanation,31.822,512308
comp-result_27329/files/audio_missing_utopia_69e2e8831029b11b8a50d076_1780268596356.json,69e2e8831029b11b8a50d076_audio_missing_utopia_1780268596356.webm,69e2e8831029b11b8a50d076,audio_missing_utopia,89.826,1446462
comp-result_27329/files/audio_ranking_explanation_69e2e8831029b11b8a50d076_1780268466523.json,69e2e8831029b11b8a50d076_audio_ranking_explanation_1780268466523.webm,69e2e8831029b11b8a50d076,audio_ranking_explanation,199.53,3212446
comp-result_27330/files/audio_missing_utopia_6623d91f14f7871134e8ad01_1780271611323.json,6623d91f14f7871134e8ad01_audio_missing_utopia_1780271611323.webm,6623d91f14f7871134e8ad01,audio_missing_utopia,10.492,298570
comp-result_27330/files/audio_ranking_explanation_6623d91f14f7871134e8ad01_1780271581671.json,6623d91f14f7871134e8ad01_audio_ranking_explanation_1780271581671.webm,6623d91f14f7871134e8ad01,audio_ranking_explanation,33.002,946592
comp-result_27331/files/audio_missing_utopia_69e597ce1104d00919f3f2c3_1780271354976.json,69e597ce1104d00919f3f2c3_audio_missing_utopia_1780271354976.webm,69e597ce1104d00919f3f2c3,audio_missing_utopia,29.359,472670
comp-result_27331/files/audio_ranking_explanation_69e597ce1104d00919f3f2c3_1780271314200.json,69e597ce1104d00919f3f2c3_audio_ranking_explanation_1780271314200.webm,69e597ce1104d00919f3f2c3,audio_ranking_explanation,87.159,1402992
comp-result_27332/files/audio_missing_utopia_677b591c703b1749329c9b7c_1780271578979.json,677b591c703b1749329c9b7c_audio_missing_utopia_1780271578979.webm,677b591c703b1749329c9b7c,audio_missing_utopia,6.105,97727
comp-result_27332/files/audio_ranking_explanation_677b591c703b1749329c9b7c_1780271551844.json,677b591c703b1749329c9b7c_audio_ranking_explanation_1780271551844.webm,677b591c703b1749329c9b7c,audio_ranking_explanation,25.872,416507
comp-result_27333/files/audio_missing_utopia_697cb3a2bae053be15cdd35e_1780274597549.json,697cb3a2bae053be15cdd35e_audio_missing_utopia_1780274597549.webm,697cb3a2bae053be15cdd35e,audio_missing_utopia,20.833,334532
comp-result_27333/files/audio_ranking_explanation_697cb3a2bae053be15cdd35e_1780274491612.json,697cb3a2bae053be15cdd35e_audio_ranking_explanation_1780274491612.webm,697cb3a2bae053be15cdd35e,audio_ranking_explanation,95.275,1533436
comp-result_27334/files/audio_missing_utopia_698ef6b9ab29d51d9ec4928a_1780274092954.json,698ef6b9ab29d51d9ec4928a_audio_missing_utopia_1780274092954.webm,698ef6b9ab29d51d9ec4928a,audio_missing_utopia,4.769,76610
comp-result_27334/files/audio_ranking_explanation_698ef6b9ab29d51d9ec4928a_1780274073088.json,698ef6b9ab29d51d9ec4928a_audio_ranking_explanation_1780274073088.webm,698ef6b9ab29d51d9ec4928a,audio_ranking_explanation,47.685,767332
comp-result_27335/files/audio_missing_utopia_69fe8789002b61a3f797722e_1780278690017.json,69fe8789002b61a3f797722e_audio_missing_utopia_1780278690017.webm,69fe8789002b61a3f797722e,audio_missing_utopia,13.992,224408
comp-result_27335/files/audio_ranking_explanation_69fe8789002b61a3f797722e_1780278176231.json,69fe8789002b61a3f797722e_audio_ranking_explanation_1780278176231.webm,69fe8789002b61a3f797722e,audio_ranking_explanation,48.624,782788
comp-result_27339/files/audio_missing_utopia_6a1ca3d3b59fba790e76cabb_1780286639022.json,6a1ca3d3b59fba790e76cabb_audio_missing_utopia_1780286639022.webm,6a1ca3d3b59fba790e76cabb,audio_missing_utopia,32.655,525832
comp-result_27339/files/audio_ranking_explanation_6a1ca3d3b59fba790e76cabb_1780286589071.json,6a1ca3d3b59fba790e76cabb_audio_ranking_explanation_1780286589071.webm,6a1ca3d3b59fba790e76cabb,audio_ranking_explanation,88.92,1431006
comp-result_27340/files/audio_missing_utopia_6a134308555ec936abb413da_1780289913518.json,6a134308555ec936abb413da_audio_missing_utopia_1780289913518.webm,6a134308555ec936abb413da,audio_missing_utopia,28.776,463010
comp-result_27340/files/audio_ranking_explanation_6a134308555ec936abb413da_1780289854214.json,6a134308555ec936abb413da_audio_ranking_explanation_1780289854214.webm,6a134308555ec936abb413da,audio_ranking_explanation,51.048,821428
comp-result_27342/files/audio_missing_utopia_6a197e385f626d5e26565122_1780292724831.json,6a197e385f626d5e26565122_audio_missing_utopia_1780292724831.webm,6a197e385f626d5e26565122,audio_missing_utopia,45.147,726758
comp-result_27342/files/audio_ranking_explanation_6a197e385f626d5e26565122_1780292643440.json,6a197e385f626d5e26565122_audio_ranking_explanation_1780292643440.webm,6a197e385f626d5e26565122,audio_ranking_explanation,70.885,1141204
comp-result_27343/files/audio_missing_utopia_6a1d185b08240fd3e99f27b4_1780295461084.json,6a1d185b08240fd3e99f27b4_audio_missing_utopia_1780295461084.webm,6a1d185b08240fd3e99f27b4,audio_missing_utopia,66.727,1070688
comp-result_27343/files/audio_ranking_explanation_6a1d185b08240fd3e99f27b4_1780295380351.json,6a1d185b08240fd3e99f27b4_audio_ranking_explanation_1780295380351.webm,6a1d185b08240fd3e99f27b4,audio_ranking_explanation,251.12,4041343
comp-result_27344/files/audio_missing_utopia_6a1a8611e4d4c64780e67811_1780297035679.json,6a1a8611e4d4c64780e67811_audio_missing_utopia_1780297035679.webm,6a1a8611e4d4c64780e67811,audio_missing_utopia,53.64,862966
comp-result_27344/files/audio_ranking_explanation_6a1a8611e4d4c64780e67811_1780296930253.json,6a1a8611e4d4c64780e67811_audio_ranking_explanation_1780296930253.webm,6a1a8611e4d4c64780e67811,audio_ranking_explanation,94.57,1521844
comp-result_27347/files/audio_missing_utopia_6a1d1de8c53680eca8b73455_1780297827497.json,6a1d1de8c53680eca8b73455_audio_missing_utopia_1780297827497.webm,6a1d1de8c53680eca8b73455,audio_missing_utopia,20.887,345538
comp-result_27347/files/audio_ranking_explanation_6a1d1de8c53680eca8b73455_1780297792865.json,6a1d1de8c53680eca8b73455_audio_ranking_explanation_1780297792865.webm,6a1d1de8c53680eca8b73455,audio_ranking_explanation,14.221,235272
comp-result_27352/files/audio_missing_utopia_6a1d09adbc5e462821031cb2_1780305232947.json,6a1d09adbc5e462821031cb2_audio_missing_utopia_1780305232947.webm,6a1d09adbc5e462821031cb2,audio_missing_utopia,50.094,805972
comp-result_27352/files/audio_ranking_explanation_6a1d09adbc5e462821031cb2_1780305122180.json,6a1d09adbc5e462821031cb2_audio_ranking_explanation_1780305122180.webm,6a1d09adbc5e462821031cb2,audio_ranking_explanation,51.758,833020
comp-result_27353/files/audio_missing_utopia_698ace13573202db139fc761_1780306213689.json,698ace13573202db139fc761_audio_missing_utopia_1780306213689.webm,698ace13573202db139fc761,audio_missing_utopia,40.984,659955
comp-result_27353/files/audio_ranking_explanation_698ace13573202db139fc761_1780306026533.json,698ace13573202db139fc761_audio_ranking_explanation_1780306026533.webm,698ace13573202db139fc761,audio_ranking_explanation,63.989,1029949
comp-result_27355/files/audio_missing_utopia_696560f45f4ef7a14a6e58d3_1780311252322.json,696560f45f4ef7a14a6e58d3_audio_missing_utopia_1780311252322.webm,696560f45f4ef7a14a6e58d3,audio_missing_utopia,24.632,396221
comp-result_27355/files/audio_ranking_explanation_696560f45f4ef7a14a6e58d3_1780311155169.json,696560f45f4ef7a14a6e58d3_audio_ranking_explanation_1780311155169.webm,696560f45f4ef7a14a6e58d3,audio_ranking_explanation,46.099,741099
comp-result_27356/files/audio_missing_utopia_63bc87f783afb5aed2c937d2_1780314625145.json,63bc87f783afb5aed2c937d2_audio_missing_utopia_1780314625145.webm,63bc87f783afb5aed2c937d2,audio_missing_utopia,45.815,737386
comp-result_27356/files/audio_ranking_explanation_63bc87f783afb5aed2c937d2_1780314510356.json,63bc87f783afb5aed2c937d2_audio_ranking_explanation_1780314510356.webm,63bc87f783afb5aed2c937d2,audio_ranking_explanation,66.973,1077450
comp-result_27360/files/audio_missing_utopia_6a1d806a103f5fa249221a3c_1780320986118.json,6a1d806a103f5fa249221a3c_audio_missing_utopia_1780320986118.webm,6a1d806a103f5fa249221a3c,audio_missing_utopia,77.449,1246500
comp-result_27360/files/audio_ranking_explanation_6a1d806a103f5fa249221a3c_1780320898649.json,6a1d806a103f5fa249221a3c_audio_ranking_explanation_1780320898649.webm,6a1d806a103f5fa249221a3c,audio_ranking_explanation,158.946,2558430
comp-result_27362/files/audio_missing_utopia_69f2911e70d459bc627005be_1780325205324.json,69f2911e70d459bc627005be_audio_missing_utopia_1780325205324.webm,69f2911e70d459bc627005be,audio_missing_utopia,51.598,830122
comp-result_27362/files/audio_ranking_explanation_69f2911e70d459bc627005be_1780325019678.json,69f2911e70d459bc627005be_audio_ranking_explanation_1780325019678.webm,69f2911e70d459bc627005be,audio_ranking_explanation,141.418,2276324
comp-result_27365/files/audio_missing_utopia_69d80f78366c24151c6abed6_1780325590251.json,69d80f78366c24151c6abed6_audio_missing_utopia_1780325590251.webm,69d80f78366c24151c6abed6,audio_missing_utopia,47.418,763468
comp-result_27365/files/audio_ranking_explanation_69d80f78366c24151c6abed6_1780325530519.json,69d80f78366c24151c6abed6_audio_ranking_explanation_1780325530519.webm,69d80f78366c24151c6abed6,audio_ranking_explanation,71.391,1148934
comp-result_27367/files/audio_missing_utopia_69daf52bfa2575ae0bdf3d2c_1780328362018.json,69daf52bfa2575ae0bdf3d2c_audio_missing_utopia_1780328362018.webm,69daf52bfa2575ae0bdf3d2c,audio_missing_utopia,6.364,101726
comp-result_27367/files/audio_ranking_explanation_69daf52bfa2575ae0bdf3d2c_1780328286521.json,69daf52bfa2575ae0bdf3d2c_audio_ranking_explanation_1780328286521.webm,69daf52bfa2575ae0bdf3d2c,audio_ranking_explanation,60.601,975054
comp-result_27369/files/audio_missing_utopia_69f8f44ee6bf15c5d2f9e595_1780329611749.json,69f8f44ee6bf15c5d2f9e595_audio_missing_utopia_1780329611749.webm,69f8f44ee6bf15c5d2f9e595,audio_missing_utopia,47.769,768298
comp-result_27369/files/audio_ranking_explanation_69f8f44ee6bf15c5d2f9e595_1780329495281.json,69f8f44ee6bf15c5d2f9e595_audio_ranking_explanation_1780329495281.webm,69f8f44ee6bf15c5d2f9e595,audio_ranking_explanation,60.548,974088
comp-result_27370/files/audio_ranking_explanation_610845efa0dd9c9da496039e_1780329938809.json,610845efa0dd9c9da496039e_audio_ranking_explanation_1780329938809.webm,610845efa0dd9c9da496039e,audio_ranking_explanation,114.177,27019
comp-result_27374/files/audio_missing_utopia_69416fb4dbb55f6ae968fb6c_1780336172261.json,69416fb4dbb55f6ae968fb6c_audio_missing_utopia_1780336172261.webm,69416fb4dbb55f6ae968fb6c,audio_missing_utopia,27.043,434996
comp-result_27374/files/audio_ranking_explanation_69416fb4dbb55f6ae968fb6c_1780336124952.json,69416fb4dbb55f6ae968fb6c_audio_ranking_explanation_1780336124952.webm,69416fb4dbb55f6ae968fb6c,audio_ranking_explanation,147.151,2369060
comp-result_27375/files/audio_missing_utopia_6a00c7ba2c43eaaf569dfe24_1780336803408.json,6a00c7ba2c43eaaf569dfe24_audio_missing_utopia_1780336803408.webm,6a00c7ba2c43eaaf569dfe24,audio_missing_utopia,35.41,570268
comp-result_27375/files/audio_ranking_explanation_6a00c7ba2c43eaaf569dfe24_1780336700615.json,6a00c7ba2c43eaaf569dfe24_audio_ranking_explanation_1780336700615.webm,6a00c7ba2c43eaaf569dfe24,audio_ranking_explanation,111.295,1791358
comp-result_27376/files/audio_missing_utopia_6a077566f7ea052517e6557c_1780335957951.json,6a077566f7ea052517e6557c_audio_missing_utopia_1780335957951.webm,6a077566f7ea052517e6557c,audio_missing_utopia,37.521,603927
comp-result_27376/files/audio_ranking_explanation_6a077566f7ea052517e6557c_1780335888004.json,6a077566f7ea052517e6557c_audio_ranking_explanation_1780335888004.webm,6a077566f7ea052517e6557c,audio_ranking_explanation,108.456,1745772
comp-result_27377/files/audio_missing_utopia_5f4a835e9e84256238129995_1780335774445.json,5f4a835e9e84256238129995_audio_missing_utopia_1780335774445.webm,5f4a835e9e84256238129995,audio_missing_utopia,22.438,360614
comp-result_27377/files/audio_ranking_explanation_5f4a835e9e84256238129995_1780335719107.json,5f4a835e9e84256238129995_audio_ranking_explanation_1780335719107.webm,5f4a835e9e84256238129995,audio_ranking_explanation,43.274,696814
comp-result_27379/files/audio_missing_utopia_6a049d0164653881b734e2dd_1780336252207.json,6a049d0164653881b734e2dd_audio_missing_utopia_1780336252207.webm,6a049d0164653881b734e2dd,audio_missing_utopia,74.745,1202863
comp-result_27379/files/audio_ranking_explanation_6a049d0164653881b734e2dd_1780336166891.json,6a049d0164653881b734e2dd_audio_ranking_explanation_1780336166891.webm,6a049d0164653881b734e2dd,audio_ranking_explanation,133.853,2154407
comp-result_27380/files/audio_missing_utopia_69a5d894d35286e2b0ff3f6c_1780336645606.json,69a5d894d35286e2b0ff3f6c_audio_missing_utopia_1780336645606.webm,69a5d894d35286e2b0ff3f6c,audio_missing_utopia,13.299,213782
comp-result_27380/files/audio_ranking_explanation_69a5d894d35286e2b0ff3f6c_1780336569952.json,69a5d894d35286e2b0ff3f6c_audio_ranking_explanation_1780336569952.webm,69a5d894d35286e2b0ff3f6c,audio_ranking_explanation,101.013,1626172
comp-result_27381/files/audio_missing_utopia_67062295123561f8241f65fc_1780339467413.json,67062295123561f8241f65fc_audio_missing_utopia_1780339467413.webm,67062295123561f8241f65fc,audio_missing_utopia,192.988,3107152
comp-result_27381/files/audio_ranking_explanation_67062295123561f8241f65fc_1780339141441.json,67062295123561f8241f65fc_audio_ranking_explanation_1780339141441.webm,67062295123561f8241f65fc,audio_ranking_explanation,165.298,2660826
comp-result_27382/files/audio_missing_utopia_5d453e8723a5bb0001492546_1780342176357.json,5d453e8723a5bb0001492546_audio_missing_utopia_1780342176357.webm,5d453e8723a5bb0001492546,audio_missing_utopia,152.528,2519844
comp-result_27382/files/audio_ranking_explanation_5d453e8723a5bb0001492546_1780341976945.json,5d453e8723a5bb0001492546_audio_ranking_explanation_1780341976945.webm,5d453e8723a5bb0001492546,audio_ranking_explanation,398.981,6590460
comp-result_27383/files/audio_missing_utopia_6a1dcf19488db85c9fd3e14c_1780343159200.json,6a1dcf19488db85c9fd3e14c_audio_missing_utopia_1780343159200.webm,6a1dcf19488db85c9fd3e14c,audio_missing_utopia,14.745,244164
comp-result_27383/files/audio_ranking_explanation_6a1dcf19488db85c9fd3e14c_1780343132616.json,6a1dcf19488db85c9fd3e14c_audio_ranking_explanation_1780343132616.webm,6a1dcf19488db85c9fd3e14c,audio_ranking_explanation,45.239,747526
comp-result_27385/files/audio_missing_utopia_6a0e38bb67e1c728c354f66c_1780378227066.json,6a0e38bb67e1c728c354f66c_audio_missing_utopia_1780378227066.webm,6a0e38bb67e1c728c354f66c,audio_missing_utopia,23.664,391690
comp-result_27385/files/audio_ranking_explanation_6a0e38bb67e1c728c354f66c_1780378173815.json,6a0e38bb67e1c728c354f66c_audio_ranking_explanation_1780378173815.webm,6a0e38bb67e1c728c354f66c,audio_ranking_explanation,109.372,1807007
comp-result_27386/files/audio_missing_utopia_67758b914f06b14a31669644_1780378147825.json,67758b914f06b14a31669644_audio_missing_utopia_1780378147825.webm,67758b914f06b14a31669644,audio_missing_utopia,11.304,181904
comp-result_27386/files/audio_ranking_explanation_67758b914f06b14a31669644_1780378104442.json,67758b914f06b14a31669644_audio_ranking_explanation_1780378104442.webm,67758b914f06b14a31669644,audio_ranking_explanation,15.43,247592
comp-result_27387/files/audio_missing_utopia_6a0cad159c5686edc83282c6_1780378057532.json,6a0cad159c5686edc83282c6_audio_missing_utopia_1780378057532.webm,6a0cad159c5686edc83282c6,audio_missing_utopia,38.563,637577
comp-result_27387/files/audio_ranking_explanation_6a0cad159c5686edc83282c6_1780377983594.json,6a0cad159c5686edc83282c6_audio_ranking_explanation_1780377983594.webm,6a0cad159c5686edc83282c6,audio_ranking_explanation,143.113,2364295
comp-result_27388/files/audio_missing_utopia_6a1e4ed97643f14426d7f17b_1780378042022.json,6a1e4ed97643f14426d7f17b_audio_missing_utopia_1780378042022.webm,6a1e4ed97643f14426d7f17b,audio_missing_utopia,59.097,950872
comp-result_27388/files/audio_ranking_explanation_6a1e4ed97643f14426d7f17b_1780377965339.json,6a1e4ed97643f14426d7f17b_audio_ranking_explanation_1780377965339.webm,6a1e4ed97643f14426d7f17b,audio_ranking_explanation,79.823,1285140
comp-result_27389/files/audio_missing_utopia_6a16fa4524731436353d8f60_1780378815146.json,6a16fa4524731436353d8f60_audio_missing_utopia_1780378815146.webm,6a16fa4524731436353d8f60,audio_missing_utopia,28.893,464942
comp-result_27389/files/audio_ranking_explanation_6a16fa4524731436353d8f60_1780378641969.json,6a16fa4524731436353d8f60_audio_ranking_explanation_1780378641969.webm,6a16fa4524731436353d8f60,audio_ranking_explanation,201.225,3239494
comp-result_27391/files/audio_missing_utopia_6a037bdccdf50aa9efd14b0b_1780378149011.json,6a037bdccdf50aa9efd14b0b_audio_missing_utopia_1780378149011.webm,6a037bdccdf50aa9efd14b0b,audio_missing_utopia,51.153,823360
comp-result_27391/files/audio_ranking_explanation_6a037bdccdf50aa9efd14b0b_1780378081584.json,6a037bdccdf50aa9efd14b0b_audio_ranking_explanation_1780378081584.webm,6a037bdccdf50aa9efd14b0b,audio_ranking_explanation,127.949,2059940
comp-result_27393/files/audio_missing_utopia_6a1daefdc17a49bbb3e1c91e_1780378154482.json,6a1daefdc17a49bbb3e1c91e_audio_missing_utopia_1780378154482.webm,6a1daefdc17a49bbb3e1c91e,audio_missing_utopia,44.888,741847
comp-result_27393/files/audio_ranking_explanation_6a1daefdc17a49bbb3e1c91e_1780378097174.json,6a1daefdc17a49bbb3e1c91e_audio_ranking_explanation_1780378097174.webm,6a1daefdc17a49bbb3e1c91e,audio_ranking_explanation,110.409,1823719
comp-result_27394/files/audio_missing_utopia_69efcfba84d2e0f9dccd0692_1780378938971.json,69efcfba84d2e0f9dccd0692_audio_missing_utopia_1780378938971.webm,69efcfba84d2e0f9dccd0692,audio_missing_utopia,109.997,1771072
comp-result_27394/files/audio_ranking_explanation_69efcfba84d2e0f9dccd0692_1780378799147.json,69efcfba84d2e0f9dccd0692_audio_ranking_explanation_1780378799147.webm,69efcfba84d2e0f9dccd0692,audio_ranking_explanation,229.056,3687753
comp-result_27395/files/audio_missing_utopia_698a6f9a70f427ea2c5019e6_1780378913745.json,698a6f9a70f427ea2c5019e6_audio_missing_utopia_1780378913745.webm,698a6f9a70f427ea2c5019e6,audio_missing_utopia,56.498,933549
comp-result_27395/files/audio_ranking_explanation_698a6f9a70f427ea2c5019e6_1780378820673.json,698a6f9a70f427ea2c5019e6_audio_ranking_explanation_1780378820673.webm,698a6f9a70f427ea2c5019e6,audio_ranking_explanation,151.02,2494715
comp-result_27396/files/audio_missing_utopia_65e6edd1a876f1d8487f379b_1780378764659.json,65e6edd1a876f1d8487f379b_audio_missing_utopia_1780378764659.webm,65e6edd1a876f1d8487f379b,audio_missing_utopia,30.504,491056
comp-result_27396/files/audio_ranking_explanation_65e6edd1a876f1d8487f379b_1780378701073.json,65e6edd1a876f1d8487f379b_audio_ranking_explanation_1780378701073.webm,65e6edd1a876f1d8487f379b,audio_ranking_explanation,31.376,504580
comp-result_27397/files/audio_missing_utopia_6a15dfee7dec81efc11475cb_1780379532231.json,6a15dfee7dec81efc11475cb_audio_missing_utopia_1780379532231.webm,6a15dfee7dec81efc11475cb,audio_missing_utopia,127.042,2099197
comp-result_27397/files/audio_ranking_explanation_6a15dfee7dec81efc11475cb_1780379330004.json,6a15dfee7dec81efc11475cb_audio_ranking_explanation_1780379330004.webm,6a15dfee7dec81efc11475cb,audio_ranking_explanation,448.107,7401972
comp-result_27398/files/audio_missing_utopia_6a0d55dd872343b4ca601b43_1780379013805.json,6a0d55dd872343b4ca601b43_audio_missing_utopia_1780379013805.m4a,6a0d55dd872343b4ca601b43,audio_missing_utopia,52.327,1220395
comp-result_27398/files/audio_ranking_explanation_6a0d55dd872343b4ca601b43_1780378955709.json,6a0d55dd872343b4ca601b43_audio_ranking_explanation_1780378955709.m4a,6a0d55dd872343b4ca601b43,audio_ranking_explanation,52.407,1227776
comp-result_27399/files/audio_missing_utopia_6a02d6ae830868fc71cdbdb9_1780379275719.json,6a02d6ae830868fc71cdbdb9_audio_missing_utopia_1780379275719.webm,6a02d6ae830868fc71cdbdb9,audio_missing_utopia,32.918,529383
comp-result_27399/files/audio_ranking_explanation_6a02d6ae830868fc71cdbdb9_1780379162868.json,6a02d6ae830868fc71cdbdb9_audio_ranking_explanation_1780379162868.webm,6a02d6ae830868fc71cdbdb9,audio_ranking_explanation,73.96,1190472
comp-result_27401/files/audio_missing_utopia_69cdeee6463e07f2a989cfd9_1780378510751.json,69cdeee6463e07f2a989cfd9_audio_missing_utopia_1780378510751.webm,69cdeee6463e07f2a989cfd9,audio_missing_utopia,70.928,1142172
comp-result_27401/files/audio_ranking_explanation_69cdeee6463e07f2a989cfd9_1780378423838.json,69cdeee6463e07f2a989cfd9_audio_ranking_explanation_1780378423838.webm,69cdeee6463e07f2a989cfd9,audio_ranking_explanation,113.323,1824202
comp-result_27403/files/audio_missing_utopia_69b8ef7b87c2e000e46e09e6_1780378508669.json,69b8ef7b87c2e000e46e09e6_audio_missing_utopia_1780378508669.webm,69b8ef7b87c2e000e46e09e6,audio_missing_utopia,27.822,447554
comp-result_27403/files/audio_ranking_explanation_69b8ef7b87c2e000e46e09e6_1780378435777.json,69b8ef7b87c2e000e46e09e6_audio_ranking_explanation_1780378435777.webm,69b8ef7b87c2e000e46e09e6,audio_ranking_explanation,58.182,936382
comp-result_27404/files/audio_missing_utopia_6a1d037d028b02741282aeef_1780379295177.json,6a1d037d028b02741282aeef_audio_missing_utopia_1780379295177.webm,6a1d037d028b02741282aeef,audio_missing_utopia,96.559,1554688
comp-result_27404/files/audio_ranking_explanation_6a1d037d028b02741282aeef_1780379119535.json,6a1d037d028b02741282aeef_audio_ranking_explanation_1780379119535.webm,6a1d037d028b02741282aeef,audio_ranking_explanation,115.61,1860910
comp-result_27406/files/audio_missing_utopia_69cc50b7d8b69400a3cc5e0f_1780379330135.json,69cc50b7d8b69400a3cc5e0f_audio_missing_utopia_1780379330135.webm,69cc50b7d8b69400a3cc5e0f,audio_missing_utopia,36.574,588622
comp-result_27406/files/audio_ranking_explanation_69cc50b7d8b69400a3cc5e0f_1780379260387.json,69cc50b7d8b69400a3cc5e0f_audio_ranking_explanation_1780379260387.webm,69cc50b7d8b69400a3cc5e0f,audio_ranking_explanation,46.668,750910
comp-result_27410/files/audio_missing_utopia_69f9d194b0eebbd9aea739b5_1780379643820.json,69f9d194b0eebbd9aea739b5_audio_missing_utopia_1780379643820.webm,69f9d194b0eebbd9aea739b5,audio_missing_utopia,21.778,349988
comp-result_27410/files/audio_ranking_explanation_69f9d194b0eebbd9aea739b5_1780379568050.json,69f9d194b0eebbd9aea739b5_audio_ranking_explanation_1780379568050.webm,69f9d194b0eebbd9aea739b5,audio_ranking_explanation,54.145,871660
comp-result_27413/files/audio_missing_utopia_6a153be09f19ea5c581933d7_1780379900103.json,6a153be09f19ea5c581933d7_audio_missing_utopia_1780379900103.webm,6a153be09f19ea5c581933d7,audio_missing_utopia,49.483,1337017
comp-result_27413/files/audio_ranking_explanation_6a153be09f19ea5c581933d7_1780379830182.json,6a153be09f19ea5c581933d7_audio_ranking_explanation_1780379830182.webm,6a153be09f19ea5c581933d7,audio_ranking_explanation,194.31,5265598
comp-result_27416/files/audio_missing_utopia_69fba31786a9f62439a74897_1780380357157.json,69fba31786a9f62439a74897_audio_missing_utopia_1780380357157.webm,69fba31786a9f62439a74897,audio_missing_utopia,93.977,1513150
comp-result_27416/files/audio_ranking_explanation_69fba31786a9f62439a74897_1780380244431.json,69fba31786a9f62439a74897_audio_ranking_explanation_1780380244431.webm,69fba31786a9f62439a74897,audio_ranking_explanation,98.008,1577872
comp-result_27417/files/audio_missing_utopia_6a1e60cacee7c00918fcd799_1780380077852.json,6a1e60cacee7c00918fcd799_audio_missing_utopia_1780380077852.webm,6a1e60cacee7c00918fcd799,audio_missing_utopia,42.031,676528
comp-result_27417/files/audio_ranking_explanation_6a1e60cacee7c00918fcd799_1780380011511.json,6a1e60cacee7c00918fcd799_audio_ranking_explanation_1780380011511.webm,6a1e60cacee7c00918fcd799,audio_ranking_explanation,110.663,1781698
comp-result_27418/files/audio_missing_utopia_69c01ad32e8258f62bd58aeb_1780380118114.json,69c01ad32e8258f62bd58aeb_audio_missing_utopia_1780380118114.webm,69c01ad32e8258f62bd58aeb,audio_missing_utopia,12.193,195428
comp-result_27418/files/audio_ranking_explanation_69c01ad32e8258f62bd58aeb_1780380081377.json,69c01ad32e8258f62bd58aeb_audio_ranking_explanation_1780380081377.webm,69c01ad32e8258f62bd58aeb,audio_ranking_explanation,16.142,259184
comp-result_27419/files/audio_missing_utopia_69b4cd1edb91fb79284441cd_1780379925647.json,69b4cd1edb91fb79284441cd_audio_missing_utopia_1780379925647.webm,69b4cd1edb91fb79284441cd,audio_missing_utopia,8.412,134570
comp-result_27419/files/audio_ranking_explanation_69b4cd1edb91fb79284441cd_1780379883267.json,69b4cd1edb91fb79284441cd_audio_ranking_explanation_1780379883267.webm,69b4cd1edb91fb79284441cd,audio_ranking_explanation,4.296,68882
comp-result_27420/files/audio_missing_utopia_69fab71a215f5a17bbecc692_1780380188149.json,69fab71a215f5a17bbecc692_audio_missing_utopia_1780380188149.webm,69fab71a215f5a17bbecc692,audio_missing_utopia,102.949,1657084
comp-result_27420/files/audio_ranking_explanation_69fab71a215f5a17bbecc692_1780380017445.json,69fab71a215f5a17bbecc692_audio_ranking_explanation_1780380017445.webm,69fab71a215f5a17bbecc692,audio_ranking_explanation,167.027,2688840
comp-result_27421/files/audio_missing_utopia_69fba1d76bc977f982998a3a_1780380272295.json,69fba1d76bc977f982998a3a_audio_missing_utopia_1780380272295.webm,69fba1d76bc977f982998a3a,audio_missing_utopia,63.619,1024320
comp-result_27421/files/audio_ranking_explanation_69fba1d76bc977f982998a3a_1780380176999.json,69fba1d76bc977f982998a3a_audio_ranking_explanation_1780380176999.webm,69fba1d76bc977f982998a3a,audio_ranking_explanation,171.62,2763222
comp-result_27422/files/audio_missing_utopia_698a276f955516bd3c07b19d_1780380421647.json,698a276f955516bd3c07b19d_audio_missing_utopia_1780380421647.webm,698a276f955516bd3c07b19d,audio_missing_utopia,37.371,601180
comp-result_27422/files/audio_ranking_explanation_698a276f955516bd3c07b19d_1780380361343.json,698a276f955516bd3c07b19d_audio_ranking_explanation_1780380361343.webm,698a276f955516bd3c07b19d,audio_ranking_explanation,192.685,3102322
comp-result_27424/files/audio_missing_utopia_69f11abbcb74929a2bf4a175_1780381641126.json,69f11abbcb74929a2bf4a175_audio_missing_utopia_1780381641126.webm,69f11abbcb74929a2bf4a175,audio_missing_utopia,29.158,468806
comp-result_27424/files/audio_ranking_explanation_69f11abbcb74929a2bf4a175_1780381485999.json,69f11abbcb74929a2bf4a175_audio_ranking_explanation_1780381485999.webm,69f11abbcb74929a2bf4a175,audio_ranking_explanation,14.327,230204
comp-result_27425/files/audio_missing_utopia_69c55b66d8ade7f9bd6109d6_1780381522944.json,69c55b66d8ade7f9bd6109d6_audio_missing_utopia_1780381522944.webm,69c55b66d8ade7f9bd6109d6,audio_missing_utopia,25.668,412778
comp-result_27425/files/audio_ranking_explanation_69c55b66d8ade7f9bd6109d6_1780381368022.json,69c55b66d8ade7f9bd6109d6_audio_ranking_explanation_1780381368022.webm,69c55b66d8ade7f9bd6109d6,audio_ranking_explanation,31.897,513274
comp-result_27426/files/audio_missing_utopia_6a16592d134be35f3050afad_1780380785303.json,6a16592d134be35f3050afad_audio_missing_utopia_1780380785303.webm,6a16592d134be35f3050afad,audio_missing_utopia,43.496,1236970
comp-result_27426/files/audio_ranking_explanation_6a16592d134be35f3050afad_1780380701456.json,6a16592d134be35f3050afad_audio_ranking_explanation_1780380701456.webm,6a16592d134be35f3050afad,audio_ranking_explanation,216.609,6190966
comp-result_27427/files/audio_missing_utopia_6a1dc49806c1dbbcce420f7d_1780381598841.json,6a1dc49806c1dbbcce420f7d_audio_missing_utopia_1780381598841.webm,6a1dc49806c1dbbcce420f7d,audio_missing_utopia,48.41,778924
comp-result_27427/files/audio_ranking_explanation_6a1dc49806c1dbbcce420f7d_1780381490089.json,6a1dc49806c1dbbcce420f7d_audio_ranking_explanation_1780381490089.webm,6a1dc49806c1dbbcce420f7d,audio_ranking_explanation,93.765,1509286
comp-result_27428/files/audio_missing_utopia_676334ae578dda6ef33f5886_1780381155497.json,676334ae578dda6ef33f5886_audio_missing_utopia_1780381155497.webm,676334ae578dda6ef33f5886,audio_missing_utopia,13.535,217646
comp-result_27428/files/audio_ranking_explanation_676334ae578dda6ef33f5886_1780381111874.json,676334ae578dda6ef33f5886_audio_ranking_explanation_1780381111874.webm,676334ae578dda6ef33f5886,audio_ranking_explanation,22.078,354818
comp-result_27430/files/audio_missing_utopia_69e81749c5b5f9c50b132749_1780381010292.json,69e81749c5b5f9c50b132749_audio_missing_utopia_1780381010292.webm,69e81749c5b5f9c50b132749,audio_missing_utopia,46.467,748012
comp-result_27430/files/audio_ranking_explanation_69e81749c5b5f9c50b132749_1780380904608.json,69e81749c5b5f9c50b132749_audio_ranking_explanation_1780380904608.webm,69e81749c5b5f9c50b132749,audio_ranking_explanation,35.88,577030
comp-result_27431/files/audio_missing_utopia_6a0eacf3d053fe992e0ca9c4_1780380614944.json,6a0eacf3d053fe992e0ca9c4_audio_missing_utopia_1780380614944.webm,6a0eacf3d053fe992e0ca9c4,audio_missing_utopia,97.614,1571110
comp-result_27431/files/audio_ranking_explanation_6a0eacf3d053fe992e0ca9c4_1780380504434.json,6a0eacf3d053fe992e0ca9c4_audio_ranking_explanation_1780380504434.webm,6a0eacf3d053fe992e0ca9c4,audio_ranking_explanation,222.831,3587289
comp-result_27432/files/audio_missing_utopia_6a0553f1cb81aadcd605a362_1780380927134.json,6a0553f1cb81aadcd605a362_audio_missing_utopia_1780380927134.webm,6a0553f1cb81aadcd605a362,audio_missing_utopia,48.911,787618
comp-result_27432/files/audio_ranking_explanation_6a0553f1cb81aadcd605a362_1780380856434.json,6a0553f1cb81aadcd605a362_audio_ranking_explanation_1780380856434.webm,6a0553f1cb81aadcd605a362,audio_ranking_explanation,22.575,362546
comp-result_27433/files/audio_missing_utopia_69f62e8b80575ae2288b14b2_1780380875141.json,69f62e8b80575ae2288b14b2_audio_missing_utopia_1780380875141.webm,69f62e8b80575ae2288b14b2,audio_missing_utopia,53.979,868762
comp-result_27433/files/audio_ranking_explanation_69f62e8b80575ae2288b14b2_1780380769314.json,69f62e8b80575ae2288b14b2_audio_ranking_explanation_1780380769314.webm,69f62e8b80575ae2288b14b2,audio_ranking_explanation,32.185,518104
comp-result_27434/files/audio_missing_utopia_6a0e3cadbbd96b6266000443_1780381728732.json,6a0e3cadbbd96b6266000443_audio_missing_utopia_1780381728732.webm,6a0e3cadbbd96b6266000443,audio_missing_utopia,57.671,928654
comp-result_27434/files/audio_ranking_explanation_6a0e3cadbbd96b6266000443_1780381542825.json,6a0e3cadbbd96b6266000443_audio_ranking_explanation_1780381542825.webm,6a0e3cadbbd96b6266000443,audio_ranking_explanation,467.355,7524977
comp-result_27435/files/audio_missing_utopia_61647de75314468d5cb57f93_1780380868523.json,61647de75314468d5cb57f93_audio_missing_utopia_1780380868523.webm,61647de75314468d5cb57f93,audio_missing_utopia,29.723,477500
comp-result_27435/files/audio_ranking_explanation_61647de75314468d5cb57f93_1780380793527.json,61647de75314468d5cb57f93_audio_ranking_explanation_1780380793527.webm,61647de75314468d5cb57f93,audio_ranking_explanation,35.771,576064
comp-result_27436/files/audio_missing_utopia_69e96f9a9720314bfef36394_1780381109348.json,69e96f9a9720314bfef36394_audio_missing_utopia_1780381109348.webm,69e96f9a9720314bfef36394,audio_missing_utopia,45.431,1235314
comp-result_27436/files/audio_ranking_explanation_69e96f9a9720314bfef36394_1780381050590.json,69e96f9a9720314bfef36394_audio_ranking_explanation_1780381050590.webm,69e96f9a9720314bfef36394,audio_ranking_explanation,57.367,1570223
comp-result_27437/files/audio_missing_utopia_6a02a3d567b030856033eb52_1780382397315.json,6a02a3d567b030856033eb52_audio_missing_utopia_1780382397315.webm,6a02a3d567b030856033eb52,audio_missing_utopia,30.112,483296
comp-result_27437/files/audio_ranking_explanation_6a02a3d567b030856033eb52_1780382274633.json,6a02a3d567b030856033eb52_audio_ranking_explanation_1780382274633.webm,6a02a3d567b030856033eb52,audio_ranking_explanation,10.48,168380
comp-result_27439/files/audio_missing_utopia_6998bda4ed63e85917285fd8_1780381296191.json,6998bda4ed63e85917285fd8_audio_missing_utopia_1780381296191.webm,6998bda4ed63e85917285fd8,audio_missing_utopia,39.859,641752
comp-result_27439/files/audio_ranking_explanation_6998bda4ed63e85917285fd8_1780381237263.json,6998bda4ed63e85917285fd8_audio_ranking_explanation_1780381237263.webm,6998bda4ed63e85917285fd8,audio_ranking_explanation,43.206,695848
comp-result_27440/files/audio_missing_utopia_6a0fdb7eecaf669f854c5abb_1780382004544.json,6a0fdb7eecaf669f854c5abb_audio_missing_utopia_1780382004544.webm,6a0fdb7eecaf669f854c5abb,audio_missing_utopia,57.961,932518
comp-result_27440/files/audio_ranking_explanation_6a0fdb7eecaf669f854c5abb_1780381892307.json,6a0fdb7eecaf669f854c5abb_audio_ranking_explanation_1780381892307.webm,6a0fdb7eecaf669f854c5abb,audio_ranking_explanation,203.604,3274270
comp-result_27441/files/audio_missing_utopia_6a04b76d9bbaf4af16d57088_1780382912567.json,6a04b76d9bbaf4af16d57088_audio_missing_utopia_1780382912567.webm,6a04b76d9bbaf4af16d57088,audio_missing_utopia,25.9,416642
comp-result_27441/files/audio_ranking_explanation_6a04b76d9bbaf4af16d57088_1780382815428.json,6a04b76d9bbaf4af16d57088_audio_ranking_explanation_1780382815428.webm,6a04b76d9bbaf4af16d57088,audio_ranking_explanation,52.287,841714
comp-result_27442/files/audio_missing_utopia_6a10e1fd31d6009fde8e3b7a_1780381424628.json,6a10e1fd31d6009fde8e3b7a_audio_missing_utopia_1780381424628.webm,6a10e1fd31d6009fde8e3b7a,audio_missing_utopia,13.888,385558
comp-result_27442/files/audio_ranking_explanation_6a10e1fd31d6009fde8e3b7a_1780381387744.json,6a10e1fd31d6009fde8e3b7a_audio_ranking_explanation_1780381387744.webm,6a10e1fd31d6009fde8e3b7a,audio_ranking_explanation,25.11,695186
comp-result_27443/files/audio_missing_utopia_69fe0a1379c697a122be3c51_1780381580501.json,69fe0a1379c697a122be3c51_audio_missing_utopia_1780381580501.webm,69fe0a1379c697a122be3c51,audio_missing_utopia,19.858,559659
comp-result_27443/files/audio_ranking_explanation_69fe0a1379c697a122be3c51_1780381552971.json,69fe0a1379c697a122be3c51_audio_ranking_explanation_1780381552971.webm,69fe0a1379c697a122be3c51,audio_ranking_explanation,84.825,2404583
comp-result_27444/files/audio_missing_utopia_6a1dc5243a38d709fa76621e_1780382553601.json,6a1dc5243a38d709fa76621e_audio_missing_utopia_1780382553601.webm,6a1dc5243a38d709fa76621e,audio_missing_utopia,85.683,1378842
comp-result_27444/files/audio_ranking_explanation_6a1dc5243a38d709fa76621e_1780382332000.json,6a1dc5243a38d709fa76621e_audio_ranking_explanation_1780382332000.webm,6a1dc5243a38d709fa76621e,audio_ranking_explanation,167.256,2692704
comp-result_27445/files/audio_missing_utopia_6a07e7307beadce0826acea4_1780382095145.json,6a07e7307beadce0826acea4_audio_missing_utopia_1780382095145.webm,6a07e7307beadce0826acea4,audio_missing_utopia,9.398,57970
comp-result_27445/files/audio_ranking_explanation_6a07e7307beadce0826acea4_1780382072163.json,6a07e7307beadce0826acea4_audio_ranking_explanation_1780382072163.webm,6a07e7307beadce0826acea4,audio_ranking_explanation,41.471,254077
comp-result_27446/files/audio_missing_utopia_63d7fb6ee49281f6c41d6630_1780382087730.json,63d7fb6ee49281f6c41d6630_audio_missing_utopia_1780382087730.webm,63d7fb6ee49281f6c41d6630,audio_missing_utopia,50.58,813700
comp-result_27446/files/audio_ranking_explanation_63d7fb6ee49281f6c41d6630_1780382023312.json,63d7fb6ee49281f6c41d6630_audio_ranking_explanation_1780382023312.webm,63d7fb6ee49281f6c41d6630,audio_ranking_explanation,117.063,1884094
comp-result_27448/files/audio_missing_utopia_69b085994bfdf00ac5908a2a_1780382249781.json,69b085994bfdf00ac5908a2a_audio_missing_utopia_1780382249781.webm,69b085994bfdf00ac5908a2a,audio_missing_utopia,38.396,617602
comp-result_27448/files/audio_ranking_explanation_69b085994bfdf00ac5908a2a_1780382201025.json,69b085994bfdf00ac5908a2a_audio_ranking_explanation_1780382201025.webm,69b085994bfdf00ac5908a2a,audio_ranking_explanation,160.039,2576784
comp-result_27451/files/audio_missing_utopia_69b72d785c20e3f3bfcae82f_1780383976619.json,69b72d785c20e3f3bfcae82f_audio_missing_utopia_1780383976619.webm,69b72d785c20e3f3bfcae82f,audio_missing_utopia,68.818,1108362
comp-result_27451/files/audio_ranking_explanation_69b72d785c20e3f3bfcae82f_1780383790019.json,69b72d785c20e3f3bfcae82f_audio_ranking_explanation_1780383790019.webm,69b72d785c20e3f3bfcae82f,audio_ranking_explanation,648.492,10440569
comp-result_27452/files/audio_missing_utopia_6a0db305f15fbd39c50c3204_1780383898405.json,6a0db305f15fbd39c50c3204_audio_missing_utopia_1780383898405.webm,6a0db305f15fbd39c50c3204,audio_missing_utopia,64.005,1030116
comp-result_27452/files/audio_ranking_explanation_6a0db305f15fbd39c50c3204_1780383817021.json,6a0db305f15fbd39c50c3204_audio_ranking_explanation_1780383817021.webm,6a0db305f15fbd39c50c3204,audio_ranking_explanation,281.66,4532105
comp-result_27454/files/audio_missing_utopia_69a82e484e9029ef1a4a99d4_1780383565170.json,69a82e484e9029ef1a4a99d4_audio_missing_utopia_1780383565170.webm,69a82e484e9029ef1a4a99d4,audio_missing_utopia,12.556,201224
comp-result_27454/files/audio_ranking_explanation_69a82e484e9029ef1a4a99d4_1780383512648.json,69a82e484e9029ef1a4a99d4_audio_ranking_explanation_1780383512648.webm,69a82e484e9029ef1a4a99d4,audio_ranking_explanation,35.09,564472
comp-result_27456/files/audio_missing_utopia_6a08dbd428d6c1df00610751_1780384107343.json,6a08dbd428d6c1df00610751_audio_missing_utopia_1780384107343.webm,6a08dbd428d6c1df00610751,audio_missing_utopia,33.804,544186
comp-result_27456/files/audio_ranking_explanation_6a08dbd428d6c1df00610751_1780383909926.json,6a08dbd428d6c1df00610751_audio_ranking_explanation_1780383909926.webm,6a08dbd428d6c1df00610751,audio_ranking_explanation,36.742,591520
comp-result_27458/files/audio_missing_utopia_6705bf2688ed88bcafd57446_1780383912236.json,6705bf2688ed88bcafd57446_audio_missing_utopia_1780383912236.webm,6705bf2688ed88bcafd57446,audio_missing_utopia,106.495,1724380
comp-result_27458/files/audio_ranking_explanation_6705bf2688ed88bcafd57446_1780383751841.json,6705bf2688ed88bcafd57446_audio_ranking_explanation_1780383751841.webm,6705bf2688ed88bcafd57446,audio_ranking_explanation,224.187,3630992
comp-result_27459/files/audio_missing_utopia_69866c151e89ae8ed8ebc85b_1780384377896.json,69866c151e89ae8ed8ebc85b_audio_missing_utopia_1780384377896.webm,69866c151e89ae8ed8ebc85b,audio_missing_utopia,118.272,1903414
comp-result_27459/files/audio_ranking_explanation_69866c151e89ae8ed8ebc85b_1780384239451.json,69866c151e89ae8ed8ebc85b_audio_ranking_explanation_1780384239451.webm,69866c151e89ae8ed8ebc85b,audio_ranking_explanation,160.722,2587410
comp-result_27462/files/audio_missing_utopia_6a0b4342858b03ad3dcb830a_1780384244350.json,6a0b4342858b03ad3dcb830a_audio_missing_utopia_1780384244350.webm,6a0b4342858b03ad3dcb830a,audio_missing_utopia,43.399,698595
comp-result_27462/files/audio_ranking_explanation_6a0b4342858b03ad3dcb830a_1780384190273.json,6a0b4342858b03ad3dcb830a_audio_ranking_explanation_1780384190273.webm,6a0b4342858b03ad3dcb830a,audio_ranking_explanation,78.47,1262755
comp-result_27463/files/audio_missing_utopia_69f982d8dd2a2a1e9f1c16fc_1780384016329.json,69f982d8dd2a2a1e9f1c16fc_audio_missing_utopia_1780384016329.webm,69f982d8dd2a2a1e9f1c16fc,audio_missing_utopia,42.101,677343
comp-result_27463/files/audio_ranking_explanation_69f982d8dd2a2a1e9f1c16fc_1780383961907.json,69f982d8dd2a2a1e9f1c16fc_audio_ranking_explanation_1780383961907.webm,69f982d8dd2a2a1e9f1c16fc,audio_ranking_explanation,102.608,1651104
comp-result_27464/files/audio_missing_utopia_69a5173e79a786eadc643c31_1780384006718.json,69a5173e79a786eadc643c31_audio_missing_utopia_1780384006718.webm,69a5173e79a786eadc643c31,audio_missing_utopia,68.223,1097736
comp-result_27464/files/audio_ranking_explanation_69a5173e79a786eadc643c31_1780383923329.json,69a5173e79a786eadc643c31_audio_ranking_explanation_1780383923329.webm,69a5173e79a786eadc643c31,audio_ranking_explanation,150.885,2428986
comp-result_27465/files/audio_missing_utopia_6a0e057e534023a1618fad75_1780384623666.json,6a0e057e534023a1618fad75_audio_missing_utopia_1780384623666.webm,6a0e057e534023a1618fad75,audio_missing_utopia,19.587,315212
comp-result_27465/files/audio_ranking_explanation_6a0e057e534023a1618fad75_1780384527269.json,6a0e057e534023a1618fad75_audio_ranking_explanation_1780384527269.webm,6a0e057e534023a1618fad75,audio_ranking_explanation,67.133,1080348
comp-result_27466/files/audio_missing_utopia_6a1629cc5dcd6ea2c000c9af_1780385075953.json,6a1629cc5dcd6ea2c000c9af_audio_missing_utopia_1780385075953.webm,6a1629cc5dcd6ea2c000c9af,audio_missing_utopia,27.93,449486
comp-result_27466/files/audio_ranking_explanation_6a1629cc5dcd6ea2c000c9af_1780384965496.json,6a1629cc5dcd6ea2c000c9af_audio_ranking_explanation_1780384965496.webm,6a1629cc5dcd6ea2c000c9af,audio_ranking_explanation,21.02,338396
comp-result_27468/files/audio_missing_utopia_69f11c9f9a42a013e07426d3_1780384393246.json,69f11c9f9a42a013e07426d3_audio_missing_utopia_1780384393246.webm,69f11c9f9a42a013e07426d3,audio_missing_utopia,6.605,106556
comp-result_27468/files/audio_ranking_explanation_69f11c9f9a42a013e07426d3_1780384366022.json,69f11c9f9a42a013e07426d3_audio_ranking_explanation_1780384366022.webm,69f11c9f9a42a013e07426d3,audio_ranking_explanation,40.394,650446
comp-result_27469/files/audio_missing_utopia_6296bef3248bf76cc113926b_1780385579567.json,6296bef3248bf76cc113926b_audio_missing_utopia_1780385579567.webm,6296bef3248bf76cc113926b,audio_missing_utopia,56.371,907402
comp-result_27469/files/audio_ranking_explanation_6296bef3248bf76cc113926b_1780385490951.json,6296bef3248bf76cc113926b_audio_ranking_explanation_1780385490951.webm,6296bef3248bf76cc113926b,audio_ranking_explanation,50.774,816598
comp-result_27470/files/audio_missing_utopia_6a1d2072e93c3d8f49fb7c47_1780384769250.json,6a1d2072e93c3d8f49fb7c47_audio_missing_utopia_1780384769250.webm,6a1d2072e93c3d8f49fb7c47,audio_missing_utopia,16.371,263048
comp-result_27470/files/audio_ranking_explanation_6a1d2072e93c3d8f49fb7c47_1780384734636.json,6a1d2072e93c3d8f49fb7c47_audio_ranking_explanation_1780384734636.webm,6a1d2072e93c3d8f49fb7c47,audio_ranking_explanation,34.202,550948
comp-result_27472/files/audio_missing_utopia_6714d7f42c208253099ac9d9_1780384871519.json,6714d7f42c208253099ac9d9_audio_missing_utopia_1780384871519.webm,6714d7f42c208253099ac9d9,audio_missing_utopia,25.81,415674
comp-result_27472/files/audio_ranking_explanation_6714d7f42c208253099ac9d9_1780384811654.json,6714d7f42c208253099ac9d9_audio_ranking_explanation_1780384811654.webm,6714d7f42c208253099ac9d9,audio_ranking_explanation,123.762,1992318
comp-result_27473/files/audio_missing_utopia_698a70a7fbff18d798825bbc_1780385040379.json,698a70a7fbff18d798825bbc_audio_missing_utopia_1780385040379.webm,698a70a7fbff18d798825bbc,audio_missing_utopia,34.061,405619
comp-result_27473/files/audio_ranking_explanation_698a70a7fbff18d798825bbc_1780384985720.json,698a70a7fbff18d798825bbc_audio_ranking_explanation_1780384985720.webm,698a70a7fbff18d798825bbc,audio_ranking_explanation,79.866,999986
comp-result_27474/files/audio_missing_utopia_6a07dde8fe131191c3d2be63_1780385863075.json,6a07dde8fe131191c3d2be63_audio_missing_utopia_1780385863075.webm,6a07dde8fe131191c3d2be63,audio_missing_utopia,28.903,464942
comp-result_27474/files/audio_ranking_explanation_6a07dde8fe131191c3d2be63_1780385816688.json,6a07dde8fe131191c3d2be63_audio_ranking_explanation_1780385816688.webm,6a07dde8fe131191c3d2be63,audio_ranking_explanation,39.891,641752
comp-result_27477/files/audio_missing_utopia_6a06233ac83a1d709b365e59_1780385889058.json,6a06233ac83a1d709b365e59_audio_missing_utopia_1780385889058.webm,6a06233ac83a1d709b365e59,audio_missing_utopia,52.133,837239
comp-result_27477/files/audio_ranking_explanation_6a06233ac83a1d709b365e59_1780385809939.json,6a06233ac83a1d709b365e59_audio_ranking_explanation_1780385809939.webm,6a06233ac83a1d709b365e59,audio_ranking_explanation,52.583,844646
comp-result_27478/files/audio_missing_utopia_6a1e601b20d193f9a706e875_1780387339011.json,6a1e601b20d193f9a706e875_audio_missing_utopia_1780387339011.webm,6a1e601b20d193f9a706e875,audio_missing_utopia,260.151,4188175
comp-result_27478/files/audio_ranking_explanation_6a1e601b20d193f9a706e875_1780387061783.json,6a1e601b20d193f9a706e875_audio_ranking_explanation_1780387061783.webm,6a1e601b20d193f9a706e875,audio_ranking_explanation,375.148,6004596
comp-result_27481/files/audio_missing_utopia_697d5c69036bee0ad31df6a9_1780386835007.json,697d5c69036bee0ad31df6a9_audio_missing_utopia_1780386835007.webm,697d5c69036bee0ad31df6a9,audio_missing_utopia,26.922,433064
comp-result_27481/files/audio_ranking_explanation_697d5c69036bee0ad31df6a9_1780386790592.json,697d5c69036bee0ad31df6a9_audio_ranking_explanation_1780386790592.webm,697d5c69036bee0ad31df6a9,audio_ranking_explanation,87.581,1409754
comp-result_27482/files/audio_missing_utopia_69e197974406b0a6289223db_1780387039520.json,69e197974406b0a6289223db_audio_missing_utopia_1780387039520.webm,69e197974406b0a6289223db,audio_missing_utopia,67.715,1090008
comp-result_27482/files/audio_ranking_explanation_69e197974406b0a6289223db_1780386956783.json,69e197974406b0a6289223db_audio_ranking_explanation_1780386956783.webm,69e197974406b0a6289223db,audio_ranking_explanation,147.965,2382584
comp-result_27485/files/audio_missing_utopia_6666556a57f997a0004f5e5a_1780387747647.json,6666556a57f997a0004f5e5a_audio_missing_utopia_1780387747647.webm,6666556a57f997a0004f5e5a,audio_missing_utopia,95.211,1532470
comp-result_27485/files/audio_ranking_explanation_6666556a57f997a0004f5e5a_1780387615072.json,6666556a57f997a0004f5e5a_audio_ranking_explanation_1780387615072.webm,6666556a57f997a0004f5e5a,audio_ranking_explanation,185.991,2994130
comp-result_27486/files/audio_missing_utopia_6a1cd450a79bf6b9973fa75f_1780387956310.json,6a1cd450a79bf6b9973fa75f_audio_missing_utopia_1780387956310.webm,6a1cd450a79bf6b9973fa75f,audio_missing_utopia,92.803,1493830
comp-result_27486/files/audio_ranking_explanation_6a1cd450a79bf6b9973fa75f_1780387822334.json,6a1cd450a79bf6b9973fa75f_audio_ranking_explanation_1780387822334.webm,6a1cd450a79bf6b9973fa75f,audio_ranking_explanation,210.176,3383463
comp-result_27487/files/audio_missing_utopia_6a1952e70e604793be75659b_1780388931414.json,6a1952e70e604793be75659b_audio_missing_utopia_1780388931414.webm,6a1952e70e604793be75659b,audio_missing_utopia,86.111,1386570
comp-result_27487/files/audio_ranking_explanation_6a1952e70e604793be75659b_1780388756205.json,6a1952e70e604793be75659b_audio_ranking_explanation_1780388756205.webm,6a1952e70e604793be75659b,audio_ranking_explanation,26.318,423404
comp-result_27491/files/audio_missing_utopia_69e980c89da1ccaa91f5672a_1780387991777.json,69e980c89da1ccaa91f5672a_audio_missing_utopia_1780387991777.webm,69e980c89da1ccaa91f5672a,audio_missing_utopia,28.433,459782
comp-result_27491/files/audio_ranking_explanation_69e980c89da1ccaa91f5672a_1780387943697.json,69e980c89da1ccaa91f5672a_audio_ranking_explanation_1780387943697.webm,69e980c89da1ccaa91f5672a,audio_ranking_explanation,35.135,567669
comp-result_27492/files/audio_missing_utopia_6a0fbc5c1cab3242613bd8f9_1780388806802.json,6a0fbc5c1cab3242613bd8f9_audio_missing_utopia_1780388806802.webm,6a0fbc5c1cab3242613bd8f9,audio_missing_utopia,51.929,835918
comp-result_27492/files/audio_ranking_explanation_6a0fbc5c1cab3242613bd8f9_1780388710953.json,6a0fbc5c1cab3242613bd8f9_audio_ranking_explanation_1780388710953.webm,6a0fbc5c1cab3242613bd8f9,audio_ranking_explanation,37.19,598282
comp-result_27493/files/audio_missing_utopia_69e063c7e86c982e239214ef_1780389382070.json,69e063c7e86c982e239214ef_audio_missing_utopia_1780389382070.webm,69e063c7e86c982e239214ef,audio_missing_utopia,40.021,644650
comp-result_27493/files/audio_ranking_explanation_69e063c7e86c982e239214ef_1780389330100.json,69e063c7e86c982e239214ef_audio_ranking_explanation_1780389330100.webm,69e063c7e86c982e239214ef,audio_ranking_explanation,53.638,863932
comp-result_27494/files/audio_missing_utopia_69bc0ba177847fde0a18ec3d_1780389477241.json,69bc0ba177847fde0a18ec3d_audio_missing_utopia_1780389477241.webm,69bc0ba177847fde0a18ec3d,audio_missing_utopia,11.706,187700
comp-result_27494/files/audio_ranking_explanation_69bc0ba177847fde0a18ec3d_1780389437292.json,69bc0ba177847fde0a18ec3d_audio_ranking_explanation_1780389437292.webm,69bc0ba177847fde0a18ec3d,audio_ranking_explanation,50.531,813700
comp-result_27495/files/audio_missing_utopia_69f0ef2a58d846e3bbe5a68f_1780390467442.json,69f0ef2a58d846e3bbe5a68f_audio_missing_utopia_1780390467442.webm,69f0ef2a58d846e3bbe5a68f,audio_missing_utopia,60.639,976020
comp-result_27496/files/audio_missing_utopia_6a0a28cd6f2eb90a33a396f5_1780390893975.json,6a0a28cd6f2eb90a33a396f5_audio_missing_utopia_1780390893975.webm,6a0a28cd6f2eb90a33a396f5,audio_missing_utopia,20.193,324872
comp-result_27497/files/audio_missing_utopia_655f9bb3070d42d4bc67e866_1780389656481.json,655f9bb3070d42d4bc67e866_audio_missing_utopia_1780389656481.webm,655f9bb3070d42d4bc67e866,audio_missing_utopia,35.349,569302
comp-result_27497/files/audio_ranking_explanation_655f9bb3070d42d4bc67e866_1780389614496.json,655f9bb3070d42d4bc67e866_audio_ranking_explanation_1780389614496.webm,655f9bb3070d42d4bc67e866,audio_ranking_explanation,22.154,356750
comp-result_27498/files/audio_missing_utopia_69fba866c48220909d281e3f_1780390726373.json,69fba866c48220909d281e3f_audio_missing_utopia_1780390726373.webm,69fba866c48220909d281e3f,audio_missing_utopia,126.698,2039654
comp-result_27498/files/audio_ranking_explanation_69fba866c48220909d281e3f_1780390558490.json,69fba866c48220909d281e3f_audio_ranking_explanation_1780390558490.webm,69fba866c48220909d281e3f,audio_ranking_explanation,336.131,5411233
comp-result_27502/files/audio_missing_utopia_698ce4ba931f89581ecc6d7d_1780390829551.json,698ce4ba931f89581ecc6d7d_audio_missing_utopia_1780390829551.webm,698ce4ba931f89581ecc6d7d,audio_missing_utopia,2.751,43766
comp-result_27502/files/audio_ranking_explanation_698ce4ba931f89581ecc6d7d_1780390811202.json,698ce4ba931f89581ecc6d7d_audio_ranking_explanation_1780390811202.webm,698ce4ba931f89581ecc6d7d,audio_ranking_explanation,4.185,66950
comp-result_27503/files/audio_missing_utopia_6a1e0720b565233b3d6a164c_1780390991651.json,6a1e0720b565233b3d6a164c_audio_missing_utopia_1780390991651.webm,6a1e0720b565233b3d6a164c,audio_missing_utopia,21.928,352886
comp-result_27503/files/audio_ranking_explanation_6a1e0720b565233b3d6a164c_1780390906255.json,6a1e0720b565233b3d6a164c_audio_ranking_explanation_1780390906255.webm,6a1e0720b565233b3d6a164c,audio_ranking_explanation,45.052,724828
comp-result_27504/files/audio_missing_utopia_69ee4a93e4b6f636b49e6771_1780392086106.json,69ee4a93e4b6f636b49e6771_audio_missing_utopia_1780392086106.webm,69ee4a93e4b6f636b49e6771,audio_missing_utopia,89.067,1433904
comp-result_27504/files/audio_ranking_explanation_69ee4a93e4b6f636b49e6771_1780391816358.json,69ee4a93e4b6f636b49e6771_audio_ranking_explanation_1780391816358.webm,69ee4a93e4b6f636b49e6771,audio_ranking_explanation,163.42,2630880
comp-result_27505/files/audio_missing_utopia_69cff429bb84c7afcf70990d_1780391503760.json,69cff429bb84c7afcf70990d_audio_missing_utopia_1780391503760.webm,69cff429bb84c7afcf70990d,audio_missing_utopia,98.895,1486181
comp-result_27505/files/audio_ranking_explanation_69cff429bb84c7afcf70990d_1780391369882.json,69cff429bb84c7afcf70990d_audio_ranking_explanation_1780391369882.webm,69cff429bb84c7afcf70990d,audio_ranking_explanation,153.714,2362539
comp-result_27506/files/audio_missing_utopia_6a1e12fbe135023312071997_1780391643512.json,6a1e12fbe135023312071997_audio_missing_utopia_1780391643512.webm,6a1e12fbe135023312071997,audio_missing_utopia,50.692,815632
comp-result_27506/files/audio_ranking_explanation_6a1e12fbe135023312071997_1780391568660.json,6a1e12fbe135023312071997_audio_ranking_explanation_1780391568660.webm,6a1e12fbe135023312071997,audio_ranking_explanation,100.043,1610716
comp-result_27507/files/audio_missing_utopia_6a1e3eff23e120042c4a1545_1780392693673.json,6a1e3eff23e120042c4a1545_audio_missing_utopia_1780392693673.webm,6a1e3eff23e120042c4a1545,audio_missing_utopia,119.732,1927564
comp-result_27507/files/audio_ranking_explanation_6a1e3eff23e120042c4a1545_1780392498500.json,6a1e3eff23e120042c4a1545_audio_ranking_explanation_1780392498500.webm,6a1e3eff23e120042c4a1545,audio_ranking_explanation,238.732,3843279
comp-result_27509/files/audio_missing_utopia_6a118dc3576ca8522318dfc7_1780392971319.json,6a118dc3576ca8522318dfc7_audio_missing_utopia_1780392971319.webm,6a118dc3576ca8522318dfc7,audio_missing_utopia,60.566,975054
comp-result_27509/files/audio_ranking_explanation_6a118dc3576ca8522318dfc7_1780392870531.json,6a118dc3576ca8522318dfc7_audio_ranking_explanation_1780392870531.webm,6a118dc3576ca8522318dfc7,audio_ranking_explanation,64.214,1033014
comp-result_27510/files/audio_missing_utopia_6a0fa0bb264bd2475ec1f37d_1780393187870.json,6a0fa0bb264bd2475ec1f37d_audio_missing_utopia_1780393187870.webm,6a0fa0bb264bd2475ec1f37d,audio_missing_utopia,7.106,1696
comp-result_27510/files/audio_ranking_explanation_6a0fa0bb264bd2475ec1f37d_1780393175831.json,6a0fa0bb264bd2475ec1f37d_audio_ranking_explanation_1780393175831.webm,6a0fa0bb264bd2475ec1f37d,audio_ranking_explanation,4.927,1430
comp-result_27513/files/audio_missing_utopia_69e9718147d1bb9c75f8e14f_1780393250030.json,69e9718147d1bb9c75f8e14f_audio_missing_utopia_1780393250030.webm,69e9718147d1bb9c75f8e14f,audio_missing_utopia,5.087,81440
comp-result_27513/files/audio_ranking_explanation_69e9718147d1bb9c75f8e14f_1780393192812.json,69e9718147d1bb9c75f8e14f_audio_ranking_explanation_1780393192812.webm,69e9718147d1bb9c75f8e14f,audio_ranking_explanation,9.598,153890
comp-result_27514/files/audio_missing_utopia_69f49562a94a4da9c8520aa1_1780393162696.json,69f49562a94a4da9c8520aa1_audio_missing_utopia_1780393162696.webm,69f49562a94a4da9c8520aa1,audio_missing_utopia,78.701,1266786
comp-result_27514/files/audio_ranking_explanation_69f49562a94a4da9c8520aa1_1780393051583.json,69f49562a94a4da9c8520aa1_audio_ranking_explanation_1780393051583.webm,69f49562a94a4da9c8520aa1,audio_ranking_explanation,85.333,1373046
comp-result_27515/files/audio_missing_utopia_69eb9aa32511bd79b8d72580_1780393189005.json,69eb9aa32511bd79b8d72580_audio_missing_utopia_1780393189005.webm,69eb9aa32511bd79b8d72580,audio_missing_utopia,52.27,840748
comp-result_27515/files/audio_ranking_explanation_69eb9aa32511bd79b8d72580_1780393117789.json,69eb9aa32511bd79b8d72580_audio_ranking_explanation_1780393117789.webm,69eb9aa32511bd79b8d72580,audio_ranking_explanation,39.127,630160
comp-result_27518/files/audio_missing_utopia_6a135169985a5d0aeaf2a31d_1780394279619.json,6a135169985a5d0aeaf2a31d_audio_missing_utopia_1780394279619.webm,6a135169985a5d0aeaf2a31d,audio_missing_utopia,35.156,565438
comp-result_27518/files/audio_ranking_explanation_6a135169985a5d0aeaf2a31d_1780394230365.json,6a135169985a5d0aeaf2a31d_audio_ranking_explanation_1780394230365.webm,6a135169985a5d0aeaf2a31d,audio_ranking_explanation,36.534,587656
comp-result_27519/files/audio_missing_utopia_6a0a1a914212a3ebeffd6b0f_1780393748128.json,6a0a1a914212a3ebeffd6b0f_audio_missing_utopia_1780393748128.webm,6a0a1a914212a3ebeffd6b0f,audio_missing_utopia,33.863,545152
comp-result_27519/files/audio_ranking_explanation_6a0a1a914212a3ebeffd6b0f_1780393693767.json,6a0a1a914212a3ebeffd6b0f_audio_ranking_explanation_1780393693767.webm,6a0a1a914212a3ebeffd6b0f,audio_ranking_explanation,72.108,1141179
comp-result_27520/files/audio_missing_utopia_69c8e432059037ce2956ee67_1780394033107.json,69c8e432059037ce2956ee67_audio_missing_utopia_1780394033107.webm,69c8e432059037ce2956ee67,audio_missing_utopia,34.849,560608
comp-result_27520/files/audio_ranking_explanation_69c8e432059037ce2956ee67_1780393985198.json,69c8e432059037ce2956ee67_audio_ranking_explanation_1780393985198.webm,69c8e432059037ce2956ee67,audio_ranking_explanation,91.492,1472578
comp-result_27523/files/audio_missing_utopia_69fba1f39803e63b67d49272_1780395118296.json,69fba1f39803e63b67d49272_audio_missing_utopia_1780395118296.webm,69fba1f39803e63b67d49272,audio_missing_utopia,59.422,956668
comp-result_27523/files/audio_ranking_explanation_69fba1f39803e63b67d49272_1780395027746.json,69fba1f39803e63b67d49272_audio_ranking_explanation_1780395027746.webm,69fba1f39803e63b67d49272,audio_ranking_explanation,196.066,3156418
comp-result_27525/files/audio_missing_utopia_69f14586ec194f18f9ace54f_1780395567276.json,69f14586ec194f18f9ace54f_audio_missing_utopia_1780395567276.webm,69f14586ec194f18f9ace54f,audio_missing_utopia,43.358,697780
comp-result_27525/files/audio_ranking_explanation_69f14586ec194f18f9ace54f_1780395378427.json,69f14586ec194f18f9ace54f_audio_ranking_explanation_1780395378427.webm,69f14586ec194f18f9ace54f,audio_ranking_explanation,153.752,2475354
comp-result_27527/files/audio_missing_utopia_696948d74e6e23586daf57f6_1780395007051.json,696948d74e6e23586daf57f6_audio_missing_utopia_1780395007051.webm,696948d74e6e23586daf57f6,audio_missing_utopia,94.32,1517980
comp-result_27527/files/audio_ranking_explanation_696948d74e6e23586daf57f6_1780394900330.json,696948d74e6e23586daf57f6_audio_ranking_explanation_1780394900330.webm,696948d74e6e23586daf57f6,audio_ranking_explanation,123.988,1996184
comp-result_27529/files/audio_missing_utopia_60ce89c7357eeffe77fca946_1780395716370.json,60ce89c7357eeffe77fca946_audio_missing_utopia_1780395716370.webm,60ce89c7357eeffe77fca946,audio_missing_utopia,38.863,625330
comp-result_27529/files/audio_ranking_explanation_60ce89c7357eeffe77fca946_1780395655822.json,60ce89c7357eeffe77fca946_audio_ranking_explanation_1780395655822.webm,60ce89c7357eeffe77fca946,audio_ranking_explanation,38.556,620500
comp-result_27532/files/audio_missing_utopia_69fdda7b1de3674cc53ee356_1780395717574.json,69fdda7b1de3674cc53ee356_audio_missing_utopia_1780395717574.webm,69fdda7b1de3674cc53ee356,audio_missing_utopia,38.298,1029391
comp-result_27532/files/audio_ranking_explanation_69fdda7b1de3674cc53ee356_1780395665752.json,69fdda7b1de3674cc53ee356_audio_ranking_explanation_1780395665752.webm,69fdda7b1de3674cc53ee356,audio_ranking_explanation,38.736,1046987
comp-result_27533/files/audio_missing_utopia_6a0bcc273329c00e4a7cfca9_1780399548856.json,6a0bcc273329c00e4a7cfca9_audio_missing_utopia_1780399548856.webm,6a0bcc273329c00e4a7cfca9,audio_missing_utopia,203.56,3277168
comp-result_27533/files/audio_ranking_explanation_6a0bcc273329c00e4a7cfca9_1780399027002.json,6a0bcc273329c00e4a7cfca9_audio_ranking_explanation_1780399027002.webm,6a0bcc273329c00e4a7cfca9,audio_ranking_explanation,582.953,9385629
comp-result_27534/files/audio_missing_utopia_699a00f4a3f5b24104f03fca_1780396572954.json,699a00f4a3f5b24104f03fca_audio_missing_utopia_1780396572954.webm,699a00f4a3f5b24104f03fca,audio_missing_utopia,45.97,739318
comp-result_27535/files/audio_missing_utopia_699ba39cfb07c3c928d4146d_1780396853542.json,699ba39cfb07c3c928d4146d_audio_missing_utopia_1780396853542.webm,699ba39cfb07c3c928d4146d,audio_missing_utopia,185.603,2988334
comp-result_27535/files/audio_ranking_explanation_699ba39cfb07c3c928d4146d_1780396653391.json,699ba39cfb07c3c928d4146d_audio_ranking_explanation_1780396653391.webm,699ba39cfb07c3c928d4146d,audio_ranking_explanation,115.971,1866706
comp-result_27536/files/audio_missing_utopia_6a040bdbd59cb32784363045_1780398072819.json,6a040bdbd59cb32784363045_audio_missing_utopia_1780398072819.webm,6a040bdbd59cb32784363045,audio_missing_utopia,74.802,1203829
comp-result_27537/files/audio_missing_utopia_69c6aaf2837e061bf8c5afaa_1780397037236.json,69c6aaf2837e061bf8c5afaa_audio_missing_utopia_1780397037236.webm,69c6aaf2837e061bf8c5afaa,audio_missing_utopia,20.143,323906
comp-result_27537/files/audio_ranking_explanation_69c6aaf2837e061bf8c5afaa_1780397001987.json,69c6aaf2837e061bf8c5afaa_audio_ranking_explanation_1780397001987.webm,69c6aaf2837e061bf8c5afaa,audio_ranking_explanation,119.767,1927564
comp-result_27538/files/audio_missing_utopia_69befa2e133968bfac9921bb_1780398381921.json,69befa2e133968bfac9921bb_audio_missing_utopia_1780398381921.webm,69befa2e133968bfac9921bb,audio_missing_utopia,29.837,480398
comp-result_27538/files/audio_ranking_explanation_69befa2e133968bfac9921bb_1780398344003.json,69befa2e133968bfac9921bb_audio_ranking_explanation_1780398344003.webm,69befa2e133968bfac9921bb,audio_ranking_explanation,27.372,440792
comp-result_27539/files/audio_missing_utopia_61338374ecef87bfdfd1c7bb_1780398149125.json,61338374ecef87bfdfd1c7bb_audio_missing_utopia_1780398149125.webm,61338374ecef87bfdfd1c7bb,audio_missing_utopia,78.707,1266786
comp-result_27539/files/audio_ranking_explanation_61338374ecef87bfdfd1c7bb_1780398047278.json,61338374ecef87bfdfd1c7bb_audio_ranking_explanation_1780398047278.webm,61338374ecef87bfdfd1c7bb,audio_ranking_explanation,120.742,1944020
comp-result_27540/files/audio_missing_utopia_69a51d629d67227b3f4e89cb_1780398717418.json,69a51d629d67227b3f4e89cb_audio_missing_utopia_1780398717418.webm,69a51d629d67227b3f4e89cb,audio_missing_utopia,46.573,749944
comp-result_27540/files/audio_ranking_explanation_69a51d629d67227b3f4e89cb_1780398660885.json,69a51d629d67227b3f4e89cb_audio_ranking_explanation_1780398660885.webm,69a51d629d67227b3f4e89cb,audio_ranking_explanation,130.816,2105342
comp-result_27542/files/audio_missing_utopia_69e83c91e2420c0266697081_1780397703618.json,69e83c91e2420c0266697081_audio_missing_utopia_1780397703618.webm,69e83c91e2420c0266697081,audio_missing_utopia,44.97,723862
comp-result_27542/files/audio_ranking_explanation_69e83c91e2420c0266697081_1780397644122.json,69e83c91e2420c0266697081_audio_ranking_explanation_1780397644122.webm,69e83c91e2420c0266697081,audio_ranking_explanation,266.305,4287673
comp-result_27543/files/audio_missing_utopia_6a1dc4c9608b0c2be8b3e155_1780397369743.json,6a1dc4c9608b0c2be8b3e155_audio_missing_utopia_1780397369743.webm,6a1dc4c9608b0c2be8b3e155,audio_missing_utopia,3.89,61985
comp-result_27543/files/audio_ranking_explanation_6a1dc4c9608b0c2be8b3e155_1780397349809.json,6a1dc4c9608b0c2be8b3e155_audio_ranking_explanation_1780397349809.webm,6a1dc4c9608b0c2be8b3e155,audio_ranking_explanation,20.457,328601
comp-result_27544/files/audio_missing_utopia_6a097d48727aa9f0ed80980e_1780397816814.json,6a097d48727aa9f0ed80980e_audio_missing_utopia_1780397816814.webm,6a097d48727aa9f0ed80980e,audio_missing_utopia,16.677,267878
comp-result_27544/files/audio_ranking_explanation_6a097d48727aa9f0ed80980e_1780397787801.json,6a097d48727aa9f0ed80980e_audio_ranking_explanation_1780397787801.webm,6a097d48727aa9f0ed80980e,audio_ranking_explanation,27.811,447554
comp-result_27549/files/audio_missing_utopia_6a0e1bb9007c77ed742177fd_1780398948465.json,6a0e1bb9007c77ed742177fd_audio_missing_utopia_1780398948465.webm,6a0e1bb9007c77ed742177fd,audio_missing_utopia,97.08,1562416
comp-result_27549/files/audio_ranking_explanation_6a0e1bb9007c77ed742177fd_1780398822407.json,6a0e1bb9007c77ed742177fd_audio_ranking_explanation_1780398822407.webm,6a0e1bb9007c77ed742177fd,audio_ranking_explanation,181.618,2923612
comp-result_27550/files/audio_missing_utopia_63b6be1516a2c70bb43fbccd_1780398924597.json,63b6be1516a2c70bb43fbccd_audio_missing_utopia_1780398924597.webm,63b6be1516a2c70bb43fbccd,audio_missing_utopia,120.254,3207110
comp-result_27550/files/audio_ranking_explanation_63b6be1516a2c70bb43fbccd_1780398780725.json,63b6be1516a2c70bb43fbccd_audio_ranking_explanation_1780398780725.webm,63b6be1516a2c70bb43fbccd,audio_ranking_explanation,124.686,3337696
comp-result_27551/files/audio_missing_utopia_6a05ba89c966c0fa42d112d6_1780399005555.json,6a05ba89c966c0fa42d112d6_audio_missing_utopia_1780399005555.webm,6a05ba89c966c0fa42d112d6,audio_missing_utopia,66.393,1068589
comp-result_27551/files/audio_ranking_explanation_6a05ba89c966c0fa42d112d6_1780398920251.json,6a05ba89c966c0fa42d112d6_audio_ranking_explanation_1780398920251.webm,6a05ba89c966c0fa42d112d6,audio_ranking_explanation,129.658,2086787
comp-result_27552/files/audio_missing_utopia_6a04c0e236a93ae493d6aaf5_1780399260182.json,6a04c0e236a93ae493d6aaf5_audio_missing_utopia_1780399260182.webm,6a04c0e236a93ae493d6aaf5,audio_missing_utopia,20.692,332600
comp-result_27552/files/audio_ranking_explanation_6a04c0e236a93ae493d6aaf5_1780399204982.json,6a04c0e236a93ae493d6aaf5_audio_ranking_explanation_1780399204982.webm,6a04c0e236a93ae493d6aaf5,audio_ranking_explanation,21.058,338396
comp-result_27555/files/audio_missing_utopia_69ea85a781acc0db1d9ebd8f_1780399463996.json,69ea85a781acc0db1d9ebd8f_audio_missing_utopia_1780399463996.webm,69ea85a781acc0db1d9ebd8f,audio_missing_utopia,19.914,320042
comp-result_27555/files/audio_ranking_explanation_69ea85a781acc0db1d9ebd8f_1780399396686.json,69ea85a781acc0db1d9ebd8f_audio_ranking_explanation_1780399396686.webm,69ea85a781acc0db1d9ebd8f,audio_ranking_explanation,62.946,1012728
comp-result_27558/files/audio_missing_utopia_691ca2d38b8a43121da1e781_1780399412242.json,691ca2d38b8a43121da1e781_audio_missing_utopia_1780399412242.webm,691ca2d38b8a43121da1e781,audio_missing_utopia,52.592,846544
comp-result_27558/files/audio_ranking_explanation_691ca2d38b8a43121da1e781_1780399339029.json,691ca2d38b8a43121da1e781_audio_ranking_explanation_1780399339029.webm,691ca2d38b8a43121da1e781,audio_ranking_explanation,121.623,1958510
comp-result_27559/files/audio_missing_utopia_69dfcf2e08825e91a38a5c17_1780399597448.json,69dfcf2e08825e91a38a5c17_audio_missing_utopia_1780399597448.webm,69dfcf2e08825e91a38a5c17,audio_missing_utopia,12.977,208952
comp-result_27559/files/audio_ranking_explanation_69dfcf2e08825e91a38a5c17_1780399569763.json,69dfcf2e08825e91a38a5c17_audio_ranking_explanation_1780399569763.webm,69dfcf2e08825e91a38a5c17,audio_ranking_explanation,84.683,1363386
comp-result_27561/files/audio_missing_utopia_58a1fe40ea3d11000170d9b9_1780400221117.json,58a1fe40ea3d11000170d9b9_audio_missing_utopia_1780400221117.webm,58a1fe40ea3d11000170d9b9,audio_missing_utopia,48.508,780856
comp-result_27561/files/audio_ranking_explanation_58a1fe40ea3d11000170d9b9_1780400149878.json,58a1fe40ea3d11000170d9b9_audio_ranking_explanation_1780400149878.webm,58a1fe40ea3d11000170d9b9,audio_ranking_explanation,102.353,1647424
comp-result_27565/files/audio_missing_utopia_6a0d057504f95ac3cb8c5794_1780401082851.json,6a0d057504f95ac3cb8c5794_audio_missing_utopia_1780401082851.webm,6a0d057504f95ac3cb8c5794,audio_missing_utopia,62.531,1005966
comp-result_27565/files/audio_ranking_explanation_6a0d057504f95ac3cb8c5794_1780400997940.json,6a0d057504f95ac3cb8c5794_audio_ranking_explanation_1780400997940.webm,6a0d057504f95ac3cb8c5794,audio_ranking_explanation,174.859,2815386
comp-result_27567/files/audio_missing_utopia_6a0213950776ba356a324177_1780402328169.json,6a0213950776ba356a324177_audio_missing_utopia_1780402328169.webm,6a0213950776ba356a324177,audio_missing_utopia,5.036,80474
comp-result_27567/files/audio_ranking_explanation_6a0213950776ba356a324177_1780402273746.json,6a0213950776ba356a324177_audio_ranking_explanation_1780402273746.webm,6a0213950776ba356a324177,audio_ranking_explanation,23.417,377036
comp-result_27568/files/audio_missing_utopia_6a09e70ed4f900f0db78254f_1780401805031.json,6a09e70ed4f900f0db78254f_audio_missing_utopia_1780401805031.webm,6a09e70ed4f900f0db78254f,audio_missing_utopia,30.373,489124
comp-result_27568/files/audio_ranking_explanation_6a09e70ed4f900f0db78254f_1780401757827.json,6a09e70ed4f900f0db78254f_audio_ranking_explanation_1780401757827.webm,6a09e70ed4f900f0db78254f,audio_ranking_explanation,138.885,2235752
comp-result_27570/files/audio_missing_utopia_69d674ffe1b69e81eb00dee2_1780401587402.json,69d674ffe1b69e81eb00dee2_audio_missing_utopia_1780401587402.webm,69d674ffe1b69e81eb00dee2,audio_missing_utopia,67.977,1093872
comp-result_27570/files/audio_ranking_explanation_69d674ffe1b69e81eb00dee2_1780401499607.json,69d674ffe1b69e81eb00dee2_audio_ranking_explanation_1780401499607.webm,69d674ffe1b69e81eb00dee2,audio_ranking_explanation,186.697,3005722
comp-result_27572/files/audio_missing_utopia_6a04bb8d89ca054e84cf57b3_1780401415822.json,6a04bb8d89ca054e84cf57b3_audio_missing_utopia_1780401415822.webm,6a04bb8d89ca054e84cf57b3,audio_missing_utopia,35.244,567370
comp-result_27572/files/audio_ranking_explanation_6a04bb8d89ca054e84cf57b3_1780401369211.json,6a04bb8d89ca054e84cf57b3_audio_ranking_explanation_1780401369211.webm,6a04bb8d89ca054e84cf57b3,audio_ranking_explanation,121.742,1959476
comp-result_27573/files/audio_missing_utopia_69e7ded4f1a24a777d92e59a_1780401226995.json,69e7ded4f1a24a777d92e59a_audio_missing_utopia_1780401226995.webm,69e7ded4f1a24a777d92e59a,audio_missing_utopia,33.765,543220
comp-result_27573/files/audio_ranking_explanation_69e7ded4f1a24a777d92e59a_1780401178405.json,69e7ded4f1a24a777d92e59a_audio_ranking_explanation_1780401178405.webm,69e7ded4f1a24a777d92e59a,audio_ranking_explanation,56.175,904504
comp-result_27574/files/audio_missing_utopia_698a4bcb96c388d31b40916a_1780401263781.json,698a4bcb96c388d31b40916a_audio_missing_utopia_1780401263781.webm,698a4bcb96c388d31b40916a,audio_missing_utopia,6.963,111386
comp-result_27574/files/audio_ranking_explanation_698a4bcb96c388d31b40916a_1780401249168.json,698a4bcb96c388d31b40916a_audio_ranking_explanation_1780401249168.webm,698a4bcb96c388d31b40916a,audio_ranking_explanation,23.836,383798
comp-result_27575/files/audio_missing_utopia_6a0daeb41822c6ae499edbb8_1780401649037.json,6a0daeb41822c6ae499edbb8_audio_missing_utopia_1780401649037.webm,6a0daeb41822c6ae499edbb8,audio_missing_utopia,33.457,538390
comp-result_27575/files/audio_ranking_explanation_6a0daeb41822c6ae499edbb8_1780401602639.json,6a0daeb41822c6ae499edbb8_audio_ranking_explanation_1780401602639.webm,6a0daeb41822c6ae499edbb8,audio_ranking_explanation,111.301,1791358
comp-result_27576/files/audio_missing_utopia_66b38d503ed52b99179c870e_1780402921854.json,66b38d503ed52b99179c870e_audio_missing_utopia_1780402921854.webm,66b38d503ed52b99179c870e,audio_missing_utopia,85.863,1381740
comp-result_27576/files/audio_ranking_explanation_66b38d503ed52b99179c870e_1780402814027.json,66b38d503ed52b99179c870e_audio_ranking_explanation_1780402814027.webm,66b38d503ed52b99179c870e,audio_ranking_explanation,94.964,1528606
comp-result_27577/files/audio_missing_utopia_69ea7367c2fff52ec22449cd_1780402096476.json,69ea7367c2fff52ec22449cd_audio_missing_utopia_1780402096476.webm,69ea7367c2fff52ec22449cd,audio_missing_utopia,39.96,642718
comp-result_27577/files/audio_ranking_explanation_69ea7367c2fff52ec22449cd_1780402045605.json,69ea7367c2fff52ec22449cd_audio_ranking_explanation_1780402045605.webm,69ea7367c2fff52ec22449cd,audio_ranking_explanation,57.348,922858
comp-result_27578/files/audio_missing_utopia_664bc61062c2afbacbb5f2f8_1780402345846.json,664bc61062c2afbacbb5f2f8_audio_missing_utopia_1780402345846.webm,664bc61062c2afbacbb5f2f8,audio_missing_utopia,26.677,429200
comp-result_27578/files/audio_ranking_explanation_664bc61062c2afbacbb5f2f8_1780402298820.json,664bc61062c2afbacbb5f2f8_audio_ranking_explanation_1780402298820.webm,664bc61062c2afbacbb5f2f8,audio_ranking_explanation,113.511,1827100
comp-result_27579/files/audio_missing_utopia_69f8efeeb3152a5e550bf057_1780402315988.json,69f8efeeb3152a5e550bf057_audio_missing_utopia_1780402315988.webm,69f8efeeb3152a5e550bf057,audio_missing_utopia,8.861,142298
comp-result_27579/files/audio_ranking_explanation_69f8efeeb3152a5e550bf057_1780402294873.json,69f8efeeb3152a5e550bf057_audio_ranking_explanation_1780402294873.webm,69f8efeeb3152a5e550bf057,audio_ranking_explanation,145.506,2342012
comp-result_27580/files/audio_missing_utopia_69f0d6ece0af9c37a6adc97c_1780402720042.json,69f0d6ece0af9c37a6adc97c_audio_missing_utopia_1780402720042.webm,69f0d6ece0af9c37a6adc97c,audio_missing_utopia,86.168,1386403
comp-result_27580/files/audio_ranking_explanation_69f0d6ece0af9c37a6adc97c_1780402508143.json,69f0d6ece0af9c37a6adc97c_audio_ranking_explanation_1780402508143.webm,69f0d6ece0af9c37a6adc97c,audio_ranking_explanation,64.195,1032847
comp-result_27581/files/audio_missing_utopia_5c04872c55614800012b7cf0_1780402801135.json,5c04872c55614800012b7cf0_audio_missing_utopia_1780402801135.webm,5c04872c55614800012b7cf0,audio_missing_utopia,45.496,732556
comp-result_27581/files/audio_ranking_explanation_5c04872c55614800012b7cf0_1780402729049.json,5c04872c55614800012b7cf0_audio_ranking_explanation_1780402729049.webm,5c04872c55614800012b7cf0,audio_ranking_explanation,110.284,1774936
comp-result_27583/files/audio_missing_utopia_69fc6d63d6ac9d6a76e329ad_1780402927185.json,69fc6d63d6ac9d6a76e329ad_audio_missing_utopia_1780402927185.webm,69fc6d63d6ac9d6a76e329ad,audio_missing_utopia,99.451,1601056
comp-result_27583/files/audio_ranking_explanation_69fc6d63d6ac9d6a76e329ad_1780402809307.json,69fc6d63d6ac9d6a76e329ad_audio_ranking_explanation_1780402809307.webm,69fc6d63d6ac9d6a76e329ad,audio_ranking_explanation,188.696,3037600
comp-result_27584/files/audio_missing_utopia_6a14979f3b71a45ef4c10048_1780403149358.json,6a14979f3b71a45ef4c10048_audio_missing_utopia_1780403149358.webm,6a14979f3b71a45ef4c10048,audio_missing_utopia,84.065,1389108
comp-result_27584/files/audio_ranking_explanation_6a14979f3b71a45ef4c10048_1780403049814.json,6a14979f3b71a45ef4c10048_audio_ranking_explanation_1780403049814.webm,6a14979f3b71a45ef4c10048,audio_ranking_explanation,151.53,2503384
comp-result_27585/files/audio_missing_utopia_6a1eb325aee064a08a749fe9_1780403008848.json,6a1eb325aee064a08a749fe9_audio_missing_utopia_1780403008848.webm,6a1eb325aee064a08a749fe9,audio_missing_utopia,47.606,756875
comp-result_27585/files/audio_ranking_explanation_6a1eb325aee064a08a749fe9_1780402939330.json,6a1eb325aee064a08a749fe9_audio_ranking_explanation_1780402939330.webm,6a1eb325aee064a08a749fe9,audio_ranking_explanation,80.704,1290118
comp-result_27586/files/audio_missing_utopia_69e67cd1550480b8c9967eeb_1780404391698.json,69e67cd1550480b8c9967eeb_audio_missing_utopia_1780404391698.webm,69e67cd1550480b8c9967eeb,audio_missing_utopia,15.203,244694
comp-result_27586/files/audio_ranking_explanation_69e67cd1550480b8c9967eeb_1780404365384.json,69e67cd1550480b8c9967eeb_audio_ranking_explanation_1780404365384.webm,69e67cd1550480b8c9967eeb,audio_ranking_explanation,32.553,523900
comp-result_27587/files/audio_missing_utopia_5f50b1bbe29c992335098fb1_1780403581586.json,5f50b1bbe29c992335098fb1_audio_missing_utopia_1780403581586.webm,5f50b1bbe29c992335098fb1,audio_missing_utopia,34.283,551914
comp-result_27587/files/audio_ranking_explanation_5f50b1bbe29c992335098fb1_1780403514848.json,5f50b1bbe29c992335098fb1_audio_ranking_explanation_1780403514848.webm,5f50b1bbe29c992335098fb1,audio_ranking_explanation,95.631,1539232
comp-result_27588/files/audio_missing_utopia_6a13540ccbc7a07cfa404887_1780403572644.json,6a13540ccbc7a07cfa404887_audio_missing_utopia_1780403572644.webm,6a13540ccbc7a07cfa404887,audio_missing_utopia,50.722,816598
comp-result_27588/files/audio_ranking_explanation_6a13540ccbc7a07cfa404887_1780403413720.json,6a13540ccbc7a07cfa404887_audio_ranking_explanation_1780403413720.webm,6a13540ccbc7a07cfa404887,audio_ranking_explanation,109.565,1764310
comp-result_27589/files/audio_missing_utopia_69dbba2af76a02c2bbb1c3f7_1780402879035.json,69dbba2af76a02c2bbb1c3f7_audio_missing_utopia_1780402879035.webm,69dbba2af76a02c2bbb1c3f7,audio_missing_utopia,13.688,219578
comp-result_27589/files/audio_ranking_explanation_69dbba2af76a02c2bbb1c3f7_1780402851322.json,69dbba2af76a02c2bbb1c3f7_audio_ranking_explanation_1780402851322.webm,69dbba2af76a02c2bbb1c3f7,audio_ranking_explanation,25.913,416642
comp-result_27590/files/audio_missing_utopia_6a14d8fd539a02a7fe9b4980_1780403479223.json,6a14d8fd539a02a7fe9b4980_audio_missing_utopia_1780403479223.webm,6a14d8fd539a02a7fe9b4980,audio_missing_utopia,67.701,1090008
comp-result_27590/files/audio_ranking_explanation_6a14d8fd539a02a7fe9b4980_1780403400756.json,6a14d8fd539a02a7fe9b4980_audio_ranking_explanation_1780403400756.webm,6a14d8fd539a02a7fe9b4980,audio_ranking_explanation,157.231,2531382
comp-result_27591/files/audio_missing_utopia_69c6b743152dbd93f339bdff_1780403956244.json,69c6b743152dbd93f339bdff_audio_missing_utopia_1780403956244.webm,69c6b743152dbd93f339bdff,audio_missing_utopia,42.228,679426
comp-result_27591/files/audio_ranking_explanation_69c6b743152dbd93f339bdff_1780403750487.json,69c6b743152dbd93f339bdff_audio_ranking_explanation_1780403750487.webm,69c6b743152dbd93f339bdff,audio_ranking_explanation,171.857,2767086
comp-result_27593/files/audio_missing_utopia_69bf5ff40b94d1ab39ec795e_1780404481308.json,69bf5ff40b94d1ab39ec795e_audio_missing_utopia_1780404481308.webm,69bf5ff40b94d1ab39ec795e,audio_missing_utopia,55.03,886150
comp-result_27593/files/audio_ranking_explanation_69bf5ff40b94d1ab39ec795e_1780404149218.json,69bf5ff40b94d1ab39ec795e_audio_ranking_explanation_1780404149218.webm,69bf5ff40b94d1ab39ec795e,audio_ranking_explanation,150.707,2426088
comp-result_27594/files/audio_missing_utopia_69caa04535e88acc639b3656_1780404762410.json,69caa04535e88acc639b3656_audio_missing_utopia_1780404762410.webm,69caa04535e88acc639b3656,audio_missing_utopia,43.441,698746
comp-result_27594/files/audio_ranking_explanation_69caa04535e88acc639b3656_1780404674269.json,69caa04535e88acc639b3656_audio_ranking_explanation_1780404674269.webm,69caa04535e88acc639b3656,audio_ranking_explanation,71.717,1153764
comp-result_27596/files/audio_missing_utopia_6a0a337f18eb5d251e3fff02_1780404028446.json,6a0a337f18eb5d251e3fff02_audio_missing_utopia_1780404028446.webm,6a0a337f18eb5d251e3fff02,audio_missing_utopia,74.518,1199166
comp-result_27596/files/audio_ranking_explanation_6a0a337f18eb5d251e3fff02_1780403932453.json,6a0a337f18eb5d251e3fff02_audio_ranking_explanation_1780403932453.webm,6a0a337f18eb5d251e3fff02,audio_ranking_explanation,89.07,1433904
comp-result_27597/files/audio_missing_utopia_6a148fec1af42aeeffddea3d_1780404305458.json,6a148fec1af42aeeffddea3d_audio_missing_utopia_1780404305458.webm,6a148fec1af42aeeffddea3d,audio_missing_utopia,54.645,1475599
comp-result_27597/files/audio_ranking_explanation_6a148fec1af42aeeffddea3d_1780404237698.json,6a148fec1af42aeeffddea3d_audio_ranking_explanation_1780404237698.webm,6a148fec1af42aeeffddea3d,audio_ranking_explanation,103.169,2792730
comp-result_27598/files/audio_missing_utopia_6a1cc806227a3142ceb4df72_1780404236832.json,6a1cc806227a3142ceb4df72_audio_missing_utopia_1780404236832.webm,6a1cc806227a3142ceb4df72,audio_missing_utopia,64.838,1043640
comp-result_27598/files/audio_ranking_explanation_6a1cc806227a3142ceb4df72_1780404154598.json,6a1cc806227a3142ceb4df72_audio_ranking_explanation_1780404154598.webm,6a1cc806227a3142ceb4df72,audio_ranking_explanation,180.306,2902360
comp-result_27599/files/audio_missing_utopia_6a08835adcebea92d39aa175_1780404152999.json,6a08835adcebea92d39aa175_audio_missing_utopia_1780404152999.webm,6a08835adcebea92d39aa175,audio_missing_utopia,35.344,568336
comp-result_27599/files/audio_ranking_explanation_6a08835adcebea92d39aa175_1780404100139.json,6a08835adcebea92d39aa175_audio_ranking_explanation_1780404100139.webm,6a08835adcebea92d39aa175,audio_ranking_explanation,141.245,2273426
comp-result_27602/files/audio_missing_utopia_6784504cf334fb89fcf7f49e_1780404548617.json,6784504cf334fb89fcf7f49e_audio_missing_utopia_1780404548617.webm,6784504cf334fb89fcf7f49e,audio_missing_utopia,32.567,523749
comp-result_27602/files/audio_ranking_explanation_6784504cf334fb89fcf7f49e_1780404475810.json,6784504cf334fb89fcf7f49e_audio_ranking_explanation_1780404475810.webm,6784504cf334fb89fcf7f49e,audio_ranking_explanation,60.463,972955
comp-result_27603/files/audio_missing_utopia_697cd0433f63f30292b20c1b_1780404869979.json,697cd0433f63f30292b20c1b_audio_missing_utopia_1780404869979.webm,697cd0433f63f30292b20c1b,audio_missing_utopia,108.013,1739194
comp-result_27603/files/audio_ranking_explanation_697cd0433f63f30292b20c1b_1780404642286.json,697cd0433f63f30292b20c1b_audio_ranking_explanation_1780404642286.webm,697cd0433f63f30292b20c1b,audio_ranking_explanation,118.404,1906312
comp-result_27605/files/audio_missing_utopia_6a0516eb6b8a9b19c4df58be_1780405726517.json,6a0516eb6b8a9b19c4df58be_audio_missing_utopia_1780405726517.webm,6a0516eb6b8a9b19c4df58be,audio_missing_utopia,47.886,770230
comp-result_27605/files/audio_ranking_explanation_6a0516eb6b8a9b19c4df58be_1780405624718.json,6a0516eb6b8a9b19c4df58be_audio_ranking_explanation_1780405624718.webm,6a0516eb6b8a9b19c4df58be,audio_ranking_explanation,301.163,4848021
comp-result_27607/files/audio_missing_utopia_6a1c990b43838fd3a302fedf_1780404819890.json,6a1c990b43838fd3a302fedf_audio_missing_utopia_1780404819890.webm,6a1c990b43838fd3a302fedf,audio_missing_utopia,45.72,736420
comp-result_27607/files/audio_ranking_explanation_6a1c990b43838fd3a302fedf_1780404734079.json,6a1c990b43838fd3a302fedf_audio_ranking_explanation_1780404734079.webm,6a1c990b43838fd3a302fedf,audio_ranking_explanation,81.789,1317018
comp-result_27608/files/audio_missing_utopia_663ff8ce62a847c71db3e8e6_1780405161414.json,663ff8ce62a847c71db3e8e6_audio_missing_utopia_1780405161414.webm,663ff8ce62a847c71db3e8e6,audio_missing_utopia,100.104,1611682
comp-result_27608/files/audio_ranking_explanation_663ff8ce62a847c71db3e8e6_1780405042895.json,663ff8ce62a847c71db3e8e6_audio_ranking_explanation_1780405042895.webm,663ff8ce62a847c71db3e8e6,audio_ranking_explanation,178.206,2868516
comp-result_27609/files/audio_missing_utopia_6a1dcc3b22e5ae41876d613e_1780405505925.json,6a1dcc3b22e5ae41876d613e_audio_missing_utopia_1780405505925.webm,6a1dcc3b22e5ae41876d613e,audio_missing_utopia,92.35,1487068
comp-result_27609/files/audio_ranking_explanation_6a1dcc3b22e5ae41876d613e_1780405396370.json,6a1dcc3b22e5ae41876d613e_audio_ranking_explanation_1780405396370.webm,6a1dcc3b22e5ae41876d613e,audio_ranking_explanation,224.881,3620133
comp-result_27610/files/audio_missing_utopia_5e6439d24659d01c218bcbc9_1780404719918.json,5e6439d24659d01c218bcbc9_audio_missing_utopia_1780404719918.webm,5e6439d24659d01c218bcbc9,audio_missing_utopia,34.734,558676
comp-result_27610/files/audio_ranking_explanation_5e6439d24659d01c218bcbc9_1780404675067.json,5e6439d24659d01c218bcbc9_audio_ranking_explanation_1780404675067.webm,5e6439d24659d01c218bcbc9,audio_ranking_explanation,67.185,1081314
comp-result_27611/files/audio_missing_utopia_69eeeb8ffdb5683bcd4c404c_1780406483827.json,69eeeb8ffdb5683bcd4c404c_audio_missing_utopia_1780406483827.webm,69eeeb8ffdb5683bcd4c404c,audio_missing_utopia,55.133,887116
comp-result_27611/files/audio_ranking_explanation_69eeeb8ffdb5683bcd4c404c_1780406416579.json,69eeeb8ffdb5683bcd4c404c_audio_ranking_explanation_1780406416579.webm,69eeeb8ffdb5683bcd4c404c,audio_ranking_explanation,57.999,933484
comp-result_27613/files/audio_missing_utopia_6942b9546065aeb7e30fd87a_1780405509342.json,6942b9546065aeb7e30fd87a_audio_missing_utopia_1780405509342.webm,6942b9546065aeb7e30fd87a,audio_missing_utopia,15.478,248558
comp-result_27613/files/audio_ranking_explanation_6942b9546065aeb7e30fd87a_1780405435015.json,6942b9546065aeb7e30fd87a_audio_ranking_explanation_1780405435015.webm,6942b9546065aeb7e30fd87a,audio_ranking_explanation,57.776,929620
comp-result_27614/files/audio_missing_utopia_69a07eca2f369e740df3a36e_1780405769689.json,69a07eca2f369e740df3a36e_audio_missing_utopia_1780405769689.webm,69a07eca2f369e740df3a36e,audio_missing_utopia,41.21,663004
comp-result_27614/files/audio_ranking_explanation_69a07eca2f369e740df3a36e_1780405654315.json,69a07eca2f369e740df3a36e_audio_ranking_explanation_1780405654315.webm,69a07eca2f369e740df3a36e,audio_ranking_explanation,164.427,2647302
comp-result_27616/files/audio_missing_utopia_6a00b8ac3d945373290b0f29_1780405399150.json,6a00b8ac3d945373290b0f29_audio_missing_utopia_1780405399150.webm,6a00b8ac3d945373290b0f29,audio_missing_utopia,28.688,462044
comp-result_27616/files/audio_ranking_explanation_6a00b8ac3d945373290b0f29_1780405356510.json,6a00b8ac3d945373290b0f29_audio_ranking_explanation_1780405356510.webm,6a00b8ac3d945373290b0f29,audio_ranking_explanation,50.387,810802
comp-result_27617/files/audio_missing_utopia_698a3b03581c58e0e5b68abf_1780406933054.json,698a3b03581c58e0e5b68abf_audio_missing_utopia_1780406933054.webm,698a3b03581c58e0e5b68abf,audio_missing_utopia,19.721,317144
comp-result_27617/files/audio_ranking_explanation_698a3b03581c58e0e5b68abf_1780406896768.json,698a3b03581c58e0e5b68abf_audio_ranking_explanation_1780406896768.webm,698a3b03581c58e0e5b68abf,audio_ranking_explanation,53.925,867796
comp-result_27619/files/audio_missing_utopia_69432f5eec27bf29567095f7_1780406869729.json,69432f5eec27bf29567095f7_audio_missing_utopia_1780406869729.webm,69432f5eec27bf29567095f7,audio_missing_utopia,157.912,2542008
comp-result_27619/files/audio_ranking_explanation_69432f5eec27bf29567095f7_1780406701861.json,69432f5eec27bf29567095f7_audio_ranking_explanation_1780406701861.webm,69432f5eec27bf29567095f7,audio_ranking_explanation,340.266,5477887
comp-result_27620/files/audio_missing_utopia_6a1badb449d53fd4fe6cfabe_1780405829316.json,6a1badb449d53fd4fe6cfabe_audio_missing_utopia_1780405829316.webm,6a1badb449d53fd4fe6cfabe,audio_missing_utopia,30.194,486226
comp-result_27620/files/audio_ranking_explanation_6a1badb449d53fd4fe6cfabe_1780405774114.json,6a1badb449d53fd4fe6cfabe_audio_ranking_explanation_1780405774114.webm,6a1badb449d53fd4fe6cfabe,audio_ranking_explanation,46.392,747046
comp-result_27621/files/audio_missing_utopia_69ffe5da917d458e31b7f33c_1780406146364.json,69ffe5da917d458e31b7f33c_audio_missing_utopia_1780406146364.webm,69ffe5da917d458e31b7f33c,audio_missing_utopia,56.14,903538
comp-result_27621/files/audio_ranking_explanation_69ffe5da917d458e31b7f33c_1780406047469.json,69ffe5da917d458e31b7f33c_audio_ranking_explanation_1780406047469.webm,69ffe5da917d458e31b7f33c,audio_ranking_explanation,68.3,1099668
comp-result_27623/files/audio_missing_utopia_698a3b03581c58e0e5b68abf_1780408097699.json,698a3b03581c58e0e5b68abf_audio_missing_utopia_1780408097699.webm,698a3b03581c58e0e5b68abf,audio_missing_utopia,23.31,375104
comp-result_27623/files/audio_ranking_explanation_698a3b03581c58e0e5b68abf_1780408065710.json,698a3b03581c58e0e5b68abf_audio_ranking_explanation_1780408065710.webm,698a3b03581c58e0e5b68abf,audio_ranking_explanation,44.149,710338
comp-result_27624/files/audio_missing_utopia_6a0e17f56a5029d874631975_1780406282474.json,6a0e17f56a5029d874631975_audio_missing_utopia_1780406282474.webm,6a0e17f56a5029d874631975,audio_missing_utopia,16.102,259184
comp-result_27624/files/audio_ranking_explanation_6a0e17f56a5029d874631975_1780406243314.json,6a0e17f56a5029d874631975_audio_ranking_explanation_1780406243314.webm,6a0e17f56a5029d874631975,audio_ranking_explanation,21.521,346124
comp-result_27626/files/audio_missing_utopia_69fa44cccc681b5f8be84e23_1780406606127.json,69fa44cccc681b5f8be84e23_audio_missing_utopia_1780406606127.webm,69fa44cccc681b5f8be84e23,audio_missing_utopia,20.275,325838
comp-result_27626/files/audio_ranking_explanation_69fa44cccc681b5f8be84e23_1780406568293.json,69fa44cccc681b5f8be84e23_audio_ranking_explanation_1780406568293.webm,69fa44cccc681b5f8be84e23,audio_ranking_explanation,168.697,2715888
comp-result_27627/files/audio_missing_utopia_699313b98002a6139c85af1a_1780407691599.json,699313b98002a6139c85af1a_audio_missing_utopia_1780407691599.webm,699313b98002a6139c85af1a,audio_missing_utopia,40.939,659140
comp-result_27627/files/audio_ranking_explanation_699313b98002a6139c85af1a_1780407625227.json,699313b98002a6139c85af1a_audio_ranking_explanation_1780407625227.webm,699313b98002a6139c85af1a,audio_ranking_explanation,52.001,836884
comp-result_27628/files/audio_missing_utopia_6a0122424f5dfae04edaa4b4_1780406789431.json,6a0122424f5dfae04edaa4b4_audio_missing_utopia_1780406789431.webm,6a0122424f5dfae04edaa4b4,audio_missing_utopia,80.87,1301562
comp-result_27628/files/audio_ranking_explanation_6a0122424f5dfae04edaa4b4_1780406691561.json,6a0122424f5dfae04edaa4b4_audio_ranking_explanation_1780406691561.webm,6a0122424f5dfae04edaa4b4,audio_ranking_explanation,80.326,1292868
comp-result_27629/files/audio_missing_utopia_69ffa3efb10faa3cf2733a24_1780408223015.json,69ffa3efb10faa3cf2733a24_audio_missing_utopia_1780408223015.webm,69ffa3efb10faa3cf2733a24,audio_missing_utopia,33.043,531628
comp-result_27629/files/audio_ranking_explanation_69ffa3efb10faa3cf2733a24_1780408118849.json,69ffa3efb10faa3cf2733a24_audio_ranking_explanation_1780408118849.webm,69ffa3efb10faa3cf2733a24,audio_ranking_explanation,231.559,3728325
comp-result_27630/files/audio_missing_utopia_627a65a2439f59544115d476_1780406248409.json,627a65a2439f59544115d476_audio_missing_utopia_1780406248409.webm,627a65a2439f59544115d476,audio_missing_utopia,25.5,409880
comp-result_27630/files/audio_ranking_explanation_627a65a2439f59544115d476_1780406199344.json,627a65a2439f59544115d476_audio_ranking_explanation_1780406199344.webm,627a65a2439f59544115d476,audio_ranking_explanation,31.175,501682
comp-result_27632/files/audio_missing_utopia_69ee82889c93673d3fe5ff5a_1780407499522.json,69ee82889c93673d3fe5ff5a_audio_missing_utopia_1780407499522.webm,69ee82889c93673d3fe5ff5a,audio_missing_utopia,23.082,371240
comp-result_27632/files/audio_ranking_explanation_69ee82889c93673d3fe5ff5a_1780407392621.json,69ee82889c93673d3fe5ff5a_audio_ranking_explanation_1780407392621.webm,69ee82889c93673d3fe5ff5a,audio_ranking_explanation,35.58,572200
comp-result_27633/files/audio_missing_utopia_615509a589a34f7cb9fb075f_1780406694980.json,615509a589a34f7cb9fb075f_audio_missing_utopia_1780406694980.webm,615509a589a34f7cb9fb075f,audio_missing_utopia,17.47,281402
comp-result_27633/files/audio_ranking_explanation_615509a589a34f7cb9fb075f_1780406666022.json,615509a589a34f7cb9fb075f_audio_ranking_explanation_1780406666022.webm,615509a589a34f7cb9fb075f,audio_ranking_explanation,28.066,451418
comp-result_27634/files/audio_missing_utopia_69fb69fc0d2413c89f9896e6_1780406507993.json,69fb69fc0d2413c89f9896e6_audio_missing_utopia_1780406507993.webm,69fb69fc0d2413c89f9896e6,audio_missing_utopia,25.609,411812
comp-result_27634/files/audio_ranking_explanation_69fb69fc0d2413c89f9896e6_1780406471954.json,69fb69fc0d2413c89f9896e6_audio_ranking_explanation_1780406471954.webm,69fb69fc0d2413c89f9896e6,audio_ranking_explanation,23.245,374138
comp-result_27635/files/audio_missing_utopia_6547a05ca3b182bd3f2d9af8_1780406898006.json,6547a05ca3b182bd3f2d9af8_audio_missing_utopia_1780406898006.webm,6547a05ca3b182bd3f2d9af8,audio_missing_utopia,41.332,664936
comp-result_27635/files/audio_ranking_explanation_6547a05ca3b182bd3f2d9af8_1780406823871.json,6547a05ca3b182bd3f2d9af8_audio_ranking_explanation_1780406823871.webm,6547a05ca3b182bd3f2d9af8,audio_ranking_explanation,216.695,3488757
comp-result_27636/files/audio_missing_utopia_69f63c887d8133dc046897fa_1780407017004.json,69f63c887d8133dc046897fa_audio_missing_utopia_1780407017004.webm,69f63c887d8133dc046897fa,audio_missing_utopia,28.216,453350
comp-result_27636/files/audio_ranking_explanation_69f63c887d8133dc046897fa_1780406947531.json,69f63c887d8133dc046897fa_audio_ranking_explanation_1780406947531.webm,69f63c887d8133dc046897fa,audio_ranking_explanation,33.734,542254
comp-result_27637/files/audio_missing_utopia_61097e0464a4a922602d495b_1780406939510.json,61097e0464a4a922602d495b_audio_missing_utopia_1780406939510.webm,61097e0464a4a922602d495b,audio_missing_utopia,68.184,1095804
comp-result_27637/files/audio_ranking_explanation_61097e0464a4a922602d495b_1780406851105.json,61097e0464a4a922602d495b_audio_ranking_explanation_1780406851105.webm,61097e0464a4a922602d495b,audio_ranking_explanation,76.231,1224282
comp-result_27639/files/audio_missing_utopia_6a14f917d82408828ca7045b_1780406967147.json,6a14f917d82408828ca7045b_audio_missing_utopia_1780406967147.webm,6a14f917d82408828ca7045b,audio_missing_utopia,3.046,48461
comp-result_27639/files/audio_ranking_explanation_6a14f917d82408828ca7045b_1780406954606.json,6a14f917d82408828ca7045b_audio_ranking_explanation_1780406954606.webm,6a14f917d82408828ca7045b,audio_ranking_explanation,1.078,16583
comp-result_27640/files/audio_missing_utopia_5bdfb648484288000130dad0_1780407816205.json,5bdfb648484288000130dad0_audio_missing_utopia_1780407816205.webm,5bdfb648484288000130dad0,audio_missing_utopia,38.441,618568
comp-result_27640/files/audio_ranking_explanation_5bdfb648484288000130dad0_1780407712893.json,5bdfb648484288000130dad0_audio_ranking_explanation_1780407712893.webm,5bdfb648484288000130dad0,audio_ranking_explanation,57.046,916096
comp-result_27641/files/audio_missing_utopia_5c40e28ffe87360001a5677e_1780408626900.json,5c40e28ffe87360001a5677e_audio_missing_utopia_1780408626900.webm,5c40e28ffe87360001a5677e,audio_missing_utopia,33.545,539356
comp-result_27641/files/audio_ranking_explanation_5c40e28ffe87360001a5677e_1780408580755.json,5c40e28ffe87360001a5677e_audio_ranking_explanation_1780408580755.webm,5c40e28ffe87360001a5677e,audio_ranking_explanation,27.139,436928
comp-result_27643/files/audio_missing_utopia_6a1b4826a9d1bd7172e2961e_1780408335072.json,6a1b4826a9d1bd7172e2961e_audio_missing_utopia_1780408335072.webm,6a1b4826a9d1bd7172e2961e,audio_missing_utopia,13.471,216680
comp-result_27643/files/audio_ranking_explanation_6a1b4826a9d1bd7172e2961e_1780408237316.json,6a1b4826a9d1bd7172e2961e_audio_ranking_explanation_1780408237316.webm,6a1b4826a9d1bd7172e2961e,audio_ranking_explanation,48.779,784720
comp-result_27644/files/audio_missing_utopia_6a02ab669081e158531f77f6_1780407252451.json,6a02ab669081e158531f77f6_audio_missing_utopia_1780407252451.webm,6a02ab669081e158531f77f6,audio_missing_utopia,47.19,759604
comp-result_27644/files/audio_ranking_explanation_6a02ab669081e158531f77f6_1780407189090.json,6a02ab669081e158531f77f6_audio_ranking_explanation_1780407189090.webm,6a02ab669081e158531f77f6,audio_ranking_explanation,68.256,1098702
comp-result_27645/files/audio_missing_utopia_69b87d2899ff8b885daeea48_1780408027744.json,69b87d2899ff8b885daeea48_audio_missing_utopia_1780408027744.webm,69b87d2899ff8b885daeea48,audio_missing_utopia,13.905,223442
comp-result_27645/files/audio_ranking_explanation_69b87d2899ff8b885daeea48_1780407892660.json,69b87d2899ff8b885daeea48_audio_ranking_explanation_1780407892660.webm,69b87d2899ff8b885daeea48,audio_ranking_explanation,43.177,694882
comp-result_27646/files/audio_missing_utopia_6a1df769b69ebcd2ecca9375_1780407755939.json,6a1df769b69ebcd2ecca9375_audio_missing_utopia_1780407755939.webm,6a1df769b69ebcd2ecca9375,audio_missing_utopia,52.178,839782
comp-result_27646/files/audio_ranking_explanation_6a1df769b69ebcd2ecca9375_1780407690026.json,6a1df769b69ebcd2ecca9375_audio_ranking_explanation_1780407690026.webm,6a1df769b69ebcd2ecca9375,audio_ranking_explanation,136.755,2200976
comp-result_27647/files/audio_missing_utopia_6994b577aff7c16f28cb7589_1780407980271.json,6994b577aff7c16f28cb7589_audio_missing_utopia_1780407980271.webm,6994b577aff7c16f28cb7589,audio_missing_utopia,8.725,144895
comp-result_27647/files/audio_ranking_explanation_6994b577aff7c16f28cb7589_1780407963661.json,6994b577aff7c16f28cb7589_audio_ranking_explanation_1780407963661.webm,6994b577aff7c16f28cb7589,audio_ranking_explanation,49.91,824895
comp-result_27649/files/audio_missing_utopia_6a0ea4f8733aee44ede4cefe_1780408710591.json,6a0ea4f8733aee44ede4cefe_audio_missing_utopia_1780408710591.webm,6a0ea4f8733aee44ede4cefe,audio_missing_utopia,30.521,491056
comp-result_27649/files/audio_ranking_explanation_6a0ea4f8733aee44ede4cefe_1780408668522.json,6a0ea4f8733aee44ede4cefe_audio_ranking_explanation_1780408668522.webm,6a0ea4f8733aee44ede4cefe,audio_ranking_explanation,101.453,1632934
comp-result_27650/files/audio_missing_utopia_69f9dfe6814b936120d97ac9_1780408415982.json,69f9dfe6814b936120d97ac9_audio_missing_utopia_1780408415982.webm,69f9dfe6814b936120d97ac9,audio_missing_utopia,24.937,401186
comp-result_27650/files/audio_ranking_explanation_69f9dfe6814b936120d97ac9_1780408348128.json,69f9dfe6814b936120d97ac9_audio_ranking_explanation_1780408348128.webm,69f9dfe6814b936120d97ac9,audio_ranking_explanation,76.163,1226214
comp-result_27652/files/audio_missing_utopia_6a19a268a5702fee0407ab36_1780408713889.json,6a19a268a5702fee0407ab36_audio_missing_utopia_1780408713889.webm,6a19a268a5702fee0407ab36,audio_missing_utopia,43.993,708406
comp-result_27652/files/audio_ranking_explanation_6a19a268a5702fee0407ab36_1780408601402.json,6a19a268a5702fee0407ab36_audio_ranking_explanation_1780408601402.webm,6a19a268a5702fee0407ab36,audio_ranking_explanation,70.92,1141206
comp-result_27653/files/audio_missing_utopia_69adf185dcc8cda73749368d_1780408680098.json,69adf185dcc8cda73749368d_audio_missing_utopia_1780408680098.webm,69adf185dcc8cda73749368d,audio_missing_utopia,26.863,431963
comp-result_27653/files/audio_ranking_explanation_69adf185dcc8cda73749368d_1780408598757.json,69adf185dcc8cda73749368d_audio_ranking_explanation_1780408598757.webm,69adf185dcc8cda73749368d,audio_ranking_explanation,28.932,464807
comp-result_27655/files/audio_missing_utopia_69937bbdf2301ad69c9d4312_1780408921178.json,69937bbdf2301ad69c9d4312_audio_missing_utopia_1780408921178.webm,69937bbdf2301ad69c9d4312,audio_missing_utopia,35.062,564472
comp-result_27655/files/audio_ranking_explanation_69937bbdf2301ad69c9d4312_1780408823643.json,69937bbdf2301ad69c9d4312_audio_ranking_explanation_1780408823643.webm,69937bbdf2301ad69c9d4312,audio_ranking_explanation,127.524,2053178
comp-result_27656/files/audio_missing_utopia_6a00eb1bf01dccf542628044_1780410128781.json,6a00eb1bf01dccf542628044_audio_missing_utopia_1780410128781.webm,6a00eb1bf01dccf542628044,audio_missing_utopia,66.921,1077450
comp-result_27656/files/audio_ranking_explanation_6a00eb1bf01dccf542628044_1780409911887.json,6a00eb1bf01dccf542628044_audio_ranking_explanation_1780409911887.webm,6a00eb1bf01dccf542628044,audio_ranking_explanation,54.742,881320
comp-result_27658/files/audio_missing_utopia_6413ba814d48703a89b5ee31_1780408752925.json,6413ba814d48703a89b5ee31_audio_missing_utopia_1780408752925.webm,6413ba814d48703a89b5ee31,audio_missing_utopia,37.327,601178
comp-result_27658/files/audio_ranking_explanation_6413ba814d48703a89b5ee31_1780408625136.json,6413ba814d48703a89b5ee31_audio_ranking_explanation_1780408625136.webm,6413ba814d48703a89b5ee31,audio_ranking_explanation,59.445,956666
comp-result_27659/files/audio_missing_utopia_69f3fc26bbf5ecb0a37b73af_1780408896073.json,69f3fc26bbf5ecb0a37b73af_audio_missing_utopia_1780408896073.webm,69f3fc26bbf5ecb0a37b73af,audio_missing_utopia,13.918,223442
comp-result_27659/files/audio_ranking_explanation_69f3fc26bbf5ecb0a37b73af_1780408867207.json,69f3fc26bbf5ecb0a37b73af_audio_ranking_explanation_1780408867207.webm,69f3fc26bbf5ecb0a37b73af,audio_ranking_explanation,156.659,2521722
comp-result_27661/files/audio_missing_utopia_63e51bdade16b861346088b4_1780408946268.json,63e51bdade16b861346088b4_audio_missing_utopia_1780408946268.webm,63e51bdade16b861346088b4,audio_missing_utopia,47.615,766366
comp-result_27661/files/audio_ranking_explanation_63e51bdade16b861346088b4_1780408878048.json,63e51bdade16b861346088b4_audio_ranking_explanation_1780408878048.webm,63e51bdade16b861346088b4,audio_ranking_explanation,226.584,3648147
comp-result_27662/files/audio_missing_utopia_6a1e19d1285179a116fdcd95_1780409438324.json,6a1e19d1285179a116fdcd95_audio_missing_utopia_1780409438324.webm,6a1e19d1285179a116fdcd95,audio_missing_utopia,122.304,1969136
comp-result_27662/files/audio_ranking_explanation_6a1e19d1285179a116fdcd95_1780409296650.json,6a1e19d1285179a116fdcd95_audio_ranking_explanation_1780409296650.webm,6a1e19d1285179a116fdcd95,audio_ranking_explanation,303.325,4883763
comp-result_27663/files/audio_missing_utopia_60fec0bdae6ef40674a8a77a_1780408885981.json,60fec0bdae6ef40674a8a77a_audio_missing_utopia_1780408885981.webm,60fec0bdae6ef40674a8a77a,audio_missing_utopia,66.995,1078416
comp-result_27663/files/audio_ranking_explanation_60fec0bdae6ef40674a8a77a_1780408808940.json,60fec0bdae6ef40674a8a77a_audio_ranking_explanation_1780408808940.webm,60fec0bdae6ef40674a8a77a,audio_ranking_explanation,160.412,2582580
comp-result_27664/files/audio_missing_utopia_62effa539a08b7896593d694_1780409743841.json,62effa539a08b7896593d694_audio_missing_utopia_1780409743841.webm,62effa539a08b7896593d694,audio_missing_utopia,61.653,1018788
comp-result_27664/files/audio_ranking_explanation_62effa539a08b7896593d694_1780409598788.json,62effa539a08b7896593d694_audio_ranking_explanation_1780409598788.webm,62effa539a08b7896593d694,audio_ranking_explanation,192.379,3177799
comp-result_27667/files/audio_missing_utopia_69f2bd53f07ed3cf6fc6fd94_1780410144893.json,69f2bd53f07ed3cf6fc6fd94_audio_missing_utopia_1780410144893.webm,69f2bd53f07ed3cf6fc6fd94,audio_missing_utopia,102.375,1648390
comp-result_27667/files/audio_ranking_explanation_69f2bd53f07ed3cf6fc6fd94_1780410027108.json,69f2bd53f07ed3cf6fc6fd94_audio_ranking_explanation_1780410027108.webm,69f2bd53f07ed3cf6fc6fd94,audio_ranking_explanation,304.758,4906947
comp-result_27668/files/audio_missing_utopia_634865f77fe29563ec6f621c_1780409418411.json,634865f77fe29563ec6f621c_audio_missing_utopia_1780409418411.webm,634865f77fe29563ec6f621c,audio_missing_utopia,46.647,750910
comp-result_27668/files/audio_ranking_explanation_634865f77fe29563ec6f621c_1780409360672.json,634865f77fe29563ec6f621c_audio_ranking_explanation_1780409360672.webm,634865f77fe29563ec6f621c,audio_ranking_explanation,91.898,1479340
comp-result_27669/files/audio_missing_utopia_60ad344265fa9865ff45c0bf_1780410238271.json,60ad344265fa9865ff45c0bf_audio_missing_utopia_1780410238271.webm,60ad344265fa9865ff45c0bf,audio_missing_utopia,138.761,2233820
comp-result_27669/files/audio_ranking_explanation_60ad344265fa9865ff45c0bf_1780410076025.json,60ad344265fa9865ff45c0bf_audio_ranking_explanation_1780410076025.webm,60ad344265fa9865ff45c0bf,audio_ranking_explanation,194.201,3126472
comp-result_27670/files/audio_missing_utopia_5a947fb0f05361000171b5a3_1780410641934.json,5a947fb0f05361000171b5a3_audio_missing_utopia_1780410641934.webm,5a947fb0f05361000171b5a3,audio_missing_utopia,56.485,909334
comp-result_27670/files/audio_ranking_explanation_5a947fb0f05361000171b5a3_1780410564345.json,5a947fb0f05361000171b5a3_audio_ranking_explanation_1780410564345.webm,5a947fb0f05361000171b5a3,audio_ranking_explanation,252.646,4067425
comp-result_27671/files/audio_missing_utopia_6978efc5f431052d33e72398_1780409794193.json,6978efc5f431052d33e72398_audio_missing_utopia_1780409794193.webm,6978efc5f431052d33e72398,audio_missing_utopia,20.181,324872
comp-result_27671/files/audio_ranking_explanation_6978efc5f431052d33e72398_1780409728717.json,6978efc5f431052d33e72398_audio_ranking_explanation_1780409728717.webm,6978efc5f431052d33e72398,audio_ranking_explanation,82.834,1333440
comp-result_27672/files/audio_missing_utopia_675ebd1fb3aef884a42df656_1780411810880.json,675ebd1fb3aef884a42df656_audio_missing_utopia_1780411810880.webm,675ebd1fb3aef884a42df656,audio_missing_utopia,139.291,2242514
comp-result_27672/files/audio_ranking_explanation_675ebd1fb3aef884a42df656_1780411472016.json,675ebd1fb3aef884a42df656_audio_ranking_explanation_1780411472016.webm,675ebd1fb3aef884a42df656,audio_ranking_explanation,41.132,662038
comp-result_27673/files/audio_missing_utopia_6a04d37b32fa27d1a3b284a9_1780410316720.json,6a04d37b32fa27d1a3b284a9_audio_missing_utopia_1780410316720.webm,6a04d37b32fa27d1a3b284a9,audio_missing_utopia,41.925,674596
comp-result_27673/files/audio_ranking_explanation_6a04d37b32fa27d1a3b284a9_1780410252898.json,6a04d37b32fa27d1a3b284a9_audio_ranking_explanation_1780410252898.webm,6a04d37b32fa27d1a3b284a9,audio_ranking_explanation,166.983,2687874
comp-result_27674/files/audio_missing_utopia_69bcd49ce95af67521ac752f_1780410715810.json,69bcd49ce95af67521ac752f_audio_missing_utopia_1780410715810.webm,69bcd49ce95af67521ac752f,audio_missing_utopia,30.509,491056
comp-result_27674/files/audio_ranking_explanation_69bcd49ce95af67521ac752f_1780410661060.json,69bcd49ce95af67521ac752f_audio_ranking_explanation_1780410661060.webm,69bcd49ce95af67521ac752f,audio_ranking_explanation,104.799,1687030
comp-result_27675/files/audio_missing_utopia_69d6b45ed142e5a639ebca81_1780410663477.json,69d6b45ed142e5a639ebca81_audio_missing_utopia_1780410663477.webm,69d6b45ed142e5a639ebca81,audio_missing_utopia,73.021,1175016
comp-result_27675/files/audio_ranking_explanation_69d6b45ed142e5a639ebca81_1780410478557.json,69d6b45ed142e5a639ebca81_audio_ranking_explanation_1780410478557.webm,69d6b45ed142e5a639ebca81,audio_ranking_explanation,228.429,3678093
comp-result_27676/files/audio_missing_utopia_6a01d75da4748c5deb7237d7_1780412307372.json,6a01d75da4748c5deb7237d7_audio_missing_utopia_1780412307372.webm,6a01d75da4748c5deb7237d7,audio_missing_utopia,109.474,1762378
comp-result_27676/files/audio_ranking_explanation_6a01d75da4748c5deb7237d7_1780412118775.json,6a01d75da4748c5deb7237d7_audio_ranking_explanation_1780412118775.webm,6a01d75da4748c5deb7237d7,audio_ranking_explanation,444.463,7155931
comp-result_27677/files/audio_missing_utopia_6a01da6beb0da70a25f5dbf5_1780410779371.json,6a01da6beb0da70a25f5dbf5_audio_missing_utopia_1780410779371.webm,6a01da6beb0da70a25f5dbf5,audio_missing_utopia,27.592,443690
comp-result_27677/files/audio_ranking_explanation_6a01da6beb0da70a25f5dbf5_1780410734209.json,6a01da6beb0da70a25f5dbf5_audio_ranking_explanation_1780410734209.webm,6a01da6beb0da70a25f5dbf5,audio_ranking_explanation,115.023,1851250
comp-result_27678/files/audio_missing_utopia_69860bbcee09b238984c4158_1780410555132.json,69860bbcee09b238984c4158_audio_missing_utopia_1780410555132.webm,69860bbcee09b238984c4158,audio_missing_utopia,11.12,179006
comp-result_27678/files/audio_ranking_explanation_69860bbcee09b238984c4158_1780410532419.json,69860bbcee09b238984c4158_audio_ranking_explanation_1780410532419.webm,69860bbcee09b238984c4158,audio_ranking_explanation,15.772,253388
comp-result_27679/files/audio_missing_utopia_6946df52c8f481594f455bdf_1780410677823.json,6946df52c8f481594f455bdf_audio_missing_utopia_1780410677823.webm,6946df52c8f481594f455bdf,audio_missing_utopia,41.439,666868
comp-result_27679/files/audio_ranking_explanation_6946df52c8f481594f455bdf_1780410630724.json,6946df52c8f481594f455bdf_audio_ranking_explanation_1780410630724.webm,6946df52c8f481594f455bdf,audio_ranking_explanation,83.695,1346964
comp-result_27680/files/audio_missing_utopia_69a37fa6ece253752a94a18b_1780411633636.json,69a37fa6ece253752a94a18b_audio_missing_utopia_1780411633636.webm,69a37fa6ece253752a94a18b,audio_missing_utopia,49.675,798244
comp-result_27680/files/audio_ranking_explanation_69a37fa6ece253752a94a18b_1780411432307.json,69a37fa6ece253752a94a18b_audio_ranking_explanation_1780411432307.webm,69a37fa6ece253752a94a18b,audio_ranking_explanation,196.945,3168024
comp-result_27681/files/audio_missing_utopia_5f494c1ba043204912fb6be1_1780411709506.json,5f494c1ba043204912fb6be1_audio_missing_utopia_1780411709506.webm,5f494c1ba043204912fb6be1,audio_missing_utopia,35.468,570267
comp-result_27681/files/audio_ranking_explanation_5f494c1ba043204912fb6be1_1780411648798.json,5f494c1ba043204912fb6be1_audio_ranking_explanation_1780411648798.webm,5f494c1ba043204912fb6be1,audio_ranking_explanation,52.033,836884
comp-result_27682/files/audio_missing_utopia_698383f571211f272ff1c000_1780411239475.json,698383f571211f272ff1c000_audio_missing_utopia_1780411239475.webm,698383f571211f272ff1c000,audio_missing_utopia,25.124,327972
comp-result_27682/files/audio_ranking_explanation_698383f571211f272ff1c000_1780411197846.json,698383f571211f272ff1c000_audio_ranking_explanation_1780411197846.webm,698383f571211f272ff1c000,audio_ranking_explanation,71.398,927244
comp-result_27683/files/audio_missing_utopia_69ed0e642867961fbd1ac973_1780411091941.json,69ed0e642867961fbd1ac973_audio_missing_utopia_1780411091941.webm,69ed0e642867961fbd1ac973,audio_missing_utopia,22.104,355784
comp-result_27683/files/audio_ranking_explanation_69ed0e642867961fbd1ac973_1780411059394.json,69ed0e642867961fbd1ac973_audio_ranking_explanation_1780411059394.webm,69ed0e642867961fbd1ac973,audio_ranking_explanation,81.832,1316052
comp-result_27684/files/audio_missing_utopia_6a147ae189fb8e6281395326_1780411271743.json,6a147ae189fb8e6281395326_audio_missing_utopia_1780411271743.webm,6a147ae189fb8e6281395326,audio_missing_utopia,16.165,260150
comp-result_27684/files/audio_ranking_explanation_6a147ae189fb8e6281395326_1780411231837.json,6a147ae189fb8e6281395326_audio_ranking_explanation_1780411231837.webm,6a147ae189fb8e6281395326,audio_ranking_explanation,36.373,583792
comp-result_27685/files/audio_missing_utopia_69beddef130e4b750f5a4823_1780411355836.json,69beddef130e4b750f5a4823_audio_missing_utopia_1780411355836.webm,69beddef130e4b750f5a4823,audio_missing_utopia,16.749,268844
comp-result_27685/files/audio_ranking_explanation_69beddef130e4b750f5a4823_1780411316395.json,69beddef130e4b750f5a4823_audio_ranking_explanation_1780411316395.webm,69beddef130e4b750f5a4823,audio_ranking_explanation,143.043,2302406
comp-result_27686/files/audio_missing_utopia_60ffc4070d4285f4d85199b7_1780411916833.json,60ffc4070d4285f4d85199b7_audio_missing_utopia_1780411916833.webm,60ffc4070d4285f4d85199b7,audio_missing_utopia,92.312,1486102
comp-result_27686/files/audio_ranking_explanation_60ffc4070d4285f4d85199b7_1780411810495.json,60ffc4070d4285f4d85199b7_audio_ranking_explanation_1780411810495.webm,60ffc4070d4285f4d85199b7,audio_ranking_explanation,111.86,1801018
comp-result_27689/files/audio_ranking_explanation_5a2f1f0f2937000001eae2b1_1780412917698.json,5a2f1f0f2937000001eae2b1_audio_ranking_explanation_1780412917698.webm,5a2f1f0f2937000001eae2b1,audio_ranking_explanation,4.586,1360
comp-result_27690/files/audio_missing_utopia_6948e6378d2aed5bf5841c0a_1780412473235.json,6948e6378d2aed5bf5841c0a_audio_missing_utopia_1780412473235.webm,6948e6378d2aed5bf5841c0a,audio_missing_utopia,23.486,377036
comp-result_27690/files/audio_ranking_explanation_6948e6378d2aed5bf5841c0a_1780412404009.json,6948e6378d2aed5bf5841c0a_audio_ranking_explanation_1780412404009.webm,6948e6378d2aed5bf5841c0a,audio_ranking_explanation,75.961,1222350
comp-result_27691/files/audio_missing_utopia_69e91af54ecc31385a08bc37_1780412468571.json,69e91af54ecc31385a08bc37_audio_missing_utopia_1780412468571.webm,69e91af54ecc31385a08bc37,audio_missing_utopia,13.734,220544
comp-result_27691/files/audio_ranking_explanation_69e91af54ecc31385a08bc37_1780412434673.json,69e91af54ecc31385a08bc37_audio_ranking_explanation_1780412434673.webm,69e91af54ecc31385a08bc37,audio_ranking_explanation,28.674,461078
comp-result_27692/files/audio_missing_utopia_6a0a5c5f6016f11ccaa396e3_1780413459812.json,6a0a5c5f6016f11ccaa396e3_audio_missing_utopia_1780413459812.webm,6a0a5c5f6016f11ccaa396e3,audio_missing_utopia,47.992,772162
comp-result_27692/files/audio_ranking_explanation_6a0a5c5f6016f11ccaa396e3_1780413364932.json,6a0a5c5f6016f11ccaa396e3_audio_ranking_explanation_1780413364932.webm,6a0a5c5f6016f11ccaa396e3,audio_ranking_explanation,99.61,1603954
comp-result_27693/files/audio_missing_utopia_5b72d3f8afce7600019fe275_1780413297027.json,5b72d3f8afce7600019fe275_audio_missing_utopia_1780413297027.webm,5b72d3f8afce7600019fe275,audio_missing_utopia,31.357,504580
comp-result_27693/files/audio_ranking_explanation_5b72d3f8afce7600019fe275_1780413249127.json,5b72d3f8afce7600019fe275_audio_ranking_explanation_1780413249127.webm,5b72d3f8afce7600019fe275,audio_ranking_explanation,78.185,1258092
comp-result_27694/files/audio_missing_utopia_69e408f53c6834fd1ceadad4_1780412954311.json,69e408f53c6834fd1ceadad4_audio_missing_utopia_1780412954311.webm,69e408f53c6834fd1ceadad4,audio_missing_utopia,32.639,524866
comp-result_27694/files/audio_ranking_explanation_69e408f53c6834fd1ceadad4_1780412912378.json,69e408f53c6834fd1ceadad4_audio_ranking_explanation_1780412912378.webm,69e408f53c6834fd1ceadad4,audio_ranking_explanation,97.747,1573042
comp-result_27696/files/audio_missing_utopia_69c02eb0784caa385a6ea4a5_1780414039565.json,69c02eb0784caa385a6ea4a5_audio_missing_utopia_1780414039565.webm,69c02eb0784caa385a6ea4a5,audio_missing_utopia,97.177,1564348
comp-result_27696/files/audio_ranking_explanation_69c02eb0784caa385a6ea4a5_1780413911981.json,69c02eb0784caa385a6ea4a5_audio_ranking_explanation_1780413911981.webm,69c02eb0784caa385a6ea4a5,audio_ranking_explanation,189.066,3043396
comp-result_27697/files/audio_missing_utopia_69e17b4489b488c473d5c608_1780415183319.json,69e17b4489b488c473d5c608_audio_missing_utopia_1780415183319.webm,69e17b4489b488c473d5c608,audio_missing_utopia,127.74,2056076
comp-result_27697/files/audio_ranking_explanation_69e17b4489b488c473d5c608_1780415031203.json,69e17b4489b488c473d5c608_audio_ranking_explanation_1780415031203.webm,69e17b4489b488c473d5c608,audio_ranking_explanation,197.109,3172840
comp-result_27698/files/audio_missing_utopia_6a177da8b59d5576eaca4df0_1780413896422.json,6a177da8b59d5576eaca4df0_audio_missing_utopia_1780413896422.webm,6a177da8b59d5576eaca4df0,audio_missing_utopia,19.081,306518
comp-result_27698/files/audio_ranking_explanation_6a177da8b59d5576eaca4df0_1780413870548.json,6a177da8b59d5576eaca4df0_audio_ranking_explanation_1780413870548.webm,6a177da8b59d5576eaca4df0,audio_ranking_explanation,33.274,535492
comp-result_27701/files/audio_missing_utopia_6a15d6a799a27da826906cdb_1780415392674.json,6a15d6a799a27da826906cdb_audio_missing_utopia_1780415392674.webm,6a15d6a799a27da826906cdb,audio_missing_utopia,18.61,299756
comp-result_27701/files/audio_ranking_explanation_6a15d6a799a27da826906cdb_1780415357786.json,6a15d6a799a27da826906cdb_audio_ranking_explanation_1780415357786.webm,6a15d6a799a27da826906cdb,audio_ranking_explanation,14.576,234068
comp-result_27703/files/audio_missing_utopia_69699d1a4c8aab1ce7a5f231_1780414864077.json,69699d1a4c8aab1ce7a5f231_audio_missing_utopia_1780414864077.webm,69699d1a4c8aab1ce7a5f231,audio_missing_utopia,15.516,441854
comp-result_27703/files/audio_ranking_explanation_69699d1a4c8aab1ce7a5f231_1780414839015.json,69699d1a4c8aab1ce7a5f231_audio_ranking_explanation_1780414839015.webm,69699d1a4c8aab1ce7a5f231,audio_ranking_explanation,48.515,1370753
comp-result_27704/files/audio_missing_utopia_6a0b28fb42e64e7b3201649e_1780416011371.json,6a0b28fb42e64e7b3201649e_audio_missing_utopia_1780416011371.webm,6a0b28fb42e64e7b3201649e,audio_missing_utopia,29.293,471704
comp-result_27704/files/audio_ranking_explanation_6a0b28fb42e64e7b3201649e_1780415932002.json,6a0b28fb42e64e7b3201649e_audio_ranking_explanation_1780415932002.webm,6a0b28fb42e64e7b3201649e,audio_ranking_explanation,113.638,1829032
comp-result_27705/files/audio_missing_utopia_691dd723559ca7c89564ea8b_1780415665799.json,691dd723559ca7c89564ea8b_audio_missing_utopia_1780415665799.webm,691dd723559ca7c89564ea8b,audio_missing_utopia,31.49,506512
comp-result_27705/files/audio_ranking_explanation_691dd723559ca7c89564ea8b_1780415620288.json,691dd723559ca7c89564ea8b_audio_ranking_explanation_1780415620288.webm,691dd723559ca7c89564ea8b,audio_ranking_explanation,74.047,1191438
comp-result_27706/files/audio_missing_utopia_6a10d07b7e0d58d42b8f33a1_1780415452358.json,6a10d07b7e0d58d42b8f33a1_audio_missing_utopia_1780415452358.webm,6a10d07b7e0d58d42b8f33a1,audio_missing_utopia,23.193,373172
comp-result_27706/files/audio_ranking_explanation_6a10d07b7e0d58d42b8f33a1_1780415419251.json,6a10d07b7e0d58d42b8f33a1_audio_ranking_explanation_1780415419251.webm,6a10d07b7e0d58d42b8f33a1,audio_ranking_explanation,77.88,1253262
comp-result_27709/files/audio_missing_utopia_6a0f2fff8ede7e13a4906213_1780416252545.json,6a0f2fff8ede7e13a4906213_audio_missing_utopia_1780416252545.webm,6a0f2fff8ede7e13a4906213,audio_missing_utopia,44.967,1232015
comp-result_27709/files/audio_ranking_explanation_6a0f2fff8ede7e13a4906213_1780416172462.json,6a0f2fff8ede7e13a4906213_audio_ranking_explanation_1780416172462.webm,6a0f2fff8ede7e13a4906213,audio_ranking_explanation,83.312,2268998
comp-result_27710/files/audio_missing_utopia_69f938d4d5bd55e66f88f331_1780417694993.json,69f938d4d5bd55e66f88f331_audio_missing_utopia_1780417694993.webm,69f938d4d5bd55e66f88f331,audio_missing_utopia,98.752,1589464
comp-result_27710/files/audio_ranking_explanation_69f938d4d5bd55e66f88f331_1780417469612.json,69f938d4d5bd55e66f88f331_audio_ranking_explanation_1780417469612.webm,69f938d4d5bd55e66f88f331,audio_ranking_explanation,174.293,2805726
comp-result_27711/files/audio_missing_utopia_6a1874d2b6c7c957c0da8155_1780417186786.json,6a1874d2b6c7c957c0da8155_audio_missing_utopia_1780417186786.m4a,6a1874d2b6c7c957c0da8155,audio_missing_utopia,6.164,144146
comp-result_27711/files/audio_ranking_explanation_6a1874d2b6c7c957c0da8155_1780417123947.json,6a1874d2b6c7c957c0da8155_audio_ranking_explanation_1780417123947.m4a,6a1874d2b6c7c957c0da8155,audio_ranking_explanation,44.623,1063285
comp-result_27712/files/audio_missing_utopia_66f0bcad545ecf68df970a46_1780417489181.json,66f0bcad545ecf68df970a46_audio_missing_utopia_1780417489181.webm,66f0bcad545ecf68df970a46,audio_missing_utopia,54.588,878422
comp-result_27712/files/audio_ranking_explanation_66f0bcad545ecf68df970a46_1780417366576.json,66f0bcad545ecf68df970a46_audio_ranking_explanation_1780417366576.webm,66f0bcad545ecf68df970a46,audio_ranking_explanation,55.836,898708
comp-result_27713/files/audio_missing_utopia_69fe57468b52fe5dd81773d0_1780419032636.json,69fe57468b52fe5dd81773d0_audio_missing_utopia_1780419032636.webm,69fe57468b52fe5dd81773d0,audio_missing_utopia,14.585,234068
comp-result_27716/files/audio_missing_utopia_69ed51c1fdcc2febba6a8024_1780418495116.json,69ed51c1fdcc2febba6a8024_audio_missing_utopia_1780418495116.webm,69ed51c1fdcc2febba6a8024,audio_missing_utopia,21.346,343226
comp-result_27716/files/audio_ranking_explanation_69ed51c1fdcc2febba6a8024_1780418454257.json,69ed51c1fdcc2febba6a8024_audio_ranking_explanation_1780418454257.webm,69ed51c1fdcc2febba6a8024,audio_ranking_explanation,35.091,564472
comp-result_27717/files/audio_missing_utopia_6a0c94055e48270dd211c7d6_1780418827632.json,6a0c94055e48270dd211c7d6_audio_missing_utopia_1780418827632.webm,6a0c94055e48270dd211c7d6,audio_missing_utopia,67.718,1090008
comp-result_27717/files/audio_ranking_explanation_6a0c94055e48270dd211c7d6_1780418721768.json,6a0c94055e48270dd211c7d6_audio_ranking_explanation_1780418721768.webm,6a0c94055e48270dd211c7d6,audio_ranking_explanation,43.339,697780
comp-result_27718/files/audio_missing_utopia_69d51b7efe3296cf710e3362_1780419509815.json,69d51b7efe3296cf710e3362_audio_missing_utopia_1780419509815.webm,69d51b7efe3296cf710e3362,audio_missing_utopia,6.416,102692
comp-result_27718/files/audio_ranking_explanation_69d51b7efe3296cf710e3362_1780419444951.json,69d51b7efe3296cf710e3362_audio_ranking_explanation_1780419444951.webm,69d51b7efe3296cf710e3362,audio_ranking_explanation,48.272,776992
comp-result_27720/files/audio_missing_utopia_69f2e41b9e247db43c69fb42_1780419401024.json,69f2e41b9e247db43c69fb42_audio_missing_utopia_1780419401024.webm,69f2e41b9e247db43c69fb42,audio_missing_utopia,42.924,691018
comp-result_27720/files/audio_ranking_explanation_69f2e41b9e247db43c69fb42_1780419245988.json,69f2e41b9e247db43c69fb42_audio_ranking_explanation_1780419245988.webm,69f2e41b9e247db43c69fb42,audio_ranking_explanation,48.876,786652
comp-result_27721/files/audio_missing_utopia_6a0af583f35a9221994f91cb_1780419561047.json,6a0af583f35a9221994f91cb_audio_missing_utopia_1780419561047.webm,6a0af583f35a9221994f91cb,audio_missing_utopia,23.81,382832
comp-result_27721/files/audio_ranking_explanation_6a0af583f35a9221994f91cb_1780419517551.json,6a0af583f35a9221994f91cb_audio_ranking_explanation_1780419517551.webm,6a0af583f35a9221994f91cb,audio_ranking_explanation,71.624,1152798
comp-result_27722/files/audio_missing_utopia_6a1e3a774a64aef0ecce3a94_1780420270513.json,6a1e3a774a64aef0ecce3a94_audio_missing_utopia_1780420270513.webm,6a1e3a774a64aef0ecce3a94,audio_missing_utopia,73.414,1181778
comp-result_27722/files/audio_ranking_explanation_6a1e3a774a64aef0ecce3a94_1780420172790.json,6a1e3a774a64aef0ecce3a94_audio_ranking_explanation_1780420172790.webm,6a1e3a774a64aef0ecce3a94,audio_ranking_explanation,219.441,3533193
comp-result_27723/files/audio_missing_utopia_6a16f79966dd43bf47b7b4a0_1780420206222.json,6a16f79966dd43bf47b7b4a0_audio_missing_utopia_1780420206222.webm,6a16f79966dd43bf47b7b4a0,audio_missing_utopia,18.845,302654
comp-result_27723/files/audio_ranking_explanation_6a16f79966dd43bf47b7b4a0_1780420155729.json,6a16f79966dd43bf47b7b4a0_audio_ranking_explanation_1780420155729.webm,6a16f79966dd43bf47b7b4a0,audio_ranking_explanation,31.018,498784
comp-result_27725/files/audio_missing_utopia_69c5a87efe4b84961a9b36e2_1780421022829.json,69c5a87efe4b84961a9b36e2_audio_missing_utopia_1780421022829.webm,69c5a87efe4b84961a9b36e2,audio_missing_utopia,8.655,139400
comp-result_27725/files/audio_ranking_explanation_69c5a87efe4b84961a9b36e2_1780420980535.json,69c5a87efe4b84961a9b36e2_audio_ranking_explanation_1780420980535.webm,69c5a87efe4b84961a9b36e2,audio_ranking_explanation,49.684,799210
comp-result_27726/files/audio_missing_utopia_65f1d783d4cbe20c636b813c_1780420673697.json,65f1d783d4cbe20c636b813c_audio_missing_utopia_1780420673697.webm,65f1d783d4cbe20c636b813c,audio_missing_utopia,5.533,89168
comp-result_27726/files/audio_ranking_explanation_65f1d783d4cbe20c636b813c_1780420663989.json,65f1d783d4cbe20c636b813c_audio_ranking_explanation_1780420663989.webm,65f1d783d4cbe20c636b813c,audio_ranking_explanation,6.694,107522
comp-result_27727/files/audio_missing_utopia_663cceb7909a43d4d01e0c24_1780422956642.json,663cceb7909a43d4d01e0c24_audio_missing_utopia_1780422956642.webm,663cceb7909a43d4d01e0c24,audio_missing_utopia,24.934,401186
comp-result_27727/files/audio_ranking_explanation_663cceb7909a43d4d01e0c24_1780422702177.json,663cceb7909a43d4d01e0c24_audio_ranking_explanation_1780422702177.webm,663cceb7909a43d4d01e0c24,audio_ranking_explanation,34.531,555778
comp-result_27728/files/audio_missing_utopia_695fbbddeef702fe7cea44bd_1780421637745.json,695fbbddeef702fe7cea44bd_audio_missing_utopia_1780421637745.webm,695fbbddeef702fe7cea44bd,audio_missing_utopia,95.371,614966
comp-result_27728/files/audio_ranking_explanation_695fbbddeef702fe7cea44bd_1780421505939.json,695fbbddeef702fe7cea44bd_audio_ranking_explanation_1780421505939.webm,695fbbddeef702fe7cea44bd,audio_ranking_explanation,74.379,478801
comp-result_27729/files/audio_missing_utopia_6a10ce308cd75eec15c0d39d_1780421960125.json,6a10ce308cd75eec15c0d39d_audio_missing_utopia_1780421960125.webm,6a10ce308cd75eec15c0d39d,audio_missing_utopia,29.932,481364
comp-result_27729/files/audio_ranking_explanation_6a10ce308cd75eec15c0d39d_1780421914673.json,6a10ce308cd75eec15c0d39d_audio_ranking_explanation_1780421914673.webm,6a10ce308cd75eec15c0d39d,audio_ranking_explanation,68.425,1101600
comp-result_27730/files/audio_missing_utopia_69601b75e222e16eba858689_1780422256319.json,69601b75e222e16eba858689_audio_missing_utopia_1780422256319.webm,69601b75e222e16eba858689,audio_missing_utopia,69.596,1119954
comp-result_27730/files/audio_ranking_explanation_69601b75e222e16eba858689_1780422174912.json,69601b75e222e16eba858689_audio_ranking_explanation_1780422174912.webm,69601b75e222e16eba858689,audio_ranking_explanation,157.516,2536212
comp-result_27732/files/audio_missing_utopia_6985c00a3c127e5cbb246f78_1780424332889.json,6985c00a3c127e5cbb246f78_audio_missing_utopia_1780424332889.webm,6985c00a3c127e5cbb246f78,audio_missing_utopia,9.741,156788
comp-result_27732/files/audio_ranking_explanation_6985c00a3c127e5cbb246f78_1780424314951.json,6985c00a3c127e5cbb246f78_audio_ranking_explanation_1780424314951.webm,6985c00a3c127e5cbb246f78,audio_ranking_explanation,89.856,1446462
comp-result_27733/files/audio_missing_utopia_69bb8162456b2987e106973e_1780424930543.json,69bb8162456b2987e106973e_audio_missing_utopia_1780424930543.webm,69bb8162456b2987e106973e,audio_missing_utopia,8.781,141332
comp-result_27733/files/audio_ranking_explanation_69bb8162456b2987e106973e_1780424898446.json,69bb8162456b2987e106973e_audio_ranking_explanation_1780424898446.webm,69bb8162456b2987e106973e,audio_ranking_explanation,15.664,251456
comp-result_27736/files/audio_missing_utopia_69db4351e975384150644e17_1780424159904.json,69db4351e975384150644e17_audio_missing_utopia_1780424159904.webm,69db4351e975384150644e17,audio_missing_utopia,27.445,441758
comp-result_27736/files/audio_ranking_explanation_69db4351e975384150644e17_1780424080453.json,69db4351e975384150644e17_audio_ranking_explanation_1780424080453.webm,69db4351e975384150644e17,audio_ranking_explanation,28.064,451418
comp-result_27737/files/audio_missing_utopia_665cc37706c5e959d6f680a3_1780424098086.json,665cc37706c5e959d6f680a3_audio_missing_utopia_1780424098086.webm,665cc37706c5e959d6f680a3,audio_missing_utopia,47.148,758638
comp-result_27737/files/audio_ranking_explanation_665cc37706c5e959d6f680a3_1780424004847.json,665cc37706c5e959d6f680a3_audio_ranking_explanation_1780424004847.webm,665cc37706c5e959d6f680a3,audio_ranking_explanation,41.204,663004
comp-result_27739/files/audio_missing_utopia_6a1ef3bfa9b1fa8954118970_1780424374613.json,6a1ef3bfa9b1fa8954118970_audio_missing_utopia_1780424374613.webm,6a1ef3bfa9b1fa8954118970,audio_missing_utopia,52.372,842680
comp-result_27739/files/audio_ranking_explanation_6a1ef3bfa9b1fa8954118970_1780424290494.json,6a1ef3bfa9b1fa8954118970_audio_ranking_explanation_1780424290494.webm,6a1ef3bfa9b1fa8954118970,audio_ranking_explanation,126.206,2031926
comp-result_27740/files/audio_missing_utopia_6a159a999f776296ec0f7001_1780424280525.json,6a159a999f776296ec0f7001_audio_missing_utopia_1780424280525.webm,6a159a999f776296ec0f7001,audio_missing_utopia,58.107,935416
comp-result_27740/files/audio_ranking_explanation_6a159a999f776296ec0f7001_1780424167984.json,6a159a999f776296ec0f7001_audio_ranking_explanation_1780424167984.webm,6a159a999f776296ec0f7001,audio_ranking_explanation,59.206,952804
comp-result_27741/files/audio_missing_utopia_69d3b723c1ce9682b57d0e27_1780424298980.json,69d3b723c1ce9682b57d0e27_audio_missing_utopia_1780424298980.webm,69d3b723c1ce9682b57d0e27,audio_missing_utopia,51.587,830122
comp-result_27741/files/audio_ranking_explanation_69d3b723c1ce9682b57d0e27_1780424225669.json,69d3b723c1ce9682b57d0e27_audio_ranking_explanation_1780424225669.webm,69d3b723c1ce9682b57d0e27,audio_ranking_explanation,125.748,2024198
comp-result_27744/files/audio_missing_utopia_6a18843526336de36269db51_1780425881550.json,6a18843526336de36269db51_audio_missing_utopia_1780425881550.webm,6a18843526336de36269db51,audio_missing_utopia,11.422,183836
comp-result_27744/files/audio_ranking_explanation_6a18843526336de36269db51_1780425792611.json,6a18843526336de36269db51_audio_ranking_explanation_1780425792611.webm,6a18843526336de36269db51,audio_ranking_explanation,89.855,1446462
comp-result_27746/files/audio_missing_utopia_69861287eabfebf2ba128f74_1780426144508.json,69861287eabfebf2ba128f74_audio_missing_utopia_1780426144508.webm,69861287eabfebf2ba128f74,audio_missing_utopia,30.768,494920
comp-result_27746/files/audio_ranking_explanation_69861287eabfebf2ba128f74_1780426101518.json,69861287eabfebf2ba128f74_audio_ranking_explanation_1780426101518.webm,69861287eabfebf2ba128f74,audio_ranking_explanation,39.268,632092
comp-result_27747/files/audio_missing_utopia_69f0d72473ebbbfb5bdab2fb_1780426481279.json,69f0d72473ebbbfb5bdab2fb_audio_missing_utopia_1780426481279.webm,69f0d72473ebbbfb5bdab2fb,audio_missing_utopia,3.434,54392
comp-result_27747/files/audio_ranking_explanation_69f0d72473ebbbfb5bdab2fb_1780426467127.json,69f0d72473ebbbfb5bdab2fb_audio_ranking_explanation_1780426467127.webm,69f0d72473ebbbfb5bdab2fb,audio_ranking_explanation,45.531,732556
comp-result_27748/files/audio_missing_utopia_69e63e9413ec828e97526757_1780426559141.json,69e63e9413ec828e97526757_audio_missing_utopia_1780426559141.webm,69e63e9413ec828e97526757,audio_missing_utopia,6.145,98828
comp-result_27748/files/audio_ranking_explanation_69e63e9413ec828e97526757_1780426469346.json,69e63e9413ec828e97526757_audio_ranking_explanation_1780426469346.webm,69e63e9413ec828e97526757,audio_ranking_explanation,12.256,197360
comp-result_27749/files/audio_missing_utopia_69fff1bc3883a7ede899af09_1780426961735.json,69fff1bc3883a7ede899af09_audio_missing_utopia_1780426961735.webm,69fff1bc3883a7ede899af09,audio_missing_utopia,55.989,901606
comp-result_27749/files/audio_ranking_explanation_69fff1bc3883a7ede899af09_1780426876688.json,69fff1bc3883a7ede899af09_audio_ranking_explanation_1780426876688.webm,69fff1bc3883a7ede899af09,audio_ranking_explanation,98.678,1588498
comp-result_27750/files/audio_missing_utopia_65f4ab7884f8411c9e11a34e_1780427931890.json,65f4ab7884f8411c9e11a34e_audio_missing_utopia_1780427931890.webm,65f4ab7884f8411c9e11a34e,audio_missing_utopia,93.561,1506388
comp-result_27750/files/audio_ranking_explanation_65f4ab7884f8411c9e11a34e_1780427716973.json,65f4ab7884f8411c9e11a34e_audio_ranking_explanation_1780427716973.webm,65f4ab7884f8411c9e11a34e,audio_ranking_explanation,209.391,3370870
comp-result_27752/files/audio_missing_utopia_69ed6b56ec2b40534d6806ad_1780428975866.json,69ed6b56ec2b40534d6806ad_audio_missing_utopia_1780428975866.webm,69ed6b56ec2b40534d6806ad,audio_missing_utopia,86.993,557820
comp-result_27752/files/audio_ranking_explanation_69ed6b56ec2b40534d6806ad_1780428811408.json,69ed6b56ec2b40534d6806ad_audio_ranking_explanation_1780428811408.webm,69ed6b56ec2b40534d6806ad,audio_ranking_explanation,219.013,1405044
comp-result_27754/files/audio_missing_utopia_6a1ee8665e4028caf11f66be_1780428366559.json,6a1ee8665e4028caf11f66be_audio_missing_utopia_1780428366559.webm,6a1ee8665e4028caf11f66be,audio_missing_utopia,23.991,385730
comp-result_27754/files/audio_ranking_explanation_6a1ee8665e4028caf11f66be_1780428326761.json,6a1ee8665e4028caf11f66be_audio_ranking_explanation_1780428326761.webm,6a1ee8665e4028caf11f66be,audio_ranking_explanation,57.49,925756
comp-result_27755/files/audio_missing_utopia_69c737b258a269a8f17fea85_1780428430948.json,69c737b258a269a8f17fea85_audio_missing_utopia_1780428430948.webm,69c737b258a269a8f17fea85,audio_missing_utopia,93.24,1500592
comp-result_27755/files/audio_ranking_explanation_69c737b258a269a8f17fea85_1780428322045.json,69c737b258a269a8f17fea85_audio_ranking_explanation_1780428322045.webm,69c737b258a269a8f17fea85,audio_ranking_explanation,164.07,2641506
comp-result_27756/files/audio_missing_utopia_6a0f59faa4c6e2f189433bd0_1780428514373.json,6a0f59faa4c6e2f189433bd0_audio_missing_utopia_1780428514373.webm,6a0f59faa4c6e2f189433bd0,audio_missing_utopia,66.471,1069722
comp-result_27756/files/audio_ranking_explanation_6a0f59faa4c6e2f189433bd0_1780428436858.json,6a0f59faa4c6e2f189433bd0_audio_ranking_explanation_1780428436858.webm,6a0f59faa4c6e2f189433bd0,audio_ranking_explanation,149.746,2410598
comp-result_27759/files/audio_missing_utopia_6a025143ab399f83cdaa9f16_1780429843167.json,6a025143ab399f83cdaa9f16_audio_missing_utopia_1780429843167.webm,6a025143ab399f83cdaa9f16,audio_missing_utopia,17.528,282368
comp-result_27759/files/audio_ranking_explanation_6a025143ab399f83cdaa9f16_1780429755302.json,6a025143ab399f83cdaa9f16_audio_ranking_explanation_1780429755302.webm,6a025143ab399f83cdaa9f16,audio_ranking_explanation,11.88,190598
comp-result_27760/files/audio_missing_utopia_6a1db879da54dbca719304ac_1780431113902.json,6a1db879da54dbca719304ac_audio_missing_utopia_1780431113902.webm,6a1db879da54dbca719304ac,audio_missing_utopia,47.664,767332
comp-result_27760/files/audio_ranking_explanation_6a1db879da54dbca719304ac_1780431002506.json,6a1db879da54dbca719304ac_audio_ranking_explanation_1780431002506.webm,6a1db879da54dbca719304ac,audio_ranking_explanation,78.497,1263888
comp-result_27761/files/audio_missing_utopia_6a1e059be15d3ecab31583cc_1780430011569.json,6a1e059be15d3ecab31583cc_audio_missing_utopia_1780430011569.m4a,6a1e059be15d3ecab31583cc,audio_missing_utopia,31.935,757539
comp-result_27761/files/audio_ranking_explanation_6a1e059be15d3ecab31583cc_1780429961817.json,6a1e059be15d3ecab31583cc_audio_ranking_explanation_1780429961817.m4a,6a1e059be15d3ecab31583cc,audio_ranking_explanation,187.606,4446658
comp-result_27762/files/audio_missing_utopia_6a187b2c3dbf26183135f1b0_1780432736116.json,6a187b2c3dbf26183135f1b0_audio_missing_utopia_1780432736116.webm,6a187b2c3dbf26183135f1b0,audio_missing_utopia,53.847,866830
comp-result_27762/files/audio_ranking_explanation_6a187b2c3dbf26183135f1b0_1780432377591.json,6a187b2c3dbf26183135f1b0_audio_ranking_explanation_1780432377591.webm,6a187b2c3dbf26183135f1b0,audio_ranking_explanation,82.859,1333440
comp-result_27763/files/audio_missing_utopia_69ef36098cf562a8a5b1251f_1780431152690.json,69ef36098cf562a8a5b1251f_audio_missing_utopia_1780431152690.webm,69ef36098cf562a8a5b1251f,audio_missing_utopia,26.792,431132
comp-result_27763/files/audio_ranking_explanation_69ef36098cf562a8a5b1251f_1780431094952.json,69ef36098cf562a8a5b1251f_audio_ranking_explanation_1780431094952.webm,69ef36098cf562a8a5b1251f,audio_ranking_explanation,136.59,2199044
comp-result_27764/files/audio_missing_utopia_6a145aa365c08c04658ffeee_1780430664618.json,6a145aa365c08c04658ffeee_audio_missing_utopia_1780430664618.webm,6a145aa365c08c04658ffeee,audio_missing_utopia,56.824,914164
comp-result_27764/files/audio_ranking_explanation_6a145aa365c08c04658ffeee_1780430601129.json,6a145aa365c08c04658ffeee_audio_ranking_explanation_1780430601129.webm,6a145aa365c08c04658ffeee,audio_ranking_explanation,46.309,745114
comp-result_27765/files/audio_missing_utopia_69ed0c6734ee18b16b158c67_1780432802361.json,69ed0c6734ee18b16b158c67_audio_missing_utopia_1780432802361.webm,69ed0c6734ee18b16b158c67,audio_missing_utopia,129.688,2087954
comp-result_27765/files/audio_ranking_explanation_69ed0c6734ee18b16b158c67_1780432660625.json,69ed0c6734ee18b16b158c67_audio_ranking_explanation_1780432660625.webm,69ed0c6734ee18b16b158c67,audio_ranking_explanation,102.763,1654186
comp-result_27766/files/audio_missing_utopia_694eedb7740d679db46ab074_1780432650032.json,694eedb7740d679db46ab074_audio_missing_utopia_1780432650032.webm,694eedb7740d679db46ab074,audio_missing_utopia,11.11,302793
comp-result_27766/files/audio_ranking_explanation_694eedb7740d679db46ab074_1780432607312.json,694eedb7740d679db46ab074_audio_ranking_explanation_1780432607312.webm,694eedb7740d679db46ab074,audio_ranking_explanation,80.638,2195059
comp-result_27769/files/audio_missing_utopia_6a1069d8aa0ff8c561d3dc38_1780433962736.json,6a1069d8aa0ff8c561d3dc38_audio_missing_utopia_1780433962736.webm,6a1069d8aa0ff8c561d3dc38,audio_missing_utopia,18.858,303620
comp-result_27769/files/audio_ranking_explanation_6a1069d8aa0ff8c561d3dc38_1780433927433.json,6a1069d8aa0ff8c561d3dc38_audio_ranking_explanation_1780433927433.webm,6a1069d8aa0ff8c561d3dc38,audio_ranking_explanation,62.017,998238
comp-result_27770/files/audio_missing_utopia_6a123c523b041f4c3938a72b_1780434804783.json,6a123c523b041f4c3938a72b_audio_missing_utopia_1780434804783.webm,6a123c523b041f4c3938a72b,audio_missing_utopia,72.695,1170186
comp-result_27770/files/audio_ranking_explanation_6a123c523b041f4c3938a72b_1780434687699.json,6a123c523b041f4c3938a72b_audio_ranking_explanation_1780434687699.webm,6a123c523b041f4c3938a72b,audio_ranking_explanation,119.417,1922734
comp-result_27773/files/audio_missing_utopia_67006a23de43db9f90b363d2_1780434892674.json,67006a23de43db9f90b363d2_audio_missing_utopia_1780434892674.webm,67006a23de43db9f90b363d2,audio_missing_utopia,66.798,1075518
comp-result_27773/files/audio_ranking_explanation_67006a23de43db9f90b363d2_1780434807772.json,67006a23de43db9f90b363d2_audio_ranking_explanation_1780434807772.webm,67006a23de43db9f90b363d2,audio_ranking_explanation,113.678,1829998
comp-result_27776/files/audio_missing_utopia_66908eecc135ec77905c2810_1780436448979.json,66908eecc135ec77905c2810_audio_missing_utopia_1780436448979.webm,66908eecc135ec77905c2810,audio_missing_utopia,45.166,286319
comp-result_27776/files/audio_ranking_explanation_66908eecc135ec77905c2810_1780436384593.json,66908eecc135ec77905c2810_audio_ranking_explanation_1780436384593.webm,66908eecc135ec77905c2810,audio_ranking_explanation,61.401,396664
comp-result_27777/files/audio_missing_utopia_69e91f33f049227e93ed364b_1780435875522.json,69e91f33f049227e93ed364b_audio_missing_utopia_1780435875522.webm,69e91f33f049227e93ed364b,audio_missing_utopia,55.98,900640
comp-result_27777/files/audio_ranking_explanation_69e91f33f049227e93ed364b_1780435811591.json,69e91f33f049227e93ed364b_audio_ranking_explanation_1780435811591.webm,69e91f33f049227e93ed364b,audio_ranking_explanation,114.991,1851250
comp-result_27778/files/audio_missing_utopia_6994c4a0a6dfd8f22f07a03e_1780437546750.json,6994c4a0a6dfd8f22f07a03e_audio_missing_utopia_1780437546750.webm,6994c4a0a6dfd8f22f07a03e,audio_missing_utopia,23.014,370274
comp-result_27778/files/audio_ranking_explanation_6994c4a0a6dfd8f22f07a03e_1780437507306.json,6994c4a0a6dfd8f22f07a03e_audio_ranking_explanation_1780437507306.webm,6994c4a0a6dfd8f22f07a03e,audio_ranking_explanation,44.146,710338
comp-result_27780/files/audio_missing_utopia_69e9e4b0403f283ee70a50ec_1780436323239.json,69e9e4b0403f283ee70a50ec_audio_missing_utopia_1780436323239.webm,69e9e4b0403f283ee70a50ec,audio_missing_utopia,24.952,401186
comp-result_27780/files/audio_ranking_explanation_69e9e4b0403f283ee70a50ec_1780436282577.json,69e9e4b0403f283ee70a50ec_audio_ranking_explanation_1780436282577.webm,69e9e4b0403f283ee70a50ec,audio_ranking_explanation,72.856,1173084
comp-result_27781/files/audio_missing_utopia_671d553e0d035028da7d29a1_1780438749293.json,671d553e0d035028da7d29a1_audio_missing_utopia_1780438749293.webm,671d553e0d035028da7d29a1,audio_missing_utopia,52.01,836884
comp-result_27781/files/audio_ranking_explanation_671d553e0d035028da7d29a1_1780438638779.json,671d553e0d035028da7d29a1_audio_ranking_explanation_1780438638779.webm,671d553e0d035028da7d29a1,audio_ranking_explanation,148.754,2393210
comp-result_27782/files/audio_missing_utopia_6a0e33404f04beba45d473e5_1780437966170.json,6a0e33404f04beba45d473e5_audio_missing_utopia_1780437966170.webm,6a0e33404f04beba45d473e5,audio_missing_utopia,5.506,91545
comp-result_27782/files/audio_ranking_explanation_6a0e33404f04beba45d473e5_1780437946843.json,6a0e33404f04beba45d473e5_audio_ranking_explanation_1780437946843.webm,6a0e33404f04beba45d473e5,audio_ranking_explanation,16.053,265841
comp-result_27783/files/audio_missing_utopia_69f97c65d0bbaa97a2a0eee9_1780439676092.json,69f97c65d0bbaa97a2a0eee9_audio_missing_utopia_1780439676092.webm,69f97c65d0bbaa97a2a0eee9,audio_missing_utopia,34.208,550948
comp-result_27783/files/audio_ranking_explanation_69f97c65d0bbaa97a2a0eee9_1780439625864.json,69f97c65d0bbaa97a2a0eee9_audio_ranking_explanation_1780439625864.webm,69f97c65d0bbaa97a2a0eee9,audio_ranking_explanation,37.308,600214
comp-result_27784/files/audio_missing_utopia_69fb85c62b92db7fae0e42a2_1780439188505.json,69fb85c62b92db7fae0e42a2_audio_missing_utopia_1780439188505.webm,69fb85c62b92db7fae0e42a2,audio_missing_utopia,14.864,238898
comp-result_27784/files/audio_ranking_explanation_69fb85c62b92db7fae0e42a2_1780439164282.json,69fb85c62b92db7fae0e42a2_audio_ranking_explanation_1780439164282.webm,69fb85c62b92db7fae0e42a2,audio_ranking_explanation,64.077,1031082
comp-result_27785/files/audio_missing_utopia_6a1a833bccaec91552e625e0_1780439588141.json,6a1a833bccaec91552e625e0_audio_missing_utopia_1780439588141.m4a,6a1a833bccaec91552e625e0,audio_missing_utopia,28.21,666562
comp-result_27785/files/audio_ranking_explanation_6a1a833bccaec91552e625e0_1780439545426.json,6a1a833bccaec91552e625e0_audio_ranking_explanation_1780439545426.m4a,6a1a833bccaec91552e625e0,audio_ranking_explanation,32.391,769951
comp-result_27786/files/audio_missing_utopia_69c5d1997571942e781bc34d_1780440462864.json,69c5d1997571942e781bc34d_audio_missing_utopia_1780440462864.webm,69c5d1997571942e781bc34d,audio_missing_utopia,53.945,868762
comp-result_27786/files/audio_ranking_explanation_69c5d1997571942e781bc34d_1780440371384.json,69c5d1997571942e781bc34d_audio_ranking_explanation_1780440371384.webm,69c5d1997571942e781bc34d,audio_ranking_explanation,139.671,2248310
comp-result_27787/files/audio_missing_utopia_6400db77211380d3116572fc_1780441662829.json,6400db77211380d3116572fc_audio_missing_utopia_1780441662829.webm,6400db77211380d3116572fc,audio_missing_utopia,124.47,2003912
comp-result_27787/files/audio_ranking_explanation_6400db77211380d3116572fc_1780441496310.json,6400db77211380d3116572fc_audio_ranking_explanation_1780441496310.webm,6400db77211380d3116572fc,audio_ranking_explanation,323.859,5213169
comp-result_27788/files/audio_missing_utopia_69fe12a3cbb83e4d288a6082_1780441855063.json,69fe12a3cbb83e4d288a6082_audio_missing_utopia_1780441855063.webm,69fe12a3cbb83e4d288a6082,audio_missing_utopia,104.439,1725458
comp-result_27788/files/audio_ranking_explanation_69fe12a3cbb83e4d288a6082_1780441724095.json,69fe12a3cbb83e4d288a6082_audio_ranking_explanation_1780441724095.webm,69fe12a3cbb83e4d288a6082,audio_ranking_explanation,168.497,2783434
comp-result_27789/files/audio_missing_utopia_67ad361485e9e78975aa08bb_1780443161421.json,67ad361485e9e78975aa08bb_audio_missing_utopia_1780443161421.webm,67ad361485e9e78975aa08bb,audio_missing_utopia,28.483,458180
comp-result_27789/files/audio_ranking_explanation_67ad361485e9e78975aa08bb_1780443120166.json,67ad361485e9e78975aa08bb_audio_ranking_explanation_1780443120166.webm,67ad361485e9e78975aa08bb,audio_ranking_explanation,42.32,680392
comp-result_27792/files/audio_missing_utopia_6a04738e80818a63446d3854_1780443572371.json,6a04738e80818a63446d3854_audio_missing_utopia_1780443572371.webm,6a04738e80818a63446d3854,audio_missing_utopia,40.72,655276
comp-result_27792/files/audio_ranking_explanation_6a04738e80818a63446d3854_1780443513698.json,6a04738e80818a63446d3854_audio_ranking_explanation_1780443513698.webm,6a04738e80818a63446d3854,audio_ranking_explanation,60.034,966328
comp-result_27793/files/audio_missing_utopia_6a0ba8cf0028e2dbd9543d01_1780444134654.json,6a0ba8cf0028e2dbd9543d01_audio_missing_utopia_1780444134654.m4a,6a0ba8cf0028e2dbd9543d01,audio_missing_utopia,36.155,857361
comp-result_27793/files/audio_ranking_explanation_6a0ba8cf0028e2dbd9543d01_1780444073845.json,6a0ba8cf0028e2dbd9543d01_audio_ranking_explanation_1780444073845.m4a,6a0ba8cf0028e2dbd9543d01,audio_ranking_explanation,121.651,2880441
comp-result_27794/files/audio_missing_utopia_6a0225434a6fa72955c8b5cb_1780444710915.json,6a0225434a6fa72955c8b5cb_audio_missing_utopia_1780444710915.webm,6a0225434a6fa72955c8b5cb,audio_missing_utopia,31.267,502648
comp-result_27794/files/audio_ranking_explanation_6a0225434a6fa72955c8b5cb_1780444256222.json,6a0225434a6fa72955c8b5cb_audio_ranking_explanation_1780444256222.webm,6a0225434a6fa72955c8b5cb,audio_ranking_explanation,80.104,1289004
comp-result_27795/files/audio_missing_utopia_6a1f54c907df6d6555a168a7_1780444339941.json,6a1f54c907df6d6555a168a7_audio_missing_utopia_1780444339941.webm,6a1f54c907df6d6555a168a7,audio_missing_utopia,27.417,440792
comp-result_27795/files/audio_ranking_explanation_6a1f54c907df6d6555a168a7_1780444295499.json,6a1f54c907df6d6555a168a7_audio_ranking_explanation_1780444295499.webm,6a1f54c907df6d6555a168a7,audio_ranking_explanation,65.012,1046538
comp-result_27796/files/audio_missing_utopia_6a14434573bcee3f17b7f762_1780445086293.json,6a14434573bcee3f17b7f762_audio_missing_utopia_1780445086293.webm,6a14434573bcee3f17b7f762,audio_missing_utopia,62.484,1663173
comp-result_27796/files/audio_ranking_explanation_6a14434573bcee3f17b7f762_1780444963008.json,6a14434573bcee3f17b7f762_audio_ranking_explanation_1780444963008.webm,6a14434573bcee3f17b7f762,audio_ranking_explanation,167.918,4537343
comp-result_27797/files/audio_missing_utopia_6a0aa663dacd2ed0bd2e9417_1780444821327.json,6a0aa663dacd2ed0bd2e9417_audio_missing_utopia_1780444821327.webm,6a0aa663dacd2ed0bd2e9417,audio_missing_utopia,64.954,1045572
comp-result_27797/files/audio_ranking_explanation_6a0aa663dacd2ed0bd2e9417_1780444698947.json,6a0aa663dacd2ed0bd2e9417_audio_ranking_explanation_1780444698947.webm,6a0aa663dacd2ed0bd2e9417,audio_ranking_explanation,134.071,2158472
comp-result_27798/files/audio_missing_utopia_69f636b26cb93c1c2da8b5e8_1780447649387.json,69f636b26cb93c1c2da8b5e8_audio_missing_utopia_1780447649387.webm,69f636b26cb93c1c2da8b5e8,audio_missing_utopia,35.987,578962
comp-result_27798/files/audio_ranking_explanation_69f636b26cb93c1c2da8b5e8_1780447412047.json,69f636b26cb93c1c2da8b5e8_audio_ranking_explanation_1780447412047.webm,69f636b26cb93c1c2da8b5e8,audio_ranking_explanation,3.626,58256
comp-result_27799/files/audio_missing_utopia_696a8631d83007aa07ed3744_1780447003525.json,696a8631d83007aa07ed3744_audio_missing_utopia_1780447003525.webm,696a8631d83007aa07ed3744,audio_missing_utopia,24.154,388628
comp-result_27799/files/audio_ranking_explanation_696a8631d83007aa07ed3744_1780446943005.json,696a8631d83007aa07ed3744_audio_ranking_explanation_1780446943005.webm,696a8631d83007aa07ed3744,audio_ranking_explanation,69.346,1116090
comp-result_27800/files/audio_missing_utopia_6a0e8d08d2555ad9bd898834_1780153011425.json,6a0e8d08d2555ad9bd898834_audio_missing_utopia_1780153011425.webm,6a0e8d08d2555ad9bd898834,audio_missing_utopia,13.683,219578
comp-result_27800/files/audio_ranking_explanation_6a0e8d08d2555ad9bd898834_1780152969260.json,6a0e8d08d2555ad9bd898834_audio_ranking_explanation_1780152969260.webm,6a0e8d08d2555ad9bd898834,audio_ranking_explanation,18.662,299756
comp-result_27802/files/audio_missing_utopia_69b7603c614bdbf78dd9517d_1780450084981.json,69b7603c614bdbf78dd9517d_audio_missing_utopia_1780450084981.webm,69b7603c614bdbf78dd9517d,audio_missing_utopia,29.716,478466
comp-result_27802/files/audio_ranking_explanation_69b7603c614bdbf78dd9517d_1780450036510.json,69b7603c614bdbf78dd9517d_audio_ranking_explanation_1780450036510.webm,69b7603c614bdbf78dd9517d,audio_ranking_explanation,91.69,1475476
comp-result_27803/files/audio_missing_utopia_69cec7f5dd3995a6f516889e_1780449616975.json,69cec7f5dd3995a6f516889e_audio_missing_utopia_1780449616975.webm,69cec7f5dd3995a6f516889e,audio_missing_utopia,60.486,973122
comp-result_27803/files/audio_ranking_explanation_69cec7f5dd3995a6f516889e_1780449535951.json,69cec7f5dd3995a6f516889e_audio_ranking_explanation_1780449535951.webm,69cec7f5dd3995a6f516889e,audio_ranking_explanation,186.097,2996062
comp-result_27804/files/audio_missing_utopia_69c76cae3dd59b0360b7963b_1780451131366.json,69c76cae3dd59b0360b7963b_audio_missing_utopia_1780451131366.webm,69c76cae3dd59b0360b7963b,audio_missing_utopia,35.951,577994
comp-result_27804/files/audio_ranking_explanation_69c76cae3dd59b0360b7963b_1780451081012.json,69c76cae3dd59b0360b7963b_audio_ranking_explanation_1780451081012.webm,69c76cae3dd59b0360b7963b,audio_ranking_explanation,187.329,3016346
comp-result_27807/files/audio_missing_utopia_6727e176e5f011b020a6a2db_1780453156025.json,6727e176e5f011b020a6a2db_audio_missing_utopia_1780453156025.webm,6727e176e5f011b020a6a2db,audio_missing_utopia,12.756,205088
comp-result_27807/files/audio_ranking_explanation_6727e176e5f011b020a6a2db_1780453134310.json,6727e176e5f011b020a6a2db_audio_ranking_explanation_1780453134310.webm,6727e176e5f011b020a6a2db,audio_ranking_explanation,27.568,443690
comp-result_27808/files/audio_missing_utopia_698eb6b5e44d9777c0534149_1780454074741.json,698eb6b5e44d9777c0534149_audio_missing_utopia_1780454074741.webm,698eb6b5e44d9777c0534149,audio_missing_utopia,21.809,350954
comp-result_27808/files/audio_ranking_explanation_698eb6b5e44d9777c0534149_1780454036987.json,698eb6b5e44d9777c0534149_audio_ranking_explanation_1780454036987.webm,698eb6b5e44d9777c0534149,audio_ranking_explanation,46.159,743182
comp-result_27810/files/audio_missing_utopia_5c84ed7d4b0de20019350e1e_1780454884055.json,5c84ed7d4b0de20019350e1e_audio_missing_utopia_1780454884055.webm,5c84ed7d4b0de20019350e1e,audio_missing_utopia,39.631,637888
comp-result_27810/files/audio_ranking_explanation_5c84ed7d4b0de20019350e1e_1780454834907.json,5c84ed7d4b0de20019350e1e_audio_ranking_explanation_1780454834907.webm,5c84ed7d4b0de20019350e1e,audio_ranking_explanation,50.703,815632
comp-result_27811/files/audio_missing_utopia_69a3995c9cb670e922c6646c_1780456076373.json,69a3995c9cb670e922c6646c_audio_missing_utopia_1780456076373.webm,69a3995c9cb670e922c6646c,audio_missing_utopia,30.34,488158
comp-result_27811/files/audio_ranking_explanation_69a3995c9cb670e922c6646c_1780456038937.json,69a3995c9cb670e922c6646c_audio_ranking_explanation_1780456038937.webm,69a3995c9cb670e922c6646c,audio_ranking_explanation,31.828,512308
comp-result_27813/files/audio_missing_utopia_6a0b156642edf5bdaa85593c_1780463139475.json,6a0b156642edf5bdaa85593c_audio_missing_utopia_1780463139475.webm,6a0b156642edf5bdaa85593c,audio_missing_utopia,42.749,688120
comp-result_27813/files/audio_ranking_explanation_6a0b156642edf5bdaa85593c_1780463072264.json,6a0b156642edf5bdaa85593c_audio_ranking_explanation_1780463072264.webm,6a0b156642edf5bdaa85593c,audio_ranking_explanation,98.263,1581736
comp-result_27818/files/audio_missing_utopia_unknown_1780465814519.json,unknown_audio_missing_utopia_1780465814519.webm,unknown,audio_missing_utopia,12.507,201224
comp-result_27818/files/audio_ranking_explanation_unknown_1780465738686.json,unknown_audio_ranking_explanation_1780465738686.webm,unknown,audio_ranking_explanation,73.275,1179846
comp-result_27820/files/audio_missing_utopia_69caa4d91032ecb7350b7df1_1780473104166.json,69caa4d91032ecb7350b7df1_audio_missing_utopia_1780473104166.webm,69caa4d91032ecb7350b7df1,audio_missing_utopia,46.898,754774
comp-result_27820/files/audio_ranking_explanation_69caa4d91032ecb7350b7df1_1780472974987.json,69caa4d91032ecb7350b7df1_audio_ranking_explanation_1780472974987.webm,69caa4d91032ecb7350b7df1,audio_ranking_explanation,102.24,1645492
comp-result_27821/files/audio_missing_utopia_6a058f04b3b6ce4728fbb3a3_1780479456655.json,6a058f04b3b6ce4728fbb3a3_audio_missing_utopia_1780479456655.webm,6a058f04b3b6ce4728fbb3a3,audio_missing_utopia,56.407,907402
comp-result_27826/files/audio_missing_utopia_69f5ffead896ece4c5fe58e2_1780486413460.json,69f5ffead896ece4c5fe58e2_audio_missing_utopia_1780486413460.webm,69f5ffead896ece4c5fe58e2,audio_missing_utopia,155.103,2496606
comp-result_27826/files/audio_ranking_explanation_69f5ffead896ece4c5fe58e2_1780486235289.json,69f5ffead896ece4c5fe58e2_audio_ranking_explanation_1780486235289.webm,69f5ffead896ece4c5fe58e2,audio_ranking_explanation,212.731,3425001
comp-result_27827/files/audio_missing_utopia_6a1ec1fad25db28c877281e4_1780486661166.json,6a1ec1fad25db28c877281e4_audio_missing_utopia_1780486661166.webm,6a1ec1fad25db28c877281e4,audio_missing_utopia,16.245,261116
comp-result_27827/files/audio_ranking_explanation_6a1ec1fad25db28c877281e4_1780486594609.json,6a1ec1fad25db28c877281e4_audio_ranking_explanation_1780486594609.webm,6a1ec1fad25db28c877281e4,audio_ranking_explanation,17.634,283334
comp-result_27828/files/audio_missing_utopia_69a775b189904fa2c43c4cf7_1780487505955.json,69a775b189904fa2c43c4cf7_audio_missing_utopia_1780487505955.webm,69a775b189904fa2c43c4cf7,audio_missing_utopia,67.32,1083246
comp-result_27828/files/audio_ranking_explanation_69a775b189904fa2c43c4cf7_1780487412697.json,69a775b189904fa2c43c4cf7_audio_ranking_explanation_1780487412697.webm,69a775b189904fa2c43c4cf7,audio_ranking_explanation,126.783,2041586
comp-result_27829/files/audio_missing_utopia_671d3d7670c13868fc01e5f6_1780488866924.json,671d3d7670c13868fc01e5f6_audio_missing_utopia_1780488866924.webm,671d3d7670c13868fc01e5f6,audio_missing_utopia,71.724,1154730
comp-result_27829/files/audio_ranking_explanation_671d3d7670c13868fc01e5f6_1780488776917.json,671d3d7670c13868fc01e5f6_audio_ranking_explanation_1780488776917.webm,671d3d7670c13868fc01e5f6,audio_ranking_explanation,88.475,1424244
comp-result_27832/files/audio_missing_utopia_670420d4f05d7af4f85651e4_1780493238459.json,670420d4f05d7af4f85651e4_audio_missing_utopia_1780493238459.webm,670420d4f05d7af4f85651e4,audio_missing_utopia,64.505,1038810
comp-result_27832/files/audio_ranking_explanation_670420d4f05d7af4f85651e4_1780493162725.json,670420d4f05d7af4f85651e4_audio_ranking_explanation_1780493162725.webm,670420d4f05d7af4f85651e4,audio_ranking_explanation,44.838,721930
comp-result_27833/files/audio_missing_utopia_6997be27e376b1f7355cb8bb_1780498737977.json,6997be27e376b1f7355cb8bb_audio_missing_utopia_1780498737977.webm,6997be27e376b1f7355cb8bb,audio_missing_utopia,22.338,359648
comp-result_27833/files/audio_ranking_explanation_6997be27e376b1f7355cb8bb_1780498555841.json,6997be27e376b1f7355cb8bb_audio_ranking_explanation_1780498555841.webm,6997be27e376b1f7355cb8bb,audio_ranking_explanation,123.773,1992320
comp-result_27834/files/audio_missing_utopia_69e12b3d97a65aaf13fe0ea3_1780503333950.json,69e12b3d97a65aaf13fe0ea3_audio_missing_utopia_1780503333950.webm,69e12b3d97a65aaf13fe0ea3,audio_missing_utopia,37.278,600214
comp-result_27834/files/audio_ranking_explanation_69e12b3d97a65aaf13fe0ea3_1780503252594.json,69e12b3d97a65aaf13fe0ea3_audio_ranking_explanation_1780503252594.webm,69e12b3d97a65aaf13fe0ea3,audio_ranking_explanation,61.325,986646
comp-result_27836/files/audio_missing_utopia_675b6faf10ae4b79d1d6455e_1780505030492.json,675b6faf10ae4b79d1d6455e_audio_missing_utopia_1780505030492.webm,675b6faf10ae4b79d1d6455e,audio_missing_utopia,29.209,469772
comp-result_27836/files/audio_ranking_explanation_675b6faf10ae4b79d1d6455e_1780504984223.json,675b6faf10ae4b79d1d6455e_audio_ranking_explanation_1780504984223.webm,675b6faf10ae4b79d1d6455e,audio_ranking_explanation,151.789,2439698
comp-result_27839/files/audio_missing_utopia_6978c19595331238482129c4_1780507182945.json,6978c19595331238482129c4_audio_missing_utopia_1780507182945.webm,6978c19595331238482129c4,audio_missing_utopia,10.421,298953
comp-result_27839/files/audio_ranking_explanation_6978c19595331238482129c4_1780507147291.json,6978c19595331238482129c4_audio_ranking_explanation_1780507147291.webm,6978c19595331238482129c4,audio_ranking_explanation,46.398,1314225
comp-result_27842/files/audio_missing_utopia_6a202d4defe12049536d8206_1780514147802.json,6a202d4defe12049536d8206_audio_missing_utopia_1780514147802.webm,6a202d4defe12049536d8206,audio_missing_utopia,72.556,1168254
comp-result_27842/files/audio_ranking_explanation_6a202d4defe12049536d8206_1780514045385.json,6a202d4defe12049536d8206_audio_ranking_explanation_1780514045385.webm,6a202d4defe12049536d8206,audio_ranking_explanation,159.307,2565192
comp-result_27843/files/audio_missing_utopia_6a1c6e4718629102f9535935_1780517105986.json,6a1c6e4718629102f9535935_audio_missing_utopia_1780517105986.webm,6a1c6e4718629102f9535935,audio_missing_utopia,47.209,759604
comp-result_27843/files/audio_ranking_explanation_6a1c6e4718629102f9535935_1780516980144.json,6a1c6e4718629102f9535935_audio_ranking_explanation_1780516980144.webm,6a1c6e4718629102f9535935,audio_ranking_explanation,54.259,873592
comp-result_27845/files/audio_missing_utopia_69d6a13d0c2c7773c90c35ea_1780519444294.json,69d6a13d0c2c7773c90c35ea_audio_missing_utopia_1780519444294.webm,69d6a13d0c2c7773c90c35ea,audio_missing_utopia,16.304,245591
comp-result_27845/files/audio_ranking_explanation_69d6a13d0c2c7773c90c35ea_1780519392748.json,69d6a13d0c2c7773c90c35ea_audio_ranking_explanation_1780519392748.webm,69d6a13d0c2c7773c90c35ea,audio_ranking_explanation,39.26,592126
comp-result_27846/files/audio_missing_utopia_69adf2cdaf8da92b2d67c99a_1780520158036.json,69adf2cdaf8da92b2d67c99a_audio_missing_utopia_1780520158036.webm,69adf2cdaf8da92b2d67c99a,audio_missing_utopia,43.584,671178
comp-result_27846/files/audio_ranking_explanation_69adf2cdaf8da92b2d67c99a_1780520090293.json,69adf2cdaf8da92b2d67c99a_audio_ranking_explanation_1780520090293.webm,69adf2cdaf8da92b2d67c99a,audio_ranking_explanation,71.607,1108058
comp-result_27847/files/audio_missing_utopia_5eeebe538b23c013d8843b85_1780523652246.json,5eeebe538b23c013d8843b85_audio_missing_utopia_1780523652246.webm,5eeebe538b23c013d8843b85,audio_missing_utopia,117.619,1893754
comp-result_27847/files/audio_ranking_explanation_5eeebe538b23c013d8843b85_1780523315956.json,5eeebe538b23c013d8843b85_audio_ranking_explanation_1780523315956.webm,5eeebe538b23c013d8843b85,audio_ranking_explanation,203.936,3282964
comp-result_27848/files/audio_missing_utopia_69f7d0570e04b2ae2c3e7e26_1780523260426.json,69f7d0570e04b2ae2c3e7e26_audio_missing_utopia_1780523260426.webm,69f7d0570e04b2ae2c3e7e26,audio_missing_utopia,33.71,542254
comp-result_27848/files/audio_ranking_explanation_69f7d0570e04b2ae2c3e7e26_1780523216591.json,69f7d0570e04b2ae2c3e7e26_audio_ranking_explanation_1780523216591.webm,69f7d0570e04b2ae2c3e7e26,audio_ranking_explanation,115.392,1858012
comp-result_27850/files/audio_missing_utopia_6a1b3fe279a44a28205a2ad1_1780529099692.json,6a1b3fe279a44a28205a2ad1_audio_missing_utopia_1780529099692.webm,6a1b3fe279a44a28205a2ad1,audio_missing_utopia,28.641,461078
comp-result_27850/files/audio_ranking_explanation_6a1b3fe279a44a28205a2ad1_1780528974790.json,6a1b3fe279a44a28205a2ad1_audio_ranking_explanation_1780528974790.webm,6a1b3fe279a44a28205a2ad1,audio_ranking_explanation,79.777,1284174
